family,model,parameters,training_videos,training_flops_per_video,training_pf_days,mse,action_following,sticker_accuracy,frame_accuracy,key,display_model,episodes,mean_frame,mean_frame_paired_bootstrap_p025,mean_frame_paired_bootstrap_p975,final_action,final_action_paired_bootstrap_p025,final_action_paired_bootstrap_p975,final_action_successes,final_action_exact_binomial_p025,final_action_exact_binomial_p975,full_trajectory,full_trajectory_paired_bootstrap_p025,full_trajectory_paired_bootstrap_p975,full_trajectory_successes,full_trajectory_exact_binomial_p025,full_trajectory_exact_binomial_p975,mean_minus_full,mean_minus_full_p025,mean_minus_full_p975
ar,XS,19698448,32768,1162337845248,0.00044082739019776,2.6109793364070355,0.04,0.1821296296296296,0.0,ar:XS:32768,20M,100,0.0,0.0,0.0,0.0,0.0,0.0,0,0.0,0.03621669264517641,0.0,0.0,0.0,0,0.0,0.03621669264517641,0.0,0.0,0.0
ar,XS,19698448,65536,1162337845248,0.00088165478039552,1.9304418278159574,0.05555555555555555,0.18203703703703705,0.0,ar:XS:65536,20M,100,0.0,0.0,0.0,0.0,0.0,0.0,0,0.0,0.03621669264517641,0.0,0.0,0.0,0,0.0,0.03621669264517641,0.0,0.0,0.0
ar,XS,19698448,131072,1162337845248,0.00176330956079104,2.608891626249533,0.04111111111111111,0.1821296296296296,0.0,ar:XS:131072,20M,100,0.0,0.0,0.0,0.0,0.0,0.0,0,0.0,0.03621669264517641,0.0,0.0,0.0,0,0.0,0.03621669264517641,0.0,0.0,0.0
ar,XS,19698448,262144,1162337845248,0.00352661912158208,0.9273023057583487,0.06111111111111111,0.2262962962962965,0.0,ar:XS:262144,20M,100,0.0,0.0,0.0,0.0,0.0,0.0,0,0.0,0.03621669264517641,0.0,0.0,0.0,0,0.0,0.03621669264517641,0.0,0.0,0.0
ar,XS,19698448,524288,1162337845248,0.00705323824316416,0.04206522106596822,0.22333333333333333,0.25314814814814784,0.01888888888888889,ar:XS:524288,20M,100,0.018888888888888893,0.01,0.02888888888888889,0.0,0.0,0.0,0,0.0,0.03621669264517641,0.0,0.0,0.0,0,0.0,0.03621669264517641,0.018888888888888893,0.01,0.02888888888888889
ar,XS,19698448,786432,1162337845248,0.01057985736474624,0.012568412554082897,0.7922222222222223,0.569074074074074,0.1711111111111111,ar:XS:786432,20M,100,0.17111111111111085,0.15666666666666654,0.18555555555555545,0.0,0.0,0.0,0,0.0,0.03621669264517641,0.0,0.0,0.0,0,0.0,0.03621669264517641,0.17111111111111085,0.15666666666666654,0.18555555555555545
ar,XS,19698448,1000000,1162337845248,0.01345298432,0.00744871586446152,0.88,0.6484259259259256,0.19,ar:XS:1000000,20M,100,0.18999999999999972,0.17555555555555546,0.20444444444444423,0.0,0.0,0.0,0,0.0,0.03621669264517641,0.0,0.0,0.0,0,0.0,0.03621669264517641,0.18999999999999972,0.17555555555555546,0.20444444444444423
ar,XS,19698448,1500000,1162337845248,0.02017947648,0.01018376549061486,0.8433333333333334,0.6962037037037033,0.24888888888888888,ar:XS:1500000,20M,100,0.24888888888888847,0.23222222222222205,0.2644722222222222,0.0,0.0,0.0,0,0.0,0.03621669264517641,0.0,0.0,0.0,0,0.0,0.03621669264517641,0.24888888888888847,0.23222222222222205,0.2644722222222222
ar,XS,19698448,2000000,1162337845248,0.02690596864,0.004527836426029807,0.8911111111111111,0.7154629629629625,0.2722222222222222,ar:XS:2000000,20M,100,0.2722222222222218,0.25666666666666643,0.2888888888888887,0.0,0.0,0.0,0,0.0,0.03621669264517641,0.0,0.0,0.0,0,0.0,0.03621669264517641,0.2722222222222218,0.25666666666666643,0.2888888888888887
ar,XS,19698448,2500000,1162337845248,0.0336324608,0.0034198544939442856,0.8822222222222222,0.7252777777777777,0.29555555555555557,ar:XS:2500000,20M,100,0.2955555555555551,0.2777777777777776,0.31444444444444436,0.0,0.0,0.0,0,0.0,0.03621669264517641,0.0,0.0,0.0,0,0.0,0.03621669264517641,0.2955555555555551,0.2777777777777776,0.31444444444444436
ar,XS,19698448,3000000,1162337845248,0.04035895296,0.0033034103067194564,0.8966666666666666,0.7392592592592583,0.3111111111111111,ar:XS:3000000,20M,100,0.31111111111111067,0.2922222222222222,0.33,0.0,0.0,0.0,0,0.0,0.03621669264517641,0.0,0.0,0.0,0,0.0,0.03621669264517641,0.31111111111111067,0.2922222222222222,0.33
ar,XS,19698448,3400000,1162337845248,0.045740146688,0.003915887459146461,0.8911111111111111,0.7487962962962962,0.31777777777777777,ar:XS:3400000,20M,100,0.31777777777777727,0.2988888888888888,0.33777777777777784,0.0,0.0,0.0,0,0.0,0.03621669264517641,0.0,0.0,0.0,0,0.0,0.03621669264517641,0.31777777777777727,0.2988888888888888,0.33777777777777784
ar,XS,19698448,4000000,1162337845248,0.05381193728,0.006306962214193845,0.8855555555555555,0.7672222222222222,0.3288888888888889,ar:XS:4000000,20M,100,0.32888888888888834,0.31111111111111095,0.3477777777777776,0.0,0.0,0.0,0,0.0,0.03621669264517641,0.0,0.0,0.0,0,0.0,0.03621669264517641,0.32888888888888834,0.31111111111111095,0.3477777777777776
ar,XS,19698448,4400000,1162337845248,0.059193131008,0.002966922634607272,0.8877777777777778,0.7555555555555553,0.33444444444444443,ar:XS:4400000,20M,100,0.33444444444444393,0.31666666666666643,0.3533333333333333,0.01,0.0,0.03,1,0.00025314603297742064,0.054459385392080645,0.0,0.0,0.0,0,0.0,0.03621669264517641,0.33444444444444393,0.31666666666666643,0.3533333333333333
ar,XS,19698448,5000000,1162337845248,0.0672649216,0.0028941970989421863,0.8866666666666667,0.7672222222222221,0.3388888888888889,ar:XS:5000000,20M,100,0.3388888888888884,0.321111111111111,0.3566666666666666,0.0,0.0,0.0,0,0.0,0.03621669264517641,0.0,0.0,0.0,0,0.0,0.03621669264517641,0.3388888888888884,0.321111111111111,0.3566666666666666
ar,XS,19698448,5400000,1162337845248,0.072646115328,0.0028782076785944357,0.8966666666666666,0.7733333333333331,0.3511111111111111,ar:XS:5400000,20M,100,0.35111111111111065,0.3333333333333333,0.3688888888888888,0.0,0.0,0.0,0,0.0,0.03621669264517641,0.0,0.0,0.0,0,0.0,0.03621669264517641,0.35111111111111065,0.3333333333333333,0.3688888888888888
ar,XS,19698448,6000000,1162337845248,0.08071790592,0.002789702863213961,0.8888888888888888,0.7812037037037037,0.36666666666666664,ar:XS:6000000,20M,100,0.36666666666666636,0.34777777777777763,0.3866666666666665,0.01,0.0,0.03,1,0.00025314603297742064,0.054459385392080645,0.0,0.0,0.0,0,0.0,0.03621669264517641,0.36666666666666636,0.34777777777777763,0.3866666666666665
ar,XS,19698448,6400000,1162337845248,0.086099099648,0.0027590469570213825,0.8855555555555555,0.7866666666666668,0.36666666666666664,ar:XS:6400000,20M,100,0.36666666666666636,0.3488888888888889,0.3844444444444444,0.0,0.0,0.0,0,0.0,0.03621669264517641,0.0,0.0,0.0,0,0.0,0.03621669264517641,0.36666666666666636,0.3488888888888889,0.3844444444444444
ar,XS,19698448,7000000,1162337845248,0.09417089024,0.0027083823489022054,0.8922222222222222,0.7907407407407409,0.37777777777777777,ar:XS:7000000,20M,100,0.3777777777777775,0.3588888888888888,0.39666666666666656,0.0,0.0,0.0,0,0.0,0.03621669264517641,0.0,0.0,0.0,0,0.0,0.03621669264517641,0.3777777777777775,0.3588888888888888,0.39666666666666656
ar,XS,19698448,7400000,1162337845248,0.099552083968,0.0026787101426862135,0.8966666666666666,0.7900000000000003,0.38666666666666666,ar:XS:7400000,20M,100,0.38666666666666655,0.36777777777777765,0.40666666666666645,0.0,0.0,0.0,0,0.0,0.03621669264517641,0.0,0.0,0.0,0,0.0,0.03621669264517641,0.38666666666666655,0.36777777777777765,0.40666666666666645
ar,XS,19698448,8000000,1162337845248,0.10762387456,0.0026631589448243174,0.8844444444444445,0.7962037037037043,0.39444444444444443,ar:XS:8000000,20M,100,0.3944444444444442,0.3733333333333333,0.4144444444444444,0.0,0.0,0.0,0,0.0,0.03621669264517641,0.0,0.0,0.0,0,0.0,0.03621669264517641,0.3944444444444442,0.3733333333333333,0.4144444444444444
ar,S,33449488,32768,1845315010560,0.0006998528040049778,2.3639238342177125,0.057777777777777775,0.1821296296296296,0.0,ar:S:32768,30M,100,0.0,0.0,0.0,0.0,0.0,0.0,0,0.0,0.03621669264517641,0.0,0.0,0.0,0,0.0,0.03621669264517641,0.0,0.0,0.0
ar,S,33449488,65536,1845315010560,0.0013997056080099555,1.9023374523967505,0.04555555555555556,0.1821296296296296,0.0,ar:S:65536,30M,100,0.0,0.0,0.0,0.0,0.0,0.0,0,0.0,0.03621669264517641,0.0,0.0,0.0,0,0.0,0.03621669264517641,0.0,0.0,0.0
ar,S,33449488,131072,1845315010560,0.002799411216019911,2.6757307343767023,0.043333333333333335,0.1821296296296296,0.0,ar:S:131072,30M,100,0.0,0.0,0.0,0.0,0.0,0.0,0,0.0,0.03621669264517641,0.0,0.0,0.0,0,0.0,0.03621669264517641,0.0,0.0,0.0
ar,S,33449488,262144,1845315010560,0.005598822432039822,0.5004738937350339,0.04888888888888889,0.21935185185185171,0.0,ar:S:262144,30M,100,0.0,0.0,0.0,0.0,0.0,0.0,0,0.0,0.03621669264517641,0.0,0.0,0.0,0,0.0,0.03621669264517641,0.0,0.0,0.0
ar,S,33449488,524288,1845315010560,0.011197644864079644,0.02811169368924311,0.4388888888888889,0.3368518518518518,0.08777777777777777,ar:S:524288,30M,100,0.08777777777777772,0.07111111111111108,0.1055555555555555,0.0,0.0,0.0,0,0.0,0.03621669264517641,0.0,0.0,0.0,0,0.0,0.03621669264517641,0.08777777777777772,0.07111111111111108,0.1055555555555555
ar,S,33449488,786432,1845315010560,0.016796467296119468,0.011889827486993455,0.8133333333333334,0.693888888888888,0.23444444444444446,ar:S:786432,30M,100,0.23444444444444404,0.21777777777777751,0.25222222222222196,0.0,0.0,0.0,0,0.0,0.03621669264517641,0.0,0.0,0.0,0,0.0,0.03621669264517641,0.23444444444444404,0.21777777777777751,0.25222222222222196
ar,S,33449488,1000000,1845315010560,0.021357812622222222,0.010576883021576578,0.8522222222222222,0.7257407407407409,0.2811111111111111,ar:S:1000000,30M,100,0.2811111111111107,0.26333333333333314,0.2999999999999998,0.0,0.0,0.0,0,0.0,0.03621669264517641,0.0,0.0,0.0,0,0.0,0.03621669264517641,0.2811111111111107,0.26333333333333314,0.2999999999999998
ar,S,33449488,1500000,1845315010560,0.03203671893333333,0.004065724962885042,0.8833333333333333,0.7522222222222218,0.32,ar:S:1500000,30M,100,0.31999999999999956,0.2999999999999997,0.34222222222222204,0.0,0.0,0.0,0,0.0,0.03621669264517641,0.0,0.0,0.0,0,0.0,0.03621669264517641,0.31999999999999956,0.2999999999999997,0.34222222222222204
ar,S,33449488,2000000,1845315010560,0.042715625244444444,0.0023854821699728747,0.8955555555555555,0.762962962962963,0.33666666666666667,ar:S:2000000,30M,100,0.3366666666666663,0.31666666666666654,0.3577777777777777,0.0,0.0,0.0,0,0.0,0.03621669264517641,0.0,0.0,0.0,0,0.0,0.03621669264517641,0.3366666666666663,0.31666666666666654,0.3577777777777777
ar,S,33449488,2500000,1845315010560,0.053394531555555555,0.0022469356258710605,0.9022222222222223,0.7730555555555562,0.3622222222222222,ar:S:2500000,30M,100,0.36222222222222195,0.3410833333333331,0.38444444444444437,0.0,0.0,0.0,0,0.0,0.03621669264517641,0.0,0.0,0.0,0,0.0,0.03621669264517641,0.36222222222222195,0.3410833333333331,0.38444444444444437
ar,S,33449488,3000000,1845315010560,0.06407343786666667,0.002088509623692403,0.8988888888888888,0.7832407407407412,0.37555555555555553,ar:S:3000000,30M,100,0.3755555555555554,0.3555555555555554,0.39666666666666667,0.0,0.0,0.0,0,0.0,0.03621669264517641,0.0,0.0,0.0,0,0.0,0.03621669264517641,0.3755555555555554,0.3555555555555554,0.39666666666666667
ar,S,33449488,3400000,1845315010560,0.07261656291555556,0.0020359535337121314,0.9077777777777778,0.788796296296296,0.39,ar:S:3400000,30M,100,0.38999999999999985,0.37,0.4111111111111109,0.0,0.0,0.0,0,0.0,0.03621669264517641,0.0,0.0,0.0,0,0.0,0.03621669264517641,0.38999999999999985,0.37,0.4111111111111109
ar,S,33449488,4000000,1845315010560,0.08543125048888889,0.0019609913896687205,0.8966666666666666,0.8038888888888891,0.4,ar:S:4000000,30M,100,0.39999999999999986,0.37999999999999984,0.42002777777777794,0.0,0.0,0.0,0,0.0,0.03621669264517641,0.0,0.0,0.0,0,0.0,0.03621669264517641,0.39999999999999986,0.37999999999999984,0.42002777777777794
ar,S,33449488,4400000,1845315010560,0.09397437553777778,0.0019251851313612177,0.9,0.807592592592592,0.4166666666666667,ar:S:4400000,30M,100,0.41666666666666674,0.39555555555555544,0.43888888888888866,0.0,0.0,0.0,0,0.0,0.03621669264517641,0.0,0.0,0.0,0,0.0,0.03621669264517641,0.41666666666666674,0.39555555555555544,0.43888888888888866
ar,S,33449488,5000000,1845315010560,0.10678906311111111,0.0018794503102952831,0.9,0.8153703703703705,0.4222222222222222,ar:S:5000000,30M,100,0.42222222222222205,0.3999999999999998,0.44444444444444414,0.0,0.0,0.0,0,0.0,0.03621669264517641,0.0,0.0,0.0,0,0.0,0.03621669264517641,0.42222222222222205,0.3999999999999998,0.44444444444444414
ar,S,33449488,5400000,1845315010560,0.11533218816,0.0018904530626684846,0.9133333333333333,0.8175925925925921,0.43555555555555553,ar:S:5400000,30M,100,0.4355555555555556,0.41222222222222216,0.4588888888888885,0.0,0.0,0.0,0,0.0,0.03621669264517641,0.0,0.0,0.0,0,0.0,0.03621669264517641,0.4355555555555556,0.41222222222222216,0.4588888888888885
ar,S,33449488,6000000,1845315010560,0.12814687573333333,0.001817135487425503,0.9066666666666666,0.8210185185185176,0.43333333333333335,ar:S:6000000,30M,100,0.4333333333333333,0.4111111111111109,0.4555555555555555,0.0,0.0,0.0,0,0.0,0.03621669264517641,0.0,0.0,0.0,0,0.0,0.03621669264517641,0.4333333333333333,0.4111111111111109,0.4555555555555555
ar,S,33449488,6400000,1845315010560,0.1366900007822222,0.0021733972792901566,0.9022222222222223,0.8237037037037027,0.44222222222222224,ar:S:6400000,30M,100,0.4422222222222221,0.4177777777777777,0.46666666666666645,0.01,0.0,0.03,1,0.00025314603297742064,0.054459385392080645,0.0,0.0,0.0,0,0.0,0.03621669264517641,0.4422222222222221,0.4177777777777777,0.46666666666666645
ar,S,33449488,7000000,1845315010560,0.14950468835555555,0.0017708966624695676,0.9022222222222223,0.8244444444444443,0.44333333333333336,ar:S:7000000,30M,100,0.44333333333333336,0.41999999999999976,0.4677777777777775,0.0,0.0,0.0,0,0.0,0.03621669264517641,0.0,0.0,0.0,0,0.0,0.03621669264517641,0.44333333333333336,0.41999999999999976,0.4677777777777775
ar,S,33449488,7400000,1845315010560,0.15804781340444443,0.0017567000991562053,0.9022222222222223,0.8220370370370363,0.43777777777777777,ar:S:7400000,30M,100,0.43777777777777793,0.4144166666666663,0.4633333333333332,0.01,0.0,0.03,1,0.00025314603297742064,0.054459385392080645,0.01,0.0,0.03,1,0.00025314603297742064,0.054459385392080645,0.4277777777777779,0.4044444444444443,0.4522222222222221
ar,S,33449488,8000000,1845315010560,0.17086250097777778,0.0017342057298861846,0.9033333333333333,0.8289814814814811,0.44666666666666666,ar:S:8000000,30M,100,0.44666666666666666,0.42333333333333306,0.471111111111111,0.01,0.0,0.03,1,0.00025314603297742064,0.054459385392080645,0.01,0.0,0.03,1,0.00025314603297742064,0.054459385392080645,0.43666666666666665,0.41333333333333316,0.45999999999999985
ar,M,67814416,32768,3245467238400,0.0012308735007857778,2.486793178180233,0.03888888888888889,0.18175925925925926,0.0,ar:M:32768,70M,100,0.0,0.0,0.0,0.0,0.0,0.0,0,0.0,0.03621669264517641,0.0,0.0,0.0,0,0.0,0.03621669264517641,0.0,0.0,0.0
ar,M,67814416,65536,3245467238400,0.0024617470015715556,2.0227970442268997,0.04888888888888889,0.1819444444444444,0.0,ar:M:65536,70M,100,0.0,0.0,0.0,0.0,0.0,0.0,0,0.0,0.03621669264517641,0.0,0.0,0.0,0,0.0,0.03621669264517641,0.0,0.0,0.0
ar,M,67814416,131072,3245467238400,0.004923494003143111,2.1171167819644325,0.04555555555555556,0.1821296296296296,0.0,ar:M:131072,70M,100,0.0,0.0,0.0,0.0,0.0,0.0,0,0.0,0.03621669264517641,0.0,0.0,0.0,0,0.0,0.03621669264517641,0.0,0.0,0.0
ar,M,67814416,262144,3245467238400,0.009846988006286223,0.23982669456745498,0.07222222222222222,0.22916666666666652,0.0011111111111111111,ar:M:262144,70M,100,0.0011111111111111111,0.0,0.003333333333333333,0.0,0.0,0.0,0,0.0,0.03621669264517641,0.0,0.0,0.0,0,0.0,0.03621669264517641,0.0011111111111111111,0.0,0.003333333333333333
ar,M,67814416,524288,3245467238400,0.019693976012572445,0.03389743139523489,0.7811111111111111,0.7030555555555561,0.2577777777777778,ar:M:524288,70M,100,0.2577777777777774,0.24222222222222192,0.2744444444444442,0.0,0.0,0.0,0,0.0,0.03621669264517641,0.0,0.0,0.0,0,0.0,0.03621669264517641,0.2577777777777774,0.24222222222222192,0.2744444444444442
ar,M,67814416,786432,3245467238400,0.029540964018858668,0.012253166394521032,0.7833333333333333,0.7637962962962958,0.34555555555555556,ar:M:786432,70M,100,0.3455555555555552,0.32555555555555543,0.3655555555555556,0.0,0.0,0.0,0,0.0,0.03621669264517641,0.0,0.0,0.0,0,0.0,0.03621669264517641,0.3455555555555552,0.32555555555555543,0.3655555555555556
ar,M,67814416,1000000,3245467238400,0.037563278222222225,0.005404212425651167,0.8333333333333334,0.7775000000000009,0.37222222222222223,ar:M:1000000,70M,100,0.37222222222222207,0.3522222222222221,0.39333333333333315,0.0,0.0,0.0,0,0.0,0.03621669264517641,0.0,0.0,0.0,0,0.0,0.03621669264517641,0.37222222222222207,0.3522222222222221,0.39333333333333315
ar,M,67814416,1500000,3245467238400,0.056344917333333334,0.002282810250042644,0.9244444444444444,0.8139814814814803,0.41,ar:M:1500000,70M,100,0.4099999999999999,0.38888888888888884,0.43111111111111095,0.0,0.0,0.0,0,0.0,0.03621669264517641,0.0,0.0,0.0,0,0.0,0.03621669264517641,0.4099999999999999,0.38888888888888884,0.43111111111111095
ar,M,67814416,2000000,3245467238400,0.07512655644444445,0.0018735157063815677,0.9188888888888889,0.8272222222222217,0.4311111111111111,ar:M:2000000,70M,100,0.43111111111111117,0.4077777777777777,0.4544444444444443,0.0,0.0,0.0,0,0.0,0.03621669264517641,0.0,0.0,0.0,0,0.0,0.03621669264517641,0.43111111111111117,0.4077777777777777,0.4544444444444443
ar,M,67814416,2500000,3245467238400,0.09390819555555556,0.0016315230831196459,0.9133333333333333,0.8376851851851839,0.44555555555555554,ar:M:2500000,70M,100,0.44555555555555565,0.4177777777777777,0.473333333333333,0.01,0.0,0.03,1,0.00025314603297742064,0.054459385392080645,0.01,0.0,0.03,1,0.00025314603297742064,0.054459385392080645,0.43555555555555564,0.40886111111111084,0.4622222222222219
ar,M,67814416,3000000,3245467238400,0.11268983466666667,0.0015480253073349103,0.9011111111111111,0.8545370370370363,0.48444444444444446,ar:M:3000000,70M,100,0.48444444444444434,0.4555555555555552,0.5133333333333331,0.01,0.0,0.03,1,0.00025314603297742064,0.054459385392080645,0.01,0.0,0.03,1,0.00025314603297742064,0.054459385392080645,0.47444444444444434,0.44444444444444425,0.5044444444444441
ar,M,67814416,3400000,3245467238400,0.12771514595555555,0.0015014053850379127,0.9044444444444445,0.866018518518518,0.5066666666666667,ar:M:3400000,70M,100,0.5066666666666667,0.4766666666666664,0.5366666666666664,0.01,0.0,0.03,1,0.00025314603297742064,0.054459385392080645,0.01,0.0,0.03,1,0.00025314603297742064,0.054459385392080645,0.4966666666666667,0.46666666666666634,0.5266666666666664
ar,M,67814416,4000000,3245467238400,0.1502531128888889,0.001454754230840649,0.9033333333333333,0.8741666666666658,0.5177777777777778,ar:M:4000000,70M,100,0.5177777777777779,0.4899999999999997,0.5455555555555553,0.0,0.0,0.0,0,0.0,0.03621669264517641,0.0,0.0,0.0,0,0.0,0.03621669264517641,0.5177777777777779,0.4899999999999997,0.5455555555555553
ar,M,67814416,4400000,3245467238400,0.16527842417777777,0.001439107364601,0.9166666666666666,0.871944444444444,0.52,ar:M:4400000,70M,100,0.52,0.49333333333333296,0.5466666666666665,0.0,0.0,0.0,0,0.0,0.03621669264517641,0.0,0.0,0.0,0,0.0,0.03621669264517641,0.52,0.49333333333333296,0.5466666666666665
ar,M,67814416,5000000,3245467238400,0.18781639111111112,0.0014013056253617151,0.9188888888888889,0.8754629629629616,0.5255555555555556,ar:M:5000000,70M,100,0.5255555555555556,0.4966666666666664,0.5533333333333331,0.0,0.0,0.0,0,0.0,0.03621669264517641,0.0,0.0,0.0,0,0.0,0.03621669264517641,0.5255555555555556,0.4966666666666664,0.5533333333333331
ar,M,67814416,5400000,3245467238400,0.2028417024,0.001991533643794696,0.8933333333333333,0.8744444444444438,0.5288888888888889,ar:M:5400000,70M,100,0.5288888888888889,0.4988888888888886,0.5577777777777776,0.02,0.0,0.05,2,0.0024313368239425423,0.07038393247107011,0.01,0.0,0.03,1,0.00025314603297742064,0.054459385392080645,0.5188888888888888,0.4888888888888886,0.5488888888888886
ar,M,67814416,6000000,3245467238400,0.22537966933333334,0.0013602016599264743,0.8966666666666666,0.8799074074074067,0.5344444444444445,ar:M:6000000,70M,100,0.5344444444444444,0.504444444444444,0.5644444444444442,0.0,0.0,0.0,0,0.0,0.03621669264517641,0.0,0.0,0.0,0,0.0,0.03621669264517641,0.5344444444444444,0.504444444444444,0.5644444444444442
ar,M,67814416,6400000,3245467238400,0.2404049806222222,0.0013571809289629755,0.9088888888888889,0.8789814814814806,0.5388888888888889,ar:M:6400000,70M,100,0.5388888888888888,0.5088888888888884,0.5699999999999996,0.01,0.0,0.03,1,0.00025314603297742064,0.054459385392080645,0.0,0.0,0.0,0,0.0,0.03621669264517641,0.5388888888888888,0.5088888888888884,0.5699999999999996
ar,M,67814416,7000000,3245467238400,0.26294294755555553,0.001342516760726653,0.9,0.8765740740740728,0.5277777777777778,ar:M:7000000,70M,100,0.5277777777777777,0.49999999999999956,0.5566944444444444,0.0,0.0,0.0,0,0.0,0.03621669264517641,0.0,0.0,0.0,0,0.0,0.03621669264517641,0.5277777777777777,0.49999999999999956,0.5566944444444444
ar,M,67814416,7400000,3245467238400,0.2779682588444444,0.0013310783985502894,0.9077777777777778,0.8782407407407402,0.5411111111111111,ar:M:7400000,70M,100,0.5411111111111111,0.5099999999999998,0.572222222222222,0.01,0.0,0.03,1,0.00025314603297742064,0.054459385392080645,0.01,0.0,0.03,1,0.00025314603297742064,0.054459385392080645,0.5311111111111111,0.49999999999999967,0.5622222222222218
ar,M,67814416,8000000,3245467238400,0.3005062257777778,0.0013074352011528845,0.9033333333333333,0.8833333333333329,0.5488888888888889,ar:M:8000000,70M,100,0.5488888888888889,0.5211111111111107,0.5766666666666662,0.0,0.0,0.0,0,0.0,0.03621669264517641,0.0,0.0,0.0,0,0.0,0.03621669264517641,0.5488888888888889,0.5211111111111107,0.5766666666666662
ar,B,115788304,32768,5239248519168,0.001987033512454827,2.3623572305077687,0.05333333333333334,0.1821296296296296,0.0,ar:B:32768,120M,100,0.0,0.0,0.0,0.0,0.0,0.0,0,0.0,0.03621669264517641,0.0,0.0,0.0,0,0.0,0.03621669264517641,0.0,0.0,0.0
ar,B,115788304,65536,5239248519168,0.003974067024909654,2.0591220390517266,0.04777777777777778,0.1821296296296296,0.0,ar:B:65536,120M,100,0.0,0.0,0.0,0.0,0.0,0.0,0,0.0,0.03621669264517641,0.0,0.0,0.0,0,0.0,0.03621669264517641,0.0,0.0,0.0
ar,B,115788304,131072,5239248519168,0.007948134049819307,1.2430516920052468,0.057777777777777775,0.1821296296296296,0.0,ar:B:131072,120M,100,0.0,0.0,0.0,0.0,0.0,0.0,0,0.0,0.03621669264517641,0.0,0.0,0.0,0,0.0,0.03621669264517641,0.0,0.0,0.0
ar,B,115788304,262144,5239248519168,0.015896268099638615,0.13934832390223165,0.06222222222222222,0.20944444444444438,0.0011111111111111111,ar:B:262144,120M,100,0.0011111111111111111,0.0,0.003333333333333333,0.0,0.0,0.0,0,0.0,0.03621669264517641,0.0,0.0,0.0,0,0.0,0.03621669264517641,0.0011111111111111111,0.0,0.003333333333333333
ar,B,115788304,524288,5239248519168,0.03179253619927723,0.04076935941520787,0.057777777777777775,0.2075925925925927,0.0033333333333333335,ar:B:524288,120M,100,0.003333333333333333,0.0,0.0077777777777777776,0.0,0.0,0.0,0,0.0,0.03621669264517641,0.0,0.0,0.0,0,0.0,0.03621669264517641,0.003333333333333333,0.0,0.0077777777777777776
ar,B,115788304,786432,5239248519168,0.04768880429891584,0.01762094116102162,0.43,0.349537037037037,0.12444444444444444,ar:B:786432,120M,100,0.1244444444444443,0.1022222222222222,0.14777777777777773,0.0,0.0,0.0,0,0.0,0.03621669264517641,0.0,0.0,0.0,0,0.0,0.03621669264517641,0.1244444444444443,0.1022222222222222,0.14777777777777773
ar,B,115788304,1000000,5239248519168,0.060639450453333334,0.012328030565277004,0.7433333333333333,0.7064814814814812,0.3466666666666667,ar:B:1000000,120M,100,0.34666666666666635,0.32111111111111107,0.3722222222222222,0.0,0.0,0.0,0,0.0,0.03621669264517641,0.0,0.0,0.0,0,0.0,0.03621669264517641,0.34666666666666635,0.32111111111111107,0.3722222222222222
ar,B,115788304,1500000,5239248519168,0.09095917568,0.003773190500885448,0.8611111111111112,0.8224074074074076,0.4211111111111111,ar:B:1500000,120M,100,0.42111111111111116,0.3977777777777777,0.44555555555555537,0.0,0.0,0.0,0,0.0,0.03621669264517641,0.0,0.0,0.0,0,0.0,0.03621669264517641,0.42111111111111116,0.3977777777777777,0.44555555555555537
ar,B,115788304,2000000,5239248519168,0.12127890090666667,0.0014796639533585676,0.9,0.8374074074074068,0.4533333333333333,ar:B:2000000,120M,100,0.4533333333333334,0.42777777777777765,0.47888888888888886,0.0,0.0,0.0,0,0.0,0.03621669264517641,0.0,0.0,0.0,0,0.0,0.03621669264517641,0.4533333333333334,0.42777777777777765,0.47888888888888886
ar,B,115788304,2500000,5239248519168,0.15159862613333333,0.0013526568546311068,0.9022222222222223,0.8462037037037026,0.46444444444444444,ar:B:2500000,120M,100,0.46444444444444444,0.4366666666666666,0.49333333333333323,0.01,0.0,0.03,1,0.00025314603297742064,0.054459385392080645,0.01,0.0,0.03,1,0.00025314603297742064,0.054459385392080645,0.45444444444444443,0.4266388888888887,0.48333333333333295
ar,B,115788304,3000000,5239248519168,0.18191835136,0.0013357741725769756,0.9088888888888889,0.845925925925925,0.46444444444444444,ar:B:3000000,120M,100,0.4644444444444444,0.43663888888888863,0.49444444444444424,0.01,0.0,0.03,1,0.00025314603297742064,0.054459385392080645,0.01,0.0,0.03,1,0.00025314603297742064,0.054459385392080645,0.4544444444444444,0.4255555555555554,0.4833333333333331
ar,B,115788304,3400000,5239248519168,0.20617413154133332,0.0012444429657236355,0.8977777777777778,0.8480555555555545,0.4677777777777778,ar:B:3400000,120M,100,0.46777777777777774,0.43777777777777765,0.4978055555555557,0.02,0.0,0.05,2,0.0024313368239425423,0.07038393247107011,0.01,0.0,0.03,1,0.00025314603297742064,0.054459385392080645,0.45777777777777773,0.4277777777777776,0.48777777777777764
ar,B,115788304,4000000,5239248519168,0.24255780181333333,0.001210328603980315,0.9033333333333333,0.8524074074074064,0.4688888888888889,ar:B:4000000,120M,100,0.4688888888888888,0.4399999999999999,0.49888888888888855,0.01,0.0,0.03,1,0.00025314603297742064,0.054459385392080645,0.01,0.0,0.03,1,0.00025314603297742064,0.054459385392080645,0.4588888888888888,0.4288888888888888,0.48777777777777764
ar,B,115788304,4400000,5239248519168,0.26681358199466665,0.001227282361716675,0.9044444444444445,0.8537962962962958,0.4777777777777778,ar:B:4400000,120M,100,0.4777777777777776,0.4488888888888887,0.5077777777777776,0.02,0.0,0.05,2,0.0024313368239425423,0.07038393247107011,0.01,0.0,0.03,1,0.00025314603297742064,0.054459385392080645,0.46777777777777757,0.4388888888888888,0.4966666666666665
ar,B,115788304,5000000,5239248519168,0.30319725226666666,0.0011483366712369048,0.9022222222222223,0.8546296296296292,0.4811111111111111,ar:B:5000000,120M,100,0.481111111111111,0.45333333333333314,0.5088888888888887,0.01,0.0,0.03,1,0.00025314603297742064,0.054459385392080645,0.01,0.0,0.03,1,0.00025314603297742064,0.054459385392080645,0.471111111111111,0.44222222222222196,0.4988888888888887
ar,B,115788304,5400000,5239248519168,0.327453032448,0.0013959582100397938,0.9088888888888889,0.8570370370370364,0.4866666666666667,ar:B:5400000,120M,100,0.48666666666666664,0.4566666666666666,0.5177777777777776,0.02,0.0,0.05,2,0.0024313368239425423,0.07038393247107011,0.02,0.0,0.05,2,0.0024313368239425423,0.07038393247107011,0.4666666666666666,0.43555555555555536,0.49777777777777754
ar,B,115788304,6000000,5239248519168,0.36383670272,0.0011183631314310104,0.9022222222222223,0.8588888888888881,0.4866666666666667,ar:B:6000000,120M,100,0.48666666666666664,0.4577777777777776,0.5166666666666664,0.01,0.0,0.03,1,0.00025314603297742064,0.054459385392080645,0.01,0.0,0.03,1,0.00025314603297742064,0.054459385392080645,0.4766666666666666,0.44777777777777744,0.5055555555555553
ar,B,115788304,6400000,5239248519168,0.38809248290133336,0.0011407016107682466,0.9066666666666666,0.8599074074074069,0.49444444444444446,ar:B:6400000,120M,100,0.49444444444444435,0.46555555555555544,0.5233333333333332,0.01,0.0,0.03,1,0.00025314603297742064,0.054459385392080645,0.01,0.0,0.03,1,0.00025314603297742064,0.054459385392080645,0.48444444444444434,0.45555555555555527,0.5133333333333332
ar,B,115788304,7000000,5239248519168,0.4244761531733333,0.0011481749521237816,0.9111111111111111,0.8615740740740736,0.4911111111111111,ar:B:7000000,120M,100,0.491111111111111,0.46222222222222187,0.5211111111111111,0.02,0.0,0.05,2,0.0024313368239425423,0.07038393247107011,0.01,0.0,0.03,1,0.00025314603297742064,0.054459385392080645,0.481111111111111,0.45111111111111096,0.5099999999999999
ar,B,115788304,7400000,5239248519168,0.44873193335466666,0.001123335833133865,0.8988888888888888,0.8597222222222225,0.49777777777777776,ar:B:7400000,120M,100,0.49777777777777776,0.4677777777777777,0.5277777777777776,0.02,0.0,0.05,2,0.0024313368239425423,0.07038393247107011,0.02,0.0,0.05,2,0.0024313368239425423,0.07038393247107011,0.47777777777777775,0.44666666666666666,0.5066666666666664
ar,B,115788304,8000000,5239248519168,0.48511560362666667,0.0011308544633436668,0.9044444444444445,0.8623148148148146,0.49333333333333335,ar:B:8000000,120M,100,0.49333333333333335,0.46555555555555517,0.5222500000000001,0.01,0.0,0.03,1,0.00025314603297742064,0.054459385392080645,0.01,0.0,0.03,1,0.00025314603297742064,0.054459385392080645,0.48333333333333334,0.4544444444444442,0.5122222222222219
ar,L,271760656,32768,11134836965376,0.00422299001946112,2.2028056102339177,0.04666666666666667,0.1821296296296296,0.0,ar:L:32768,270M,100,0.0,0.0,0.0,0.0,0.0,0.0,0,0.0,0.03621669264517641,0.0,0.0,0.0,0,0.0,0.03621669264517641,0.0,0.0,0.0
ar,L,271760656,65536,11134836965376,0.00844598003892224,1.9887642821646296,0.03777777777777778,0.1821296296296296,0.0,ar:L:65536,270M,100,0.0,0.0,0.0,0.0,0.0,0.0,0,0.0,0.03621669264517641,0.0,0.0,0.0,0,0.0,0.03621669264517641,0.0,0.0,0.0
ar,L,271760656,131072,11134836965376,0.01689196007784448,0.5212380210432457,0.06,0.1857407407407406,0.0,ar:L:131072,270M,100,0.0,0.0,0.0,0.0,0.0,0.0,0,0.0,0.03621669264517641,0.0,0.0,0.0,0,0.0,0.03621669264517641,0.0,0.0,0.0
ar,L,271760656,262144,11134836965376,0.03378392015568896,0.14728254881920294,0.06777777777777778,0.22129629629629644,0.0077777777777777776,ar:L:262144,270M,100,0.007777777777777779,0.003333333333333333,0.013333333333333334,0.0,0.0,0.0,0,0.0,0.03621669264517641,0.0,0.0,0.0,0,0.0,0.03621669264517641,0.007777777777777779,0.003333333333333333,0.013333333333333334
ar,L,271760656,524288,11134836965376,0.06756784031137791,0.06230641140791704,0.06777777777777778,0.21555555555555542,0.008888888888888889,ar:L:524288,270M,100,0.008888888888888889,0.003333333333333333,0.016666666666666663,0.0,0.0,0.0,0,0.0,0.03621669264517641,0.0,0.0,0.0,0,0.0,0.03621669264517641,0.008888888888888889,0.003333333333333333,0.016666666666666663
ar,L,271760656,786432,11134836965376,0.10135176046706688,0.014529643762398337,0.31777777777777777,0.22361111111111098,0.011111111111111112,ar:L:786432,270M,100,0.011111111111111113,0.005527777777777787,0.017777777777777778,0.0,0.0,0.0,0,0.0,0.03621669264517641,0.0,0.0,0.0,0,0.0,0.03621669264517641,0.011111111111111113,0.005527777777777787,0.017777777777777778
ar,L,271760656,1000000,11134836965376,0.12887542784,0.005628461928176875,0.3788888888888889,0.25000000000000006,0.035555555555555556,ar:L:1000000,270M,100,0.03555555555555557,0.025555555555555557,0.04666666666666667,0.0,0.0,0.0,0,0.0,0.03621669264517641,0.0,0.0,0.0,0,0.0,0.03621669264517641,0.03555555555555557,0.025555555555555557,0.04666666666666667
ar,L,271760656,1500000,11134836965376,0.19331314176,0.002081674589362592,0.5777777777777777,0.3259259259259261,0.11444444444444445,ar:L:1500000,270M,100,0.1144444444444442,0.10999999999999988,0.11999999999999987,0.0,0.0,0.0,0,0.0,0.03621669264517641,0.0,0.0,0.0,0,0.0,0.03621669264517641,0.1144444444444442,0.10999999999999988,0.11999999999999987
ar,L,271760656,2000000,11134836965376,0.25775085568,0.0014424836147242104,0.9066666666666666,0.8748148148148145,0.5244444444444445,ar:L:2000000,270M,100,0.5244444444444446,0.49333333333333307,0.5555555555555552,0.02,0.0,0.05,2,0.0024313368239425423,0.07038393247107011,0.01,0.0,0.03,1,0.00025314603297742064,0.054459385392080645,0.5144444444444446,0.482222222222222,0.5455555555555552
ar,L,271760656,2500000,11134836965376,0.3221885696,0.0012947471307938941,0.9022222222222223,0.8923148148148143,0.5633333333333334,ar:L:2500000,270M,100,0.5633333333333334,0.5322222222222218,0.593333333333333,0.01,0.0,0.03,1,0.00025314603297742064,0.054459385392080645,0.01,0.0,0.03,1,0.00025314603297742064,0.054459385392080645,0.5533333333333333,0.5222222222222217,0.584444444444444
ar,L,271760656,3000000,11134836965376,0.38662628352,0.0011758734359545997,0.9111111111111111,0.9021296296296291,0.5855555555555556,ar:L:3000000,270M,100,0.5855555555555555,0.5544444444444441,0.6166666666666663,0.02,0.0,0.05,2,0.0024313368239425423,0.07038393247107011,0.01,0.0,0.03,1,0.00025314603297742064,0.054459385392080645,0.5755555555555555,0.543333333333333,0.6066666666666661
ar,L,271760656,3400000,11134836965376,0.438176454656,0.0009366910957297137,0.9011111111111111,0.9108333333333337,0.6088888888888889,ar:L:3400000,270M,100,0.6088888888888888,0.5788888888888886,0.6377777777777776,0.02,0.0,0.05,2,0.0024313368239425423,0.07038393247107011,0.01,0.0,0.03,1,0.00025314603297742064,0.054459385392080645,0.5988888888888888,0.5666666666666663,0.6288888888888886
ar,L,271760656,4000000,11134836965376,0.51550171136,0.0009206925964221569,0.91,0.9152777777777782,0.6144444444444445,ar:L:4000000,270M,100,0.6144444444444447,0.5866666666666662,0.6411111111111109,0.02,0.0,0.05,2,0.0024313368239425423,0.07038393247107011,0.01,0.0,0.03,1,0.00025314603297742064,0.054459385392080645,0.6044444444444447,0.5755555555555553,0.632222222222222
ar,L,271760656,4400000,11134836965376,0.567051882496,0.0008816061406434983,0.9111111111111111,0.92212962962963,0.6311111111111111,ar:L:4400000,270M,100,0.6311111111111112,0.6033333333333332,0.6588888888888886,0.03,0.0,0.07,3,0.006229971538306395,0.08517605297428002,0.02,0.0,0.05,2,0.0024313368239425423,0.07038393247107011,0.6111111111111112,0.5788888888888886,0.6422222222222218
ar,L,271760656,5000000,11134836965376,0.6443771392,0.0008675395341725789,0.9066666666666666,0.9216666666666666,0.6355555555555555,ar:L:5000000,270M,100,0.6355555555555555,0.6055555555555553,0.6655555555555552,0.03,0.0,0.07,3,0.006229971538306395,0.08517605297428002,0.03,0.0,0.07,3,0.006229971538306395,0.08517605297428002,0.6055555555555555,0.5711111111111107,0.6388888888888883
ar,L,271760656,5400000,11134836965376,0.695927310336,0.0009095405656353251,0.9133333333333333,0.9239814814814812,0.6366666666666667,ar:L:5400000,270M,100,0.6366666666666666,0.6077777777777775,0.6666666666666663,0.04,0.01,0.08,4,0.011004493986188198,0.09925715671265992,0.04,0.01,0.08,4,0.011004493986188198,0.09925715671265992,0.5966666666666666,0.5611111111111108,0.6299999999999997
ar,L,271760656,6000000,11134836965376,0.77325256704,0.0008584389530000181,0.9144444444444444,0.9232407407407407,0.6311111111111111,ar:L:6000000,270M,100,0.6311111111111111,0.6021944444444439,0.6599999999999998,0.04,0.01,0.08,4,0.011004493986188198,0.09925715671265992,0.03,0.0,0.07,3,0.006229971538306395,0.08517605297428002,0.601111111111111,0.5655555555555553,0.63225
ar,L,271760656,6400000,11134836965376,0.824802738176,0.0008266147848118522,0.9111111111111111,0.9284259259259261,0.6577777777777778,ar:L:6400000,270M,100,0.6577777777777776,0.6277777777777775,0.6877777777777775,0.06,0.02,0.11,6,0.022334886071316368,0.12602993458082296,0.05,0.01,0.09999999999999999,5,0.016431879182052155,0.11283491110546275,0.6077777777777775,0.5677777777777777,0.6433333333333329
ar,L,271760656,7000000,11134836965376,0.90212799488,0.0008244881920575154,0.91,0.9283333333333333,0.6477777777777778,ar:L:7000000,270M,100,0.6477777777777777,0.6177777777777775,0.6788888888888885,0.04,0.01,0.08,4,0.011004493986188198,0.09925715671265992,0.04,0.01,0.08,4,0.011004493986188198,0.09925715671265992,0.6077777777777776,0.5699999999999998,0.6433333333333329
ar,L,271760656,7400000,11134836965376,0.953678166016,0.0008769289252882117,0.9111111111111111,0.928055555555556,0.6611111111111111,ar:L:7400000,270M,100,0.661111111111111,0.6322222222222219,0.6911111111111107,0.06,0.02,0.11,6,0.022334886071316368,0.12602993458082296,0.05,0.01,0.09999999999999999,5,0.016431879182052155,0.11283491110546275,0.6111111111111109,0.5722222222222221,0.6466666666666663
ar,L,271760656,7600000,11134836965376,0.979453251584,0.000812443371906113,0.92,0.9274074074074075,0.6566666666666666,ar:L:7600000,270M,100,0.6566666666666666,0.6266666666666665,0.6877777777777776,0.07,0.02,0.12000000000000001,7,0.028605288907438704,0.13891972845585732,0.06,0.02,0.11,6,0.022334886071316368,0.12602993458082296,0.5966666666666667,0.5555555555555557,0.6322222222222219
ar,L,271760656,7800000,11134836965376,1.005228337152,0.0008060553819518645,0.9033333333333333,0.9277777777777779,0.6444444444444445,ar:L:7800000,270M,100,0.6444444444444444,0.6166666666666664,0.673333333333333,0.03,0.0,0.07,3,0.006229971538306395,0.08517605297428002,0.03,0.0,0.07,3,0.006229971538306395,0.08517605297428002,0.6144444444444443,0.5788888888888886,0.6466666666666662
ar,L,271760656,8000000,11134836965376,1.03100342272,0.0008083607922685587,0.91,0.9301851851851848,0.6511111111111111,ar:L:8000000,270M,100,0.6511111111111112,0.623305555555555,0.6788888888888887,0.05,0.01,0.09999999999999999,5,0.016431879182052155,0.11283491110546275,0.04,0.01,0.08,4,0.011004493986188198,0.09925715671265992,0.6111111111111112,0.5755555555555554,0.644444444444444
ar,XL,548147088,32768,21246346395648,0.008057873595979093,1.899171153199859,0.056666666666666664,0.1821296296296296,0.0,ar:XL:32768,550M,100,0.0,0.0,0.0,0.0,0.0,0.0,0,0.0,0.03621669264517641,0.0,0.0,0.0,0,0.0,0.03621669264517641,0.0,0.0,0.0
ar,XL,548147088,65536,21246346395648,0.016115747191958185,1.2793946983641944,0.07,0.1821296296296296,0.0,ar:XL:65536,550M,100,0.0,0.0,0.0,0.0,0.0,0.0,0,0.0,0.03621669264517641,0.0,0.0,0.0,0,0.0,0.03621669264517641,0.0,0.0,0.0
ar,XL,548147088,131072,21246346395648,0.03223149438391637,0.3484721061016899,0.06444444444444444,0.2237962962962963,0.0,ar:XL:131072,550M,100,0.0,0.0,0.0,0.0,0.0,0.0,0,0.0,0.03621669264517641,0.0,0.0,0.0,0,0.0,0.03621669264517641,0.0,0.0,0.0
ar,XL,548147088,262144,21246346395648,0.06446298876783274,0.2255285087172524,0.06444444444444444,0.21175925925925926,0.0033333333333333335,ar:XL:262144,550M,100,0.003333333333333333,0.0,0.0077777777777777776,0.0,0.0,0.0,0,0.0,0.03621669264517641,0.0,0.0,0.0,0,0.0,0.03621669264517641,0.003333333333333333,0.0,0.0077777777777777776
ar,XL,548147088,524288,21246346395648,0.12892597753566548,0.07057732649409446,0.04777777777777778,0.21055555555555547,0.0022222222222222222,ar:XL:524288,550M,100,0.0022222222222222222,0.0,0.005555555555555556,0.0,0.0,0.0,0,0.0,0.03621669264517641,0.0,0.0,0.0,0,0.0,0.03621669264517641,0.0022222222222222222,0.0,0.005555555555555556
ar,XL,548147088,786432,21246346395648,0.19338896630349825,0.01594246877612022,0.06111111111111111,0.21222222222222228,0.008888888888888889,ar:XL:786432,550M,100,0.00888888888888889,0.003333333333333333,0.016666666666666666,0.0,0.0,0.0,0,0.0,0.03621669264517641,0.0,0.0,0.0,0,0.0,0.03621669264517641,0.00888888888888889,0.003333333333333333,0.016666666666666666
ar,XL,548147088,1000000,21246346395648,0.24590678698666665,0.0064017212706175995,0.05,0.2075925925925922,0.0044444444444444444,ar:XL:1000000,550M,100,0.0044444444444444444,0.0011111111111111111,0.008888888888888889,0.0,0.0,0.0,0,0.0,0.03621669264517641,0.0,0.0,0.0,0,0.0,0.03621669264517641,0.0044444444444444444,0.0011111111111111111,0.008888888888888889
ar,XL,548147088,1500000,21246346395648,0.36886018048,0.002832758067188479,0.07,0.21685185185185188,0.006666666666666667,ar:XL:1500000,550M,100,0.006666666666666667,0.0022222222222222222,0.012222222222222221,0.0,0.0,0.0,0,0.0,0.03621669264517641,0.0,0.0,0.0,0,0.0,0.03621669264517641,0.006666666666666667,0.0022222222222222222,0.012222222222222221
ar,XL,548147088,2000000,21246346395648,0.4918135739733333,0.0014297650155441488,0.15666666666666668,0.2582407407407409,0.06777777777777778,ar:XL:2000000,550M,100,0.0677777777777777,0.05555555555555556,0.07999999999999997,0.0,0.0,0.0,0,0.0,0.03621669264517641,0.0,0.0,0.0,0,0.0,0.03621669264517641,0.0677777777777777,0.05555555555555556,0.07999999999999997
ar,XL,548147088,2500000,21246346395648,0.6147669674666667,0.001113253890832766,0.22,0.2767592592592593,0.09111111111111111,ar:XL:2500000,550M,100,0.09111111111111095,0.08111111111111108,0.09999999999999995,0.0,0.0,0.0,0,0.0,0.03621669264517641,0.0,0.0,0.0,0,0.0,0.03621669264517641,0.09111111111111095,0.08111111111111108,0.09999999999999995
ar,XL,548147088,3000000,21246346395648,0.73772036096,0.0010273621749803397,0.48444444444444446,0.3135185185185186,0.11444444444444445,ar:XL:3000000,550M,100,0.1144444444444442,0.11111111111111101,0.11888888888888878,0.0,0.0,0.0,0,0.0,0.03621669264517641,0.0,0.0,0.0,0,0.0,0.03621669264517641,0.1144444444444442,0.11111111111111101,0.11888888888888878
ar,XL,548147088,3400000,21246346395648,0.8360830757546667,0.0009657762021973327,0.5166666666666667,0.31342592592592594,0.11888888888888889,ar:XL:3400000,550M,100,0.11888888888888864,0.11333333333333324,0.1255555555555554,0.0,0.0,0.0,0,0.0,0.03621669264517641,0.0,0.0,0.0,0,0.0,0.03621669264517641,0.11888888888888864,0.11333333333333324,0.1255555555555554
ar,XL,548147088,4000000,21246346395648,0.9836271479466666,0.0008708074342010264,0.7955555555555556,0.6294444444444431,0.39111111111111113,ar:XL:4000000,550M,100,0.39111111111111085,0.3511111111111109,0.4344444444444441,0.01,0.0,0.03,1,0.00025314603297742064,0.054459385392080645,0.01,0.0,0.03,1,0.00025314603297742064,0.054459385392080645,0.38111111111111085,0.34111111111111087,0.42222222222222194
ar,XL,548147088,4400000,21246346395648,1.0819898627413334,0.0007847625151555348,0.9133333333333333,0.9237962962962966,0.6533333333333333,ar:XL:4400000,550M,100,0.6533333333333331,0.6222222222222218,0.685555555555555,0.07,0.02,0.12000000000000001,7,0.028605288907438704,0.13891972845585732,0.06,0.02,0.11,6,0.022334886071316368,0.12602993458082296,0.593333333333333,0.552222222222222,0.6311111111111107
ar,XL,548147088,5000000,21246346395648,1.2295339349333334,0.0007467556200069225,0.91,0.9262037037037034,0.6455555555555555,ar:XL:5000000,550M,100,0.6455555555555554,0.6155555555555552,0.6755555555555555,0.05,0.01,0.09999999999999999,5,0.016431879182052155,0.11283491110546275,0.05,0.01,0.09999999999999999,5,0.016431879182052155,0.11283491110546275,0.5955555555555554,0.5577777777777776,0.6299999999999998
ar,XL,548147088,5400000,21246346395648,1.327896649728,0.0008447196121949219,0.8911111111111111,0.931203703703704,0.6711111111111111,ar:XL:5400000,550M,100,0.671111111111111,0.6399999999999996,0.7033333333333329,0.1,0.05,0.16,10,0.04900468922148595,0.17622259774002266,0.08,0.03,0.13,8,0.0351715625181628,0.15155763586442095,0.591111111111111,0.5477777777777776,0.6322222222222218
ar,XL,548147088,6000000,21246346395648,1.47544072192,0.0007651517935926222,0.9177777777777778,0.9344444444444444,0.6755555555555556,ar:XL:6000000,550M,100,0.6755555555555555,0.6466666666666663,0.7055555555555553,0.06,0.02,0.11,6,0.022334886071316368,0.12602993458082296,0.06,0.02,0.11,6,0.022334886071316368,0.12602993458082296,0.6155555555555554,0.5744444444444441,0.653333333333333
ar,XL,548147088,6400000,21246346395648,1.5738034367146667,0.0007072546009055713,0.8988888888888888,0.9343518518518517,0.6744444444444444,ar:XL:6400000,550M,100,0.6744444444444444,0.6433333333333333,0.7066666666666662,0.09,0.04,0.15,9,0.041983595628392247,0.1639822550296352,0.08,0.03,0.13999999999999999,8,0.0351715625181628,0.15155763586442095,0.5944444444444444,0.5511111111111109,0.6366666666666663
ar,XL,548147088,7000000,21246346395648,1.7213475089066668,0.0006962828076353845,0.9155555555555556,0.9369444444444446,0.6811111111111111,ar:XL:7000000,550M,100,0.681111111111111,0.6499999999999998,0.7122222222222221,0.08,0.03,0.13999999999999999,8,0.0351715625181628,0.15155763586442095,0.08,0.03,0.13999999999999999,8,0.0351715625181628,0.15155763586442095,0.601111111111111,0.5566666666666663,0.6422500000000001
ar,XL,548147088,7200000,21246346395648,1.770528866304,0.0006928096423834517,0.9166666666666666,0.9355555555555561,0.6777777777777778,ar:XL:7200000,550M,100,0.6777777777777775,0.6466666666666664,0.7099999999999996,0.08,0.03,0.13999999999999999,8,0.0351715625181628,0.15155763586442095,0.08,0.03,0.13999999999999999,8,0.0351715625181628,0.15155763586442095,0.5977777777777775,0.5522222222222222,0.6377777777777773
ar,XL,548147088,7400000,21246346395648,1.8197102237013334,0.001093058848417172,0.9122222222222223,0.9374074074074077,0.6833333333333333,ar:XL:7400000,550M,100,0.6833333333333331,0.6511111111111111,0.7155555555555552,0.1,0.05,0.16,10,0.04900468922148595,0.17622259774002266,0.09,0.04,0.15,9,0.041983595628392247,0.1639822550296352,0.5933333333333332,0.5466666666666665,0.6355555555555552
ar,XL,548147088,7600000,21246346395648,1.8688915810986666,0.0007587862687017833,0.9044444444444445,0.9364814814814819,0.6788888888888889,ar:XL:7600000,550M,100,0.6788888888888888,0.6477777777777773,0.7111111111111108,0.08,0.03,0.14,8,0.0351715625181628,0.15155763586442095,0.07,0.02,0.12000000000000001,7,0.028605288907438704,0.13891972845585732,0.6088888888888888,0.5644444444444441,0.6511111111111106
ar,XL,548147088,7800000,21246346395648,1.918072938496,0.0007754741801875298,0.9011111111111111,0.9367592592592598,0.6888888888888889,ar:XL:7800000,550M,100,0.6888888888888886,0.6577777777777775,0.7211111111111108,0.08,0.03,0.14,8,0.0351715625181628,0.15155763586442095,0.08,0.03,0.14,8,0.0351715625181628,0.15155763586442095,0.6088888888888886,0.5611111111111109,0.6511388888888888
ar,XL,548147088,8000000,21246346395648,1.9672542958933332,0.0009017400736951231,0.9033333333333333,0.9394444444444445,0.6966666666666667,ar:XL:8000000,550M,100,0.6966666666666664,0.6655555555555552,0.7288888888888885,0.09,0.04,0.15,9,0.041983595628392247,0.1639822550296352,0.09,0.04,0.15,9,0.041983595628392247,0.1639822550296352,0.6066666666666665,0.5599999999999997,0.6499999999999997
ar,XXL,938377232,32768,34772280410112,0.01318770931109433,1.8826579548884184,0.03222222222222222,0.1821296296296296,0.0,ar:XXL:32768,1B,100,0.0,0.0,0.0,0.0,0.0,0.0,0,0.0,0.03621669264517641,0.0,0.0,0.0,0,0.0,0.03621669264517641,0.0,0.0,0.0
ar,XXL,938377232,65536,34772280410112,0.02637541862218866,0.991392043104861,0.05,0.1821296296296296,0.0,ar:XXL:65536,1B,100,0.0,0.0,0.0,0.0,0.0,0.0,0,0.0,0.03621669264517641,0.0,0.0,0.0,0,0.0,0.03621669264517641,0.0,0.0,0.0
ar,XXL,938377232,131072,34772280410112,0.05275083724437732,0.39160894252272554,0.04888888888888889,0.23194444444444431,0.0,ar:XXL:131072,1B,100,0.0,0.0,0.0,0.0,0.0,0.0,0,0.0,0.03621669264517641,0.0,0.0,0.0,0,0.0,0.03621669264517641,0.0,0.0,0.0
ar,XXL,938377232,262144,34772280410112,0.10550167448875464,0.3297206446499331,0.05444444444444444,0.21027777777777806,0.0033333333333333335,ar:XXL:262144,1B,100,0.003333333333333333,0.0,0.0077777777777777776,0.0,0.0,0.0,0,0.0,0.03621669264517641,0.0,0.0,0.0,0,0.0,0.03621669264517641,0.003333333333333333,0.0,0.0077777777777777776
ar,XXL,938377232,524288,34772280410112,0.21100334897750928,0.08960825925023527,0.058888888888888886,0.20361111111111108,0.005555555555555556,ar:XXL:524288,1B,100,0.005555555555555556,0.0011111111111111111,0.01111111111111111,0.0,0.0,0.0,0,0.0,0.03621669264517641,0.0,0.0,0.0,0,0.0,0.03621669264517641,0.005555555555555556,0.0011111111111111111,0.01111111111111111
ar,XXL,938377232,786432,34772280410112,0.3165050234662639,0.013079076687790802,0.06,0.21055555555555558,0.01,ar:XXL:786432,1B,100,0.010000000000000002,0.003333333333333333,0.017777777777777778,0.0,0.0,0.0,0,0.0,0.03621669264517641,0.0,0.0,0.0,0,0.0,0.03621669264517641,0.010000000000000002,0.003333333333333333,0.017777777777777778
ar,XXL,938377232,1000000,34772280410112,0.40245694919111114,0.005799821307800812,0.05444444444444444,0.207314814814815,0.01,ar:XXL:1000000,1B,100,0.010000000000000002,0.003333333333333333,0.017777777777777778,0.0,0.0,0.0,0,0.0,0.03621669264517641,0.0,0.0,0.0,0,0.0,0.03621669264517641,0.010000000000000002,0.003333333333333333,0.017777777777777778
ar,XXL,938377232,1500000,34772280410112,0.6036854237866667,0.002188549030415743,0.09777777777777778,0.23861111111111108,0.03666666666666667,ar:XXL:1500000,1B,100,0.03666666666666668,0.025555555555555557,0.04888888888888889,0.0,0.0,0.0,0,0.0,0.03621669264517641,0.0,0.0,0.0,0,0.0,0.03621669264517641,0.03666666666666668,0.025555555555555557,0.04888888888888889
ar,XXL,938377232,2000000,34772280410112,0.8049138983822223,0.001211526377755945,0.24222222222222223,0.29148148148148156,0.11555555555555555,ar:XXL:2000000,1B,100,0.11555555555555543,0.09555555555555553,0.13666666666666663,0.0,0.0,0.0,0,0.0,0.03621669264517641,0.0,0.0,0.0,0,0.0,0.03621669264517641,0.11555555555555543,0.09555555555555553,0.13666666666666663
ar,XXL,938377232,2500000,34772280410112,1.0061423729777779,0.0008909172437469692,0.6066666666666667,0.40268518518518487,0.19,ar:XXL:2500000,1B,100,0.18999999999999967,0.17111111111111094,0.20999999999999983,0.0,0.0,0.0,0,0.0,0.03621669264517641,0.0,0.0,0.0,0,0.0,0.03621669264517641,0.18999999999999967,0.17111111111111094,0.20999999999999983
ar,XXL,938377232,3000000,34772280410112,1.2073708475733334,0.0007207269468182176,0.9233333333333333,0.9151851851851849,0.6422222222222222,ar:XXL:3000000,1B,100,0.6422222222222221,0.6099999999999999,0.674444444444444,0.05,0.01,0.09999999999999999,5,0.016431879182052155,0.11283491110546275,0.04,0.01,0.08,4,0.011004493986188198,0.09925715671265992,0.6022222222222221,0.565555555555555,0.6377777777777773
ar,XXL,938377232,3400000,34772280410112,1.3683536272497778,0.0006980704554038653,0.9255555555555556,0.9327777777777779,0.6677777777777778,ar:XXL:3400000,1B,100,0.6677777777777778,0.6377777777777774,0.6988888888888887,0.08,0.03,0.13999999999999999,8,0.0351715625181628,0.15155763586442095,0.08,0.03,0.13999999999999999,8,0.0351715625181628,0.15155763586442095,0.5877777777777778,0.5455555555555551,0.6277777777777772
ar,XXL,938377232,4000000,34772280410112,1.6098277967644445,0.0006902595894601405,0.9133333333333333,0.9399074074074071,0.6855555555555556,ar:XXL:4000000,1B,100,0.6855555555555553,0.6566666666666663,0.7144444444444441,0.06,0.02,0.11,6,0.022334886071316368,0.12602993458082296,0.04,0.01,0.08,4,0.011004493986188198,0.09925715671265992,0.6455555555555552,0.6077777777777773,0.6811111111111108
ar,XXL,938377232,4400000,34772280410112,1.7708105764408888,0.0006789457074646066,0.9033333333333333,0.9425925925925928,0.6933333333333334,ar:XXL:4400000,1B,100,0.6933333333333331,0.6633333333333331,0.72225,0.12,0.060000000000000005,0.18999999999999997,12,0.06356890256115931,0.20023568361996882,0.09,0.04,0.15,9,0.041983595628392247,0.1639822550296352,0.6033333333333332,0.5588888888888887,0.6455555555555551
ar,XXL,938377232,5000000,34772280410112,2.0122847459555557,0.0007000989654400769,0.9033333333333333,0.947962962962963,0.71,ar:XXL:5000000,1B,100,0.7099999999999995,0.68,0.7411111111111108,0.1,0.05,0.16,10,0.04900468922148595,0.17622259774002266,0.07,0.03,0.12999999999999998,7,0.028605288907438704,0.13891972845585732,0.6399999999999995,0.5955555555555554,0.6811111111111109
ar,XXL,938377232,5400000,34772280410112,2.173267525632,0.0007506897430374692,0.9177777777777778,0.9498148148148143,0.7177777777777777,ar:XXL:5400000,1B,100,0.7177777777777776,0.6899999999999997,0.7466666666666665,0.09,0.04,0.15,9,0.041983595628392247,0.1639822550296352,0.08,0.03,0.13999999999999999,8,0.0351715625181628,0.15155763586442095,0.6377777777777777,0.5944444444444442,0.6799999999999996
ar,XXL,938377232,5600000,34772280410112,2.2537589154702222,0.0007412498136034173,0.9066666666666666,0.952222222222222,0.7244444444444444,ar:XXL:5600000,1B,100,0.7244444444444441,0.6944444444444441,0.754444444444444,0.11,0.05,0.17,11,0.05620702028548746,0.18830113219644257,0.1,0.05,0.16,10,0.04900468922148595,0.17622259774002266,0.6244444444444441,0.5766666666666665,0.6699999999999998
ar,XXL,938377232,5800000,34772280410112,2.3342503053084442,0.000686018687770229,0.9266666666666666,0.9592592592592595,0.7577777777777778,ar:XXL:5800000,1B,100,0.7577777777777771,0.7288888888888887,0.7855555555555553,0.15,0.08,0.22,15,0.08645438564164859,0.23530750014895488,0.13,0.06999999999999999,0.19999999999999998,13,0.07107304618542953,0.21204067708744978,0.6277777777777771,0.5755555555555554,0.6799999999999995
ar,XXL,938377232,6000000,34772280410112,2.4147416951466667,0.000666146491323616,0.9088888888888889,0.9635185185185181,0.7811111111111111,ar:XXL:6000000,1B,100,0.7811111111111104,0.7499999999999999,0.8122222222222223,0.24,0.16,0.32999999999999996,24,0.16022461317144718,0.3357354892709986,0.2,0.12999999999999998,0.28,20,0.12665555210195584,0.2918426890886281,0.5811111111111105,0.5199999999999998,0.6399999999999997
ar,XXL,938377232,6200000,34772280410112,2.4952330849848887,0.0006873075167106891,0.9277777777777778,0.9664814814814807,0.7933333333333333,ar:XXL:6200000,1B,100,0.7933333333333329,0.7633333333333332,0.823333333333333,0.23,0.15,0.32,23,0.1517316113010475,0.3248587327751031,0.21,0.13,0.29000000000000004,21,0.1349436957053291,0.30291537935054064,0.5833333333333329,0.5211111111111109,0.6433333333333331
ar,XXL,938377232,6400000,34772280410112,2.575724474823111,0.0006460266601905573,0.9,0.960833333333333,0.7911111111111111,ar:XXL:6400000,1B,100,0.7911111111111105,0.7566666666666664,0.824444444444444,0.26,0.18,0.3500000000000001,26,0.17739443786765247,0.3573120631001036,0.24,0.16,0.33,24,0.16022461317144718,0.3357354892709986,0.5511111111111106,0.4855555555555554,0.6144444444444441
ar,XXL,938377232,6600000,34772280410112,2.656215864661333,0.0006225087851049693,0.9144444444444444,0.9689814814814808,0.8111111111111111,ar:XXL:6600000,1B,100,0.8111111111111109,0.7788888888888887,0.8433333333333333,0.32,0.23,0.41000000000000014,32,0.23021991676157702,0.4207668616316226,0.3,0.21000000000000002,0.3900000000000001,30,0.21240642048953662,0.3998146761798041,0.5111111111111108,0.44333333333333313,0.5799999999999996
ar,XXL,938377232,6800000,34772280410112,2.7367072544995557,0.0006109986704132097,0.9233333333333333,0.9715740740740738,0.8233333333333334,ar:XXL:6800000,1B,100,0.8233333333333331,0.7922222222222222,0.8533333333333333,0.32,0.23000000000000004,0.41000000000000014,32,0.23021991676157702,0.4207668616316226,0.3,0.21000000000000002,0.3900000000000001,30,0.21240642048953662,0.3998146761798041,0.5233333333333332,0.45111111111111096,0.5922222222222218
ar,XXL,938377232,7000000,34772280410112,2.8171986443377777,0.0006074888640455356,0.9188888888888889,0.9712962962962959,0.8244444444444444,ar:XXL:7000000,1B,100,0.8244444444444443,0.7933333333333336,0.8544444444444446,0.34,0.25,0.43000000000000016,34,0.24822350154484418,0.4415332677509589,0.31,0.22000000000000006,0.40000000000000013,31,0.22128879213067107,0.41031455416019924,0.5144444444444443,0.44444444444444425,0.580027777777778
ar,XXL,938377232,7200000,34772280410112,2.897690034176,0.0006079400053167205,0.9088888888888889,0.9728703703703699,0.8233333333333334,ar:XXL:7200000,1B,100,0.823333333333333,0.7933333333333332,0.8522222222222224,0.33,0.24000000000000007,0.42000000000000015,33,0.2391985346226018,0.43117275077756323,0.3,0.21999999999999997,0.3900000000000001,30,0.21240642048953662,0.3998146761798041,0.523333333333333,0.4522222222222223,0.59
ar,XXL,938377232,7400000,34772280410112,2.978181424014222,0.0006093846370418988,0.9155555555555556,0.9724999999999997,0.8255555555555556,ar:XXL:7400000,1B,100,0.8255555555555552,0.7955555555555553,0.8555555555555556,0.34,0.25,0.43000000000000016,34,0.24822350154484418,0.4415332677509589,0.31,0.22000000000000006,0.40000000000000013,31,0.22128879213067107,0.41031455416019924,0.5155555555555551,0.44222222222222224,0.5822500000000002
ar,XXL,938377232,7600000,34772280410112,3.0586728138524446,0.0006087701030452308,0.9233333333333333,0.9736111111111111,0.8266666666666667,ar:XXL:7600000,1B,100,0.8266666666666663,0.7955555555555555,0.8588888888888887,0.38,0.29000000000000004,0.4700000000000002,38,0.28476747614147957,0.4825393057508065,0.33,0.24000000000000005,0.42000000000000015,33,0.2391985346226018,0.43117275077756323,0.4966666666666663,0.42444444444444457,0.5644444444444442
ar,XXL,938377232,7800000,34772280410112,3.1391642036906666,0.0005980941092445846,0.9211111111111111,0.9762962962962963,0.8366666666666667,ar:XXL:7800000,1B,100,0.8366666666666663,0.8077777777777778,0.8655833333333337,0.4,0.31000000000000005,0.49025000000000113,40,0.3032947687028774,0.5027908495776652,0.36,0.2700000000000001,0.46,36,0.2664084227332345,0.46212189332742326,0.47666666666666635,0.40333333333333327,0.5433611111111113
bidir,XS,19698448,32768,1548079497216,0.0005871234833885867,2.602373430505395,0.044444444444444446,0.1821296296296296,0.0,bidir:XS:32768,20M,100,0.0,0.0,0.0,0.0,0.0,0.0,0,0.0,0.03621669264517641,0.0,0.0,0.0,0,0.0,0.03621669264517641,0.0,0.0,0.0
bidir,XS,19698448,65536,1548079497216,0.0011742469667771734,1.8487534057348967,0.051111111111111114,0.1821296296296296,0.0,bidir:XS:65536,20M,100,0.0,0.0,0.0,0.0,0.0,0.0,0,0.0,0.03621669264517641,0.0,0.0,0.0,0,0.0,0.03621669264517641,0.0,0.0,0.0
bidir,XS,19698448,131072,1548079497216,0.0023484939335543468,1.5738071000669152,0.04111111111111111,0.1821296296296296,0.0,bidir:XS:131072,20M,100,0.0,0.0,0.0,0.0,0.0,0.0,0,0.0,0.03621669264517641,0.0,0.0,0.0,0,0.0,0.03621669264517641,0.0,0.0,0.0
bidir,XS,19698448,200000,1548079497216,0.0035835173546666667,1.618877152679488,0.06444444444444444,0.20750000000000007,0.0,bidir:XS:200000,20M,100,0.0,0.0,0.0,0.0,0.0,0.0,0,0.0,0.03621669264517641,0.0,0.0,0.0,0,0.0,0.03621669264517641,0.0,0.0,0.0
bidir,XS,19698448,262144,1548079497216,0.0046969878671086936,1.090511203976348,0.06444444444444444,0.25055555555555553,0.0,bidir:XS:262144,20M,100,0.0,0.0,0.0,0.0,0.0,0.0,0,0.0,0.03621669264517641,0.0,0.0,0.0,0,0.0,0.03621669264517641,0.0,0.0,0.0
bidir,XS,19698448,400000,1548079497216,0.0071670347093333335,0.08890007840818726,0.06666666666666667,0.2269444444444442,0.0,bidir:XS:400000,20M,100,0.0,0.0,0.0,0.0,0.0,0.0,0,0.0,0.03621669264517641,0.0,0.0,0.0,0,0.0,0.03621669264517641,0.0,0.0,0.0
bidir,XS,19698448,524288,1548079497216,0.009393975734217387,0.0266095140541438,0.07333333333333333,0.22462962962962965,0.0022222222222222222,bidir:XS:524288,20M,100,0.0022222222222222222,0.0,0.005555555555555556,0.0,0.0,0.0,0,0.0,0.03621669264517641,0.0,0.0,0.0,0,0.0,0.03621669264517641,0.0022222222222222222,0.0,0.005555555555555556
bidir,XS,19698448,600000,1548079497216,0.010750552064,0.01857812386515434,0.057777777777777775,0.2192592592592593,0.0044444444444444444,bidir:XS:600000,20M,100,0.0044444444444444444,0.0011111111111111111,0.008888888888888889,0.0,0.0,0.0,0,0.0,0.03621669264517641,0.0,0.0,0.0,0,0.0,0.03621669264517641,0.0044444444444444444,0.0011111111111111111,0.008888888888888889
bidir,XS,19698448,786432,1548079497216,0.01409096360132608,0.011673825501929969,0.06,0.21916666666666676,0.005555555555555556,bidir:XS:786432,20M,100,0.005555555555555556,0.0011111111111111111,0.01111111111111111,0.0,0.0,0.0,0,0.0,0.03621669264517641,0.0,0.0,0.0,0,0.0,0.03621669264517641,0.005555555555555556,0.0011111111111111111,0.01111111111111111
bidir,XS,19698448,800000,1548079497216,0.014334069418666667,0.011712471807186375,0.06333333333333334,0.2223148148148149,0.005555555555555556,bidir:XS:800000,20M,100,0.005555555555555556,0.0011111111111111111,0.01111111111111111,0.0,0.0,0.0,0,0.0,0.03621669264517641,0.0,0.0,0.0,0,0.0,0.03621669264517641,0.005555555555555556,0.0011111111111111111,0.01111111111111111
bidir,XS,19698448,1000000,1548079497216,0.017917586773333334,0.010423893058032263,0.06888888888888889,0.21842592592592594,0.005555555555555556,bidir:XS:1000000,20M,100,0.005555555555555556,0.0011111111111111111,0.01111111111111111,0.0,0.0,0.0,0,0.0,0.03621669264517641,0.0,0.0,0.0,0,0.0,0.03621669264517641,0.005555555555555556,0.0011111111111111111,0.01111111111111111
bidir,XS,19698448,1200000,1548079497216,0.021501104128,0.007250166014273418,0.06666666666666667,0.22157407407407403,0.005555555555555556,bidir:XS:1200000,20M,100,0.005555555555555556,0.0011111111111111111,0.01111111111111111,0.0,0.0,0.0,0,0.0,0.03621669264517641,0.0,0.0,0.0,0,0.0,0.03621669264517641,0.005555555555555556,0.0011111111111111111,0.01111111111111111
bidir,XS,19698448,1400000,1548079497216,0.025084621482666665,0.006166836792999675,0.06333333333333334,0.22416666666666676,0.0044444444444444444,bidir:XS:1400000,20M,100,0.0044444444444444444,0.0011111111111111111,0.008888888888888889,0.0,0.0,0.0,0,0.0,0.03621669264517641,0.0,0.0,0.0,0,0.0,0.03621669264517641,0.0044444444444444444,0.0011111111111111111,0.008888888888888889
bidir,XS,19698448,1500000,1548079497216,0.02687638016,0.005930850107688457,0.07222222222222222,0.22268518518518507,0.005555555555555556,bidir:XS:1500000,20M,100,0.005555555555555556,0.0011111111111111111,0.01111111111111111,0.0,0.0,0.0,0,0.0,0.03621669264517641,0.0,0.0,0.0,0,0.0,0.03621669264517641,0.005555555555555556,0.0011111111111111111,0.01111111111111111
bidir,XS,19698448,1600000,1548079497216,0.028668138837333334,0.005758950929248385,0.06777777777777778,0.21861111111111134,0.0033333333333333335,bidir:XS:1600000,20M,100,0.003333333333333333,0.0,0.0077777777777777776,0.0,0.0,0.0,0,0.0,0.03621669264517641,0.0,0.0,0.0,0,0.0,0.03621669264517641,0.003333333333333333,0.0,0.0077777777777777776
bidir,XS,19698448,1800000,1548079497216,0.032251656192,0.005648960815506143,0.07222222222222222,0.22333333333333336,0.0044444444444444444,bidir:XS:1800000,20M,100,0.0044444444444444444,0.0011111111111111111,0.008888888888888889,0.0,0.0,0.0,0,0.0,0.03621669264517641,0.0,0.0,0.0,0,0.0,0.03621669264517641,0.0044444444444444444,0.0011111111111111111,0.008888888888888889
bidir,XS,19698448,2000000,1548079497216,0.03583517354666667,0.0053579261957565905,0.07555555555555556,0.21925925925925904,0.0044444444444444444,bidir:XS:2000000,20M,100,0.0044444444444444444,0.0011111111111111111,0.008888888888888889,0.0,0.0,0.0,0,0.0,0.03621669264517641,0.0,0.0,0.0,0,0.0,0.03621669264517641,0.0044444444444444444,0.0011111111111111111,0.008888888888888889
bidir,XS,19698448,2200000,1548079497216,0.039418690901333334,0.005252471110452461,0.12,0.2273148148148145,0.008888888888888889,bidir:XS:2200000,20M,100,0.00888888888888889,0.003333333333333333,0.015555555555555553,0.0,0.0,0.0,0,0.0,0.03621669264517641,0.0,0.0,0.0,0,0.0,0.03621669264517641,0.00888888888888889,0.003333333333333333,0.015555555555555553
bidir,XS,19698448,2400000,1548079497216,0.043002208256,0.0047065534013199795,0.26666666666666666,0.2370370370370371,0.012222222222222223,bidir:XS:2400000,20M,100,0.012222222222222225,0.0044444444444444444,0.021111111111111112,0.0,0.0,0.0,0,0.0,0.03621669264517641,0.0,0.0,0.0,0,0.0,0.03621669264517641,0.012222222222222225,0.0044444444444444444,0.021111111111111112
bidir,XS,19698448,2500000,1548079497216,0.04479396693333333,0.004564560543258267,0.42333333333333334,0.24120370370370373,0.014444444444444444,bidir:XS:2500000,20M,100,0.014444444444444447,0.006666666666666666,0.023333333333333334,0.0,0.0,0.0,0,0.0,0.03621669264517641,0.0,0.0,0.0,0,0.0,0.03621669264517641,0.014444444444444447,0.006666666666666666,0.023333333333333334
bidir,XS,19698448,2600000,1548079497216,0.046585725610666665,0.004637991690742638,0.54,0.26120370370370355,0.025555555555555557,bidir:XS:2600000,20M,100,0.025555555555555557,0.013333333333333334,0.03888888888888888,0.0,0.0,0.0,0,0.0,0.03621669264517641,0.0,0.0,0.0,0,0.0,0.03621669264517641,0.025555555555555557,0.013333333333333334,0.03888888888888888
bidir,XS,19698448,2800000,1548079497216,0.05016924296533333,0.004283025471977453,0.84,0.4578703703703701,0.16777777777777778,bidir:XS:2800000,20M,100,0.16777777777777747,0.15222222222222212,0.18222222222222217,0.0,0.0,0.0,0,0.0,0.03621669264517641,0.0,0.0,0.0,0,0.0,0.03621669264517641,0.16777777777777747,0.15222222222222212,0.18222222222222217
bidir,XS,19698448,3000000,1548079497216,0.05375276032,0.003984812590715592,0.8688888888888889,0.5199999999999996,0.2088888888888889,bidir:XS:3000000,20M,100,0.2088888888888885,0.1977777777777776,0.21888888888888877,0.0,0.0,0.0,0,0.0,0.03621669264517641,0.0,0.0,0.0,0,0.0,0.03621669264517641,0.2088888888888885,0.1977777777777776,0.21888888888888877
bidir,XS,19698448,3200000,1548079497216,0.05733627767466667,0.003943891897051799,0.8744444444444445,0.5377777777777782,0.21777777777777776,bidir:XS:3200000,20M,100,0.21777777777777732,0.20777777777777756,0.2277777777777776,0.0,0.0,0.0,0,0.0,0.03621669264517641,0.0,0.0,0.0,0,0.0,0.03621669264517641,0.21777777777777732,0.20777777777777756,0.2277777777777776
bidir,XS,19698448,3400000,1548079497216,0.06091979502933333,0.003925640712623135,0.8688888888888889,0.5452777777777783,0.2288888888888889,bidir:XS:3400000,20M,100,0.2288888888888884,0.21999999999999978,0.23777777777777762,0.0,0.0,0.0,0,0.0,0.03621669264517641,0.0,0.0,0.0,0,0.0,0.03621669264517641,0.2288888888888884,0.21999999999999978,0.23777777777777762
bidir,XS,19698448,3600000,1548079497216,0.064503312384,0.0037764689727737277,0.8711111111111111,0.5555555555555559,0.23222222222222222,bidir:XS:3600000,20M,100,0.23222222222222175,0.2233333333333331,0.24222222222222192,0.0,0.0,0.0,0,0.0,0.03621669264517641,0.0,0.0,0.0,0,0.0,0.03621669264517641,0.23222222222222175,0.2233333333333331,0.24222222222222192
bidir,XS,19698448,3800000,1548079497216,0.06808682973866667,0.003815667437720549,0.87,0.5593518518518518,0.23555555555555555,bidir:XS:3800000,20M,100,0.2355555555555551,0.22666666666666638,0.24555555555555533,0.0,0.0,0.0,0,0.0,0.03621669264517641,0.0,0.0,0.0,0,0.0,0.03621669264517641,0.2355555555555551,0.22666666666666638,0.24555555555555533
bidir,XS,19698448,4000000,1548079497216,0.07167034709333334,0.0036713801023324777,0.8933333333333333,0.5646296296296299,0.23444444444444446,bidir:XS:4000000,20M,100,0.23444444444444396,0.22444444444444425,0.2444444444444442,0.0,0.0,0.0,0,0.0,0.03621669264517641,0.0,0.0,0.0,0,0.0,0.03621669264517641,0.23444444444444396,0.22444444444444425,0.2444444444444442
bidir,XS,19698448,4200000,1548079497216,0.075253864448,0.003878664665535325,0.8788888888888889,0.5687037037037038,0.24222222222222223,bidir:XS:4200000,20M,100,0.24222222222222178,0.22999999999999976,0.2555555555555553,0.0,0.0,0.0,0,0.0,0.03621669264517641,0.0,0.0,0.0,0,0.0,0.03621669264517641,0.24222222222222178,0.22999999999999976,0.2555555555555553
bidir,XS,19698448,4400000,1548079497216,0.07883738180266667,0.0037766783857478003,0.8911111111111111,0.5774999999999999,0.24666666666666667,bidir:XS:4400000,20M,100,0.24666666666666623,0.23555555555555532,0.25777777777777755,0.0,0.0,0.0,0,0.0,0.03621669264517641,0.0,0.0,0.0,0,0.0,0.03621669264517641,0.24666666666666623,0.23555555555555532,0.25777777777777755
bidir,XS,19698448,4600000,1548079497216,0.08242089915733333,0.0036671449515779386,0.8855555555555555,0.5778703703703707,0.24555555555555555,bidir:XS:4600000,20M,100,0.2455555555555551,0.23333333333333311,0.25777777777777766,0.0,0.0,0.0,0,0.0,0.03621669264517641,0.0,0.0,0.0,0,0.0,0.03621669264517641,0.2455555555555551,0.23333333333333311,0.25777777777777766
bidir,XS,19698448,4800000,1548079497216,0.086004416512,0.0034964478340953065,0.8722222222222222,0.5815740740740741,0.24333333333333335,bidir:XS:4800000,20M,100,0.24333333333333285,0.23222222222222205,0.2544444444444443,0.0,0.0,0.0,0,0.0,0.03621669264517641,0.0,0.0,0.0,0,0.0,0.03621669264517641,0.24333333333333285,0.23222222222222205,0.2544444444444443
bidir,XS,19698448,5000000,1548079497216,0.08958793386666666,0.0034120106770387792,0.8744444444444445,0.5806481481481484,0.24555555555555555,bidir:XS:5000000,20M,100,0.2455555555555551,0.23444444444444426,0.2555555555555554,0.0,0.0,0.0,0,0.0,0.03621669264517641,0.0,0.0,0.0,0,0.0,0.03621669264517641,0.2455555555555551,0.23444444444444426,0.2555555555555554
bidir,XS,19698448,5200000,1548079497216,0.09317145122133333,0.003395000735281428,0.8744444444444445,0.586851851851852,0.2511111111111111,bidir:XS:5200000,20M,100,0.2511111111111107,0.2388888888888887,0.26333333333333314,0.0,0.0,0.0,0,0.0,0.03621669264517641,0.0,0.0,0.0,0,0.0,0.03621669264517641,0.2511111111111107,0.2388888888888887,0.26333333333333314
bidir,XS,19698448,5400000,1548079497216,0.096754968576,0.003411780648320928,0.8666666666666667,0.5915740740740746,0.2511111111111111,bidir:XS:5400000,20M,100,0.2511111111111106,0.23888888888888865,0.26333333333333314,0.0,0.0,0.0,0,0.0,0.03621669264517641,0.0,0.0,0.0,0,0.0,0.03621669264517641,0.2511111111111106,0.23888888888888865,0.26333333333333314
bidir,XS,19698448,5600000,1548079497216,0.10033848593066666,0.0033607106042836676,0.8744444444444445,0.596203703703704,0.25666666666666665,bidir:XS:5600000,20M,100,0.25666666666666615,0.24333333333333315,0.26999999999999974,0.0,0.0,0.0,0,0.0,0.03621669264517641,0.0,0.0,0.0,0,0.0,0.03621669264517641,0.25666666666666615,0.24333333333333315,0.26999999999999974
bidir,XS,19698448,5800000,1548079497216,0.10392200328533334,0.003344988384469616,0.8677777777777778,0.6019444444444446,0.2577777777777778,bidir:XS:5800000,20M,100,0.2577777777777773,0.24555555555555536,0.26999999999999985,0.0,0.0,0.0,0,0.0,0.03621669264517641,0.0,0.0,0.0,0,0.0,0.03621669264517641,0.2577777777777773,0.24555555555555536,0.26999999999999985
bidir,XS,19698448,6000000,1548079497216,0.10750552064,0.003310896507855432,0.8655555555555555,0.59888888888889,0.2577777777777778,bidir:XS:6000000,20M,100,0.25777777777777733,0.24666666666666642,0.26891666666666664,0.0,0.0,0.0,0,0.0,0.03621669264517641,0.0,0.0,0.0,0,0.0,0.03621669264517641,0.25777777777777733,0.24666666666666642,0.26891666666666664
bidir,S,33449488,32768,2390463946752,0.0009066055857311289,2.4322629403322935,0.057777777777777775,0.1821296296296296,0.0,bidir:S:32768,30M,100,0.0,0.0,0.0,0.0,0.0,0.0,0,0.0,0.03621669264517641,0.0,0.0,0.0,0,0.0,0.03621669264517641,0.0,0.0,0.0
bidir,S,33449488,65536,2390463946752,0.0018132111714622577,1.6250478480942547,0.057777777777777775,0.1821296296296296,0.0,bidir:S:65536,30M,100,0.0,0.0,0.0,0.0,0.0,0.0,0,0.0,0.03621669264517641,0.0,0.0,0.0,0,0.0,0.03621669264517641,0.0,0.0,0.0
bidir,S,33449488,131072,2390463946752,0.0036264223429245154,1.5009252079762518,0.056666666666666664,0.1821296296296296,0.0,bidir:S:131072,30M,100,0.0,0.0,0.0,0.0,0.0,0.0,0,0.0,0.03621669264517641,0.0,0.0,0.0,0,0.0,0.03621669264517641,0.0,0.0,0.0
bidir,S,33449488,200000,2390463946752,0.0055334813582222225,0.7933108112774789,0.04111111111111111,0.22481481481481483,0.0,bidir:S:200000,30M,100,0.0,0.0,0.0,0.0,0.0,0.0,0,0.0,0.03621669264517641,0.0,0.0,0.0,0,0.0,0.03621669264517641,0.0,0.0,0.0
bidir,S,33449488,262144,2390463946752,0.007252844685849031,0.3277395684272051,0.05444444444444444,0.22935185185185206,0.0,bidir:S:262144,30M,100,0.0,0.0,0.0,0.0,0.0,0.0,0,0.0,0.03621669264517641,0.0,0.0,0.0,0,0.0,0.03621669264517641,0.0,0.0,0.0
bidir,S,33449488,400000,2390463946752,0.011066962716444445,0.04975616526644444,0.06111111111111111,0.2208333333333333,0.0033333333333333335,bidir:S:400000,30M,100,0.003333333333333333,0.0,0.0077777777777777776,0.0,0.0,0.0,0,0.0,0.03621669264517641,0.0,0.0,0.0,0,0.0,0.03621669264517641,0.003333333333333333,0.0,0.0077777777777777776
bidir,S,33449488,524288,2390463946752,0.014505689371698062,0.03442152047500713,0.06444444444444444,0.22166666666666673,0.0022222222222222222,bidir:S:524288,30M,100,0.0022222222222222222,0.0,0.005555555555555556,0.0,0.0,0.0,0,0.0,0.03621669264517641,0.0,0.0,0.0,0,0.0,0.03621669264517641,0.0022222222222222222,0.0,0.005555555555555556
bidir,S,33449488,600000,2390463946752,0.016600444074666668,0.029270093931700103,0.06222222222222222,0.21759259259259298,0.0022222222222222222,bidir:S:600000,30M,100,0.0022222222222222222,0.0,0.005555555555555556,0.0,0.0,0.0,0,0.0,0.03621669264517641,0.0,0.0,0.0,0,0.0,0.03621669264517641,0.0022222222222222222,0.0,0.005555555555555556
bidir,S,33449488,786432,2390463946752,0.02175853405754709,0.018316193170903716,0.07111111111111111,0.22444444444444453,0.0033333333333333335,bidir:S:786432,30M,100,0.003333333333333333,0.0,0.0077777777777777776,0.0,0.0,0.0,0,0.0,0.03621669264517641,0.0,0.0,0.0,0,0.0,0.03621669264517641,0.003333333333333333,0.0,0.0077777777777777776
bidir,S,33449488,800000,2390463946752,0.02213392543288889,0.017441364341721055,0.07666666666666666,0.22296296296296295,0.0033333333333333335,bidir:S:800000,30M,100,0.003333333333333333,0.0,0.0077777777777777776,0.0,0.0,0.0,0,0.0,0.03621669264517641,0.0,0.0,0.0,0,0.0,0.03621669264517641,0.003333333333333333,0.0,0.0077777777777777776
bidir,S,33449488,1000000,2390463946752,0.027667406791111113,0.019714043108251644,0.05444444444444444,0.21824074074074104,0.0022222222222222222,bidir:S:1000000,30M,100,0.0022222222222222222,0.0,0.005555555555555556,0.0,0.0,0.0,0,0.0,0.03621669264517641,0.0,0.0,0.0,0,0.0,0.03621669264517641,0.0022222222222222222,0.0,0.005555555555555556
bidir,S,33449488,1200000,2390463946752,0.033200888149333335,0.012567908910568804,0.07,0.21731481481481502,0.0077777777777777776,bidir:S:1200000,30M,100,0.007777777777777779,0.0022222222222222222,0.013333333333333334,0.0,0.0,0.0,0,0.0,0.03621669264517641,0.0,0.0,0.0,0,0.0,0.03621669264517641,0.007777777777777779,0.0022222222222222222,0.013333333333333334
bidir,S,33449488,1400000,2390463946752,0.03873436950755556,0.007126964042981854,0.06444444444444444,0.21990740740740752,0.0033333333333333335,bidir:S:1400000,30M,100,0.003333333333333333,0.0,0.0077777777777777776,0.0,0.0,0.0,0,0.0,0.03621669264517641,0.0,0.0,0.0,0,0.0,0.03621669264517641,0.003333333333333333,0.0,0.0077777777777777776
bidir,S,33449488,1500000,2390463946752,0.04150111018666667,0.0057530571011739084,0.07333333333333333,0.21703703703703697,0.0044444444444444444,bidir:S:1500000,30M,100,0.0044444444444444444,0.0011111111111111111,0.008888888888888889,0.0,0.0,0.0,0,0.0,0.03621669264517641,0.0,0.0,0.0,0,0.0,0.03621669264517641,0.0044444444444444444,0.0011111111111111111,0.008888888888888889
bidir,S,33449488,1600000,2390463946752,0.04426785086577778,0.00504788824764546,0.06777777777777778,0.22037037037037038,0.0044444444444444444,bidir:S:1600000,30M,100,0.0044444444444444444,0.0011111111111111111,0.008888888888888889,0.0,0.0,0.0,0,0.0,0.03621669264517641,0.0,0.0,0.0,0,0.0,0.03621669264517641,0.0044444444444444444,0.0011111111111111111,0.008888888888888889
bidir,S,33449488,1800000,2390463946752,0.049801332224,0.004336121143296623,0.08222222222222222,0.21268518518518545,0.008888888888888889,bidir:S:1800000,30M,100,0.00888888888888889,0.003333333333333333,0.015555555555555553,0.0,0.0,0.0,0,0.0,0.03621669264517641,0.0,0.0,0.0,0,0.0,0.03621669264517641,0.00888888888888889,0.003333333333333333,0.015555555555555553
bidir,S,33449488,2000000,2390463946752,0.055334813582222225,0.004130146994157258,0.08777777777777777,0.21351851851851816,0.01,bidir:S:2000000,30M,100,0.010000000000000002,0.003333333333333333,0.017777777777777778,0.0,0.0,0.0,0,0.0,0.03621669264517641,0.0,0.0,0.0,0,0.0,0.03621669264517641,0.010000000000000002,0.003333333333333333,0.017777777777777778
bidir,S,33449488,2200000,2390463946752,0.06086829494044445,0.0038586841837968677,0.18222222222222223,0.23787037037037048,0.024444444444444446,bidir:S:2200000,30M,100,0.02444444444444445,0.014444444444444444,0.035555555555555556,0.0,0.0,0.0,0,0.0,0.03621669264517641,0.0,0.0,0.0,0,0.0,0.03621669264517641,0.02444444444444445,0.014444444444444444,0.035555555555555556
bidir,S,33449488,2400000,2390463946752,0.06640177629866667,0.003387639510947338,0.6022222222222222,0.36546296296296266,0.11888888888888889,bidir:S:2400000,30M,100,0.11888888888888875,0.09999999999999996,0.1388888888888888,0.0,0.0,0.0,0,0.0,0.03621669264517641,0.0,0.0,0.0,0,0.0,0.03621669264517641,0.11888888888888875,0.09999999999999996,0.1388888888888888
bidir,S,33449488,2500000,2390463946752,0.06916851697777777,0.0032764303516614746,0.7533333333333333,0.4489814814814815,0.17222222222222222,bidir:S:2500000,30M,100,0.17222222222222197,0.15555555555555547,0.18777777777777763,0.0,0.0,0.0,0,0.0,0.03621669264517641,0.0,0.0,0.0,0,0.0,0.03621669264517641,0.17222222222222197,0.15555555555555547,0.18777777777777763
bidir,S,33449488,2600000,2390463946752,0.07193525765688889,0.003083548658878499,0.8155555555555556,0.5008333333333334,0.20555555555555555,bidir:S:2600000,30M,100,0.2055555555555552,0.18999999999999984,0.21999999999999983,0.0,0.0,0.0,0,0.0,0.03621669264517641,0.0,0.0,0.0,0,0.0,0.03621669264517641,0.2055555555555552,0.18999999999999984,0.21999999999999983
bidir,S,33449488,2800000,2390463946752,0.07746873901511112,0.0029167122213493712,0.8544444444444445,0.5462962962962955,0.2311111111111111,bidir:S:2800000,30M,100,0.23111111111111068,0.21555555555555542,0.24666666666666645,0.0,0.0,0.0,0,0.0,0.03621669264517641,0.0,0.0,0.0,0,0.0,0.03621669264517641,0.23111111111111068,0.21555555555555542,0.24666666666666645
bidir,S,33449488,3000000,2390463946752,0.08300222037333334,0.0029757587935819174,0.8666666666666667,0.5937962962962969,0.2544444444444444,bidir:S:3000000,30M,100,0.254444444444444,0.23777777777777762,0.2711111111111109,0.0,0.0,0.0,0,0.0,0.03621669264517641,0.0,0.0,0.0,0,0.0,0.03621669264517641,0.254444444444444,0.23777777777777762,0.2711111111111109
bidir,S,33449488,3200000,2390463946752,0.08853570173155556,0.010244816794056533,0.88,0.6212037037037036,0.2688888888888889,bidir:S:3200000,30M,100,0.2688888888888884,0.25555555555555526,0.2844444444444442,0.0,0.0,0.0,0,0.0,0.03621669264517641,0.0,0.0,0.0,0,0.0,0.03621669264517641,0.2688888888888884,0.25555555555555526,0.2844444444444442
bidir,S,33449488,3400000,2390463946752,0.09406918308977778,0.004035539394863008,0.8888888888888888,0.6248148148148149,0.2733333333333333,bidir:S:3400000,30M,100,0.2733333333333328,0.2588888888888886,0.28999999999999976,0.0,0.0,0.0,0,0.0,0.03621669264517641,0.0,0.0,0.0,0,0.0,0.03621669264517641,0.2733333333333328,0.2588888888888886,0.28999999999999976
bidir,S,33449488,3600000,2390463946752,0.099602664448,0.0027927477872253803,0.89,0.6445370370370368,0.29,bidir:S:3600000,30M,100,0.2899999999999995,0.2755555555555553,0.30555555555555547,0.0,0.0,0.0,0,0.0,0.03621669264517641,0.0,0.0,0.0,0,0.0,0.03621669264517641,0.2899999999999995,0.2755555555555553,0.30555555555555547
bidir,S,33449488,3800000,2390463946752,0.10513614580622223,0.0025701738356929127,0.8877777777777778,0.6570370370370375,0.3011111111111111,bidir:S:3800000,30M,100,0.30111111111111055,0.28555555555555534,0.31777777777777755,0.0,0.0,0.0,0,0.0,0.03621669264517641,0.0,0.0,0.0,0,0.0,0.03621669264517641,0.30111111111111055,0.28555555555555534,0.31777777777777755
bidir,S,33449488,4000000,2390463946752,0.11066962716444445,0.0025197069551268214,0.8833333333333333,0.6602777777777777,0.30333333333333334,bidir:S:4000000,30M,100,0.3033333333333328,0.28777777777777763,0.3188888888888889,0.0,0.0,0.0,0,0.0,0.03621669264517641,0.0,0.0,0.0,0,0.0,0.03621669264517641,0.3033333333333328,0.28777777777777763,0.3188888888888889
bidir,S,33449488,4200000,2390463946752,0.11620310852266667,0.0024726742910843313,0.89,0.6605555555555548,0.30777777777777776,bidir:S:4200000,30M,100,0.30777777777777726,0.29330555555555526,0.3233333333333333,0.0,0.0,0.0,0,0.0,0.03621669264517641,0.0,0.0,0.0,0,0.0,0.03621669264517641,0.30777777777777726,0.29330555555555526,0.3233333333333333
bidir,S,33449488,4400000,2390463946752,0.1217365898808889,0.0024346305599465268,0.89,0.6707407407407399,0.30444444444444446,bidir:S:4400000,30M,100,0.30444444444444396,0.2888888888888887,0.32111111111111107,0.0,0.0,0.0,0,0.0,0.03621669264517641,0.0,0.0,0.0,0,0.0,0.03621669264517641,0.30444444444444396,0.2888888888888887,0.32111111111111107
bidir,S,33449488,4600000,2390463946752,0.1272700712391111,0.0024048708726240875,0.8988888888888888,0.6711111111111108,0.3111111111111111,bidir:S:4600000,30M,100,0.3111111111111106,0.2944444444444444,0.32888888888888873,0.0,0.0,0.0,0,0.0,0.03621669264517641,0.0,0.0,0.0,0,0.0,0.03621669264517641,0.3111111111111106,0.2944444444444444,0.32888888888888873
bidir,S,33449488,4800000,2390463946752,0.13280355259733334,0.0023887321519850957,0.8922222222222222,0.6696296296296291,0.3088888888888889,bidir:S:4800000,30M,100,0.3088888888888884,0.292222222222222,0.32666666666666655,0.0,0.0,0.0,0,0.0,0.03621669264517641,0.0,0.0,0.0,0,0.0,0.03621669264517641,0.3088888888888884,0.292222222222222,0.32666666666666655
bidir,S,33449488,5000000,2390463946752,0.13833703395555555,0.00235690323597737,0.8766666666666667,0.6724074074074069,0.31222222222222223,bidir:S:5000000,30M,100,0.31222222222222173,0.29444444444444434,0.33,0.0,0.0,0.0,0,0.0,0.03621669264517641,0.0,0.0,0.0,0,0.0,0.03621669264517641,0.31222222222222173,0.29444444444444434,0.33
bidir,S,33449488,5200000,2390463946752,0.14387051531377779,0.002342280798984575,0.8911111111111111,0.6751851851851849,0.31,bidir:S:5200000,30M,100,0.3099999999999995,0.29222222222222205,0.32888888888888884,0.0,0.0,0.0,0,0.0,0.03621669264517641,0.0,0.0,0.0,0,0.0,0.03621669264517641,0.3099999999999995,0.29222222222222205,0.32888888888888884
bidir,S,33449488,5400000,2390463946752,0.149403996672,0.0023178661879228457,0.8933333333333333,0.6775925925925927,0.31222222222222223,bidir:S:5400000,30M,100,0.31222222222222173,0.29555555555555546,0.32999999999999996,0.0,0.0,0.0,0,0.0,0.03621669264517641,0.0,0.0,0.0,0,0.0,0.03621669264517641,0.31222222222222173,0.29555555555555546,0.32999999999999996
bidir,S,33449488,5600000,2390463946752,0.15493747803022223,0.0023051752009450865,0.8855555555555555,0.6803703703703703,0.31444444444444447,bidir:S:5600000,30M,100,0.31444444444444397,0.29777777777777753,0.33333333333333326,0.0,0.0,0.0,0,0.0,0.03621669264517641,0.0,0.0,0.0,0,0.0,0.03621669264517641,0.31444444444444397,0.29777777777777753,0.33333333333333326
bidir,S,33449488,5800000,2390463946752,0.16047095938844444,0.002276974096730555,0.8722222222222222,0.68074074074074,0.3111111111111111,bidir:S:5800000,30M,100,0.3111111111111106,0.29555555555555535,0.32888888888888884,0.0,0.0,0.0,0,0.0,0.03621669264517641,0.0,0.0,0.0,0,0.0,0.03621669264517641,0.3111111111111106,0.29555555555555535,0.32888888888888884
bidir,S,33449488,6000000,2390463946752,0.16600444074666668,0.0022830584064195136,0.8933333333333333,0.6778703703703702,0.31,bidir:S:6000000,30M,100,0.3099999999999995,0.29333333333333317,0.3277777777777778,0.0,0.0,0.0,0,0.0,0.03621669264517641,0.0,0.0,0.0,0,0.0,0.03621669264517641,0.3099999999999995,0.29333333333333317,0.3277777777777778
bidir,M,67814416,32768,3948711936000,0.0014975855638755555,2.3075610948726535,0.058888888888888886,0.1821296296296296,0.0,bidir:M:32768,70M,100,0.0,0.0,0.0,0.0,0.0,0.0,0,0.0,0.03621669264517641,0.0,0.0,0.0,0,0.0,0.03621669264517641,0.0,0.0,0.0
bidir,M,67814416,65536,3948711936000,0.002995171127751111,1.6208197041414678,0.051111111111111114,0.1821296296296296,0.0,bidir:M:65536,70M,100,0.0,0.0,0.0,0.0,0.0,0.0,0,0.0,0.03621669264517641,0.0,0.0,0.0,0,0.0,0.03621669264517641,0.0,0.0,0.0
bidir,M,67814416,131072,3948711936000,0.005990342255502222,1.322554236277938,0.052222222222222225,0.18222222222222223,0.0,bidir:M:131072,70M,100,0.0,0.0,0.0,0.0,0.0,0.0,0,0.0,0.03621669264517641,0.0,0.0,0.0,0,0.0,0.03621669264517641,0.0,0.0,0.0
bidir,M,67814416,200000,3948711936000,0.009140536888888889,0.49985359667334706,0.06,0.2342592592592592,0.0,bidir:M:200000,70M,100,0.0,0.0,0.0,0.0,0.0,0.0,0,0.0,0.03621669264517641,0.0,0.0,0.0,0,0.0,0.03621669264517641,0.0,0.0,0.0
bidir,M,67814416,262144,3948711936000,0.011980684511004444,0.26830757764400914,0.06888888888888889,0.2345370370370371,0.0,bidir:M:262144,70M,100,0.0,0.0,0.0,0.0,0.0,0.0,0,0.0,0.03621669264517641,0.0,0.0,0.0,0,0.0,0.03621669264517641,0.0,0.0,0.0
bidir,M,67814416,400000,3948711936000,0.018281073777777778,0.0470168554893462,0.2822222222222222,0.2610185185185188,0.02,bidir:M:400000,70M,100,0.020000000000000004,0.012222222222222223,0.02888888888888889,0.0,0.0,0.0,0,0.0,0.03621669264517641,0.0,0.0,0.0,0,0.0,0.03621669264517641,0.020000000000000004,0.012222222222222223,0.02888888888888889
bidir,M,67814416,524288,3948711936000,0.023961369022008887,0.02170512903103372,0.6233333333333333,0.38046296296296306,0.09555555555555556,bidir:M:524288,70M,100,0.0955555555555554,0.0833333333333333,0.10777777777777772,0.0,0.0,0.0,0,0.0,0.03621669264517641,0.0,0.0,0.0,0,0.0,0.03621669264517641,0.0955555555555554,0.0833333333333333,0.10777777777777772
bidir,M,67814416,600000,3948711936000,0.027421610666666665,0.017158848106191726,0.6966666666666667,0.4476851851851855,0.14333333333333334,bidir:M:600000,70M,100,0.14333333333333306,0.131111111111111,0.15555555555555542,0.0,0.0,0.0,0,0.0,0.03621669264517641,0.0,0.0,0.0,0,0.0,0.03621669264517641,0.14333333333333306,0.131111111111111,0.15555555555555542
bidir,M,67814416,786432,3948711936000,0.035942053533013336,0.009169619303065701,0.6888888888888889,0.544351851851852,0.21555555555555556,bidir:M:786432,70M,100,0.2155555555555551,0.20555555555555538,0.22555555555555534,0.0,0.0,0.0,0,0.0,0.03621669264517641,0.0,0.0,0.0,0,0.0,0.03621669264517641,0.2155555555555551,0.20555555555555538,0.22555555555555534
bidir,M,67814416,800000,3948711936000,0.036562147555555556,0.008791558755547157,0.7211111111111111,0.5454629629629633,0.21888888888888888,bidir:M:800000,70M,100,0.21888888888888847,0.20888888888888874,0.22888888888888864,0.0,0.0,0.0,0,0.0,0.03621669264517641,0.0,0.0,0.0,0,0.0,0.03621669264517641,0.21888888888888847,0.20888888888888874,0.22888888888888864
bidir,M,67814416,1000000,3948711936000,0.04570268444444445,0.010600936780974735,0.6766666666666666,0.626759259259259,0.2544444444444444,bidir:M:1000000,70M,100,0.254444444444444,0.24222222222222195,0.2677777777777776,0.0,0.0,0.0,0,0.0,0.03621669264517641,0.0,0.0,0.0,0,0.0,0.03621669264517641,0.254444444444444,0.24222222222222195,0.2677777777777776
bidir,M,67814416,1200000,3948711936000,0.05484322133333333,0.005487269945660955,0.8066666666666666,0.6677777777777772,0.28,bidir:M:1200000,70M,100,0.27999999999999947,0.2655555555555553,0.29555555555555546,0.0,0.0,0.0,0,0.0,0.03621669264517641,0.0,0.0,0.0,0,0.0,0.03621669264517641,0.27999999999999947,0.2655555555555553,0.29555555555555546
bidir,M,67814416,1400000,3948711936000,0.06398375822222223,0.0031180525693343952,0.86,0.6914814814814806,0.3011111111111111,bidir:M:1400000,70M,100,0.3011111111111106,0.2855555555555554,0.31666666666666665,0.0,0.0,0.0,0,0.0,0.03621669264517641,0.0,0.0,0.0,0,0.0,0.03621669264517641,0.3011111111111106,0.2855555555555554,0.31666666666666665
bidir,M,67814416,1500000,3948711936000,0.06855402666666667,0.0026988492743384995,0.8688888888888889,0.6974999999999993,0.31444444444444447,bidir:M:1500000,70M,100,0.31444444444444397,0.29777777777777764,0.33111111111111113,0.0,0.0,0.0,0,0.0,0.03621669264517641,0.0,0.0,0.0,0,0.0,0.03621669264517641,0.31444444444444397,0.29777777777777764,0.33111111111111113
bidir,M,67814416,1600000,3948711936000,0.07312429511111111,0.0024533292132673523,0.8788888888888889,0.7060185185185183,0.31333333333333335,bidir:M:1600000,70M,100,0.3133333333333328,0.2977499999999998,0.33,0.0,0.0,0.0,0,0.0,0.03621669264517641,0.0,0.0,0.0,0,0.0,0.03621669264517641,0.3133333333333328,0.2977499999999998,0.33
bidir,M,67814416,1800000,3948711936000,0.082264832,0.0022001128090778366,0.8811111111111111,0.7160185185185177,0.3211111111111111,bidir:M:1800000,70M,100,0.32111111111111057,0.30444444444444424,0.3388888888888889,0.0,0.0,0.0,0,0.0,0.03621669264517641,0.0,0.0,0.0,0,0.0,0.03621669264517641,0.32111111111111057,0.30444444444444424,0.3388888888888889
bidir,M,67814416,2000000,3948711936000,0.0914053688888889,0.0020178510769710556,0.8844444444444445,0.7270370370370366,0.33444444444444443,bidir:M:2000000,70M,100,0.334444444444444,0.3166666666666666,0.3533333333333332,0.0,0.0,0.0,0,0.0,0.03621669264517641,0.0,0.0,0.0,0,0.0,0.03621669264517641,0.334444444444444,0.3166666666666666,0.3533333333333332
bidir,M,67814416,2200000,3948711936000,0.10054590577777778,0.0019447007498456514,0.8866666666666667,0.7313888888888883,0.33444444444444443,bidir:M:2200000,70M,100,0.33444444444444393,0.31777777777777755,0.35222222222222216,0.0,0.0,0.0,0,0.0,0.03621669264517641,0.0,0.0,0.0,0,0.0,0.03621669264517641,0.33444444444444393,0.31777777777777755,0.35222222222222216
bidir,M,67814416,2400000,3948711936000,0.10968644266666666,0.0019782882227445953,0.9033333333333333,0.7350925925925916,0.34444444444444444,bidir:M:2400000,70M,100,0.34444444444444405,0.3255555555555554,0.36444444444444435,0.0,0.0,0.0,0,0.0,0.03621669264517641,0.0,0.0,0.0,0,0.0,0.03621669264517641,0.34444444444444405,0.3255555555555554,0.36444444444444435
bidir,M,67814416,2500000,3948711936000,0.11425671111111112,0.0018942760539175652,0.8866666666666667,0.737777777777777,0.34555555555555556,bidir:M:2500000,70M,100,0.34555555555555517,0.3266666666666665,0.36555555555555536,0.0,0.0,0.0,0,0.0,0.03621669264517641,0.0,0.0,0.0,0,0.0,0.03621669264517641,0.34555555555555517,0.3266666666666665,0.36555555555555536
bidir,M,67814416,2600000,3948711936000,0.11882697955555556,0.0018671667805847392,0.9066666666666666,0.7448148148148142,0.3488888888888889,bidir:M:2600000,70M,100,0.34888888888888836,0.3299999999999999,0.3677777777777776,0.0,0.0,0.0,0,0.0,0.03621669264517641,0.0,0.0,0.0,0,0.0,0.03621669264517641,0.34888888888888836,0.3299999999999999,0.3677777777777776
bidir,M,67814416,2800000,3948711936000,0.12796751644444446,0.001825452034609043,0.8933333333333333,0.7547222222222207,0.36,bidir:M:2800000,70M,100,0.35999999999999965,0.34108333333333307,0.37999999999999995,0.0,0.0,0.0,0,0.0,0.03621669264517641,0.0,0.0,0.0,0,0.0,0.03621669264517641,0.35999999999999965,0.34108333333333307,0.37999999999999995
bidir,M,67814416,3000000,3948711936000,0.13710805333333334,0.001809212246826064,0.9077777777777778,0.7567592592592586,0.36666666666666664,bidir:M:3000000,70M,100,0.3666666666666664,0.3444444444444444,0.38888888888888873,0.0,0.0,0.0,0,0.0,0.03621669264517641,0.0,0.0,0.0,0,0.0,0.03621669264517641,0.3666666666666664,0.3444444444444444,0.38888888888888873
bidir,M,67814416,3200000,3948711936000,0.14624859022222222,0.0017851422621788515,0.9,0.7678703703703704,0.38222222222222224,bidir:M:3200000,70M,100,0.38222222222222185,0.3599999999999999,0.4055555555555552,0.0,0.0,0.0,0,0.0,0.03621669264517641,0.0,0.0,0.0,0,0.0,0.03621669264517641,0.38222222222222185,0.3599999999999999,0.4055555555555552
bidir,M,67814416,3400000,3948711936000,0.1553891271111111,0.0018206492607077962,0.8888888888888888,0.7752777777777767,0.39555555555555555,bidir:M:3400000,70M,100,0.3955555555555554,0.37222222222222207,0.4199999999999999,0.0,0.0,0.0,0,0.0,0.03621669264517641,0.0,0.0,0.0,0,0.0,0.03621669264517641,0.3955555555555554,0.37222222222222207,0.4199999999999999
bidir,M,67814416,3600000,3948711936000,0.164529664,0.0018829714531420905,0.8955555555555555,0.7751851851851853,0.39,bidir:M:3600000,70M,100,0.3899999999999996,0.36777777777777765,0.4133333333333331,0.0,0.0,0.0,0,0.0,0.03621669264517641,0.0,0.0,0.0,0,0.0,0.03621669264517641,0.3899999999999996,0.36777777777777765,0.4133333333333331
bidir,M,67814416,3800000,3948711936000,0.17367020088888888,0.00176233088131994,0.8833333333333333,0.7816666666666662,0.3977777777777778,bidir:M:3800000,70M,100,0.3977777777777775,0.3755555555555553,0.421111111111111,0.0,0.0,0.0,0,0.0,0.03621669264517641,0.0,0.0,0.0,0,0.0,0.03621669264517641,0.3977777777777775,0.3755555555555553,0.421111111111111
bidir,M,67814416,4000000,3948711936000,0.1828107377777778,0.0019630185838650505,0.8866666666666667,0.7912962962962953,0.41555555555555557,bidir:M:4000000,70M,100,0.4155555555555555,0.393333333333333,0.4399999999999997,0.0,0.0,0.0,0,0.0,0.03621669264517641,0.0,0.0,0.0,0,0.0,0.03621669264517641,0.4155555555555555,0.393333333333333,0.4399999999999997
bidir,M,67814416,4200000,3948711936000,0.19195127466666667,0.0018612033168210473,0.8922222222222222,0.7921296296296296,0.4122222222222222,bidir:M:4200000,70M,100,0.41222222222222216,0.3888888888888888,0.4366666666666666,0.0,0.0,0.0,0,0.0,0.03621669264517641,0.0,0.0,0.0,0,0.0,0.03621669264517641,0.41222222222222216,0.3888888888888888,0.4366666666666666
bidir,M,67814416,4400000,3948711936000,0.20109181155555556,0.001739044141231716,0.8955555555555555,0.7982407407407391,0.42444444444444446,bidir:M:4400000,70M,100,0.42444444444444457,0.39888888888888874,0.452222222222222,0.0,0.0,0.0,0,0.0,0.03621669264517641,0.0,0.0,0.0,0,0.0,0.03621669264517641,0.42444444444444457,0.39888888888888874,0.452222222222222
bidir,M,67814416,4600000,3948711936000,0.21023234844444444,0.0017193924024923035,0.89,0.7949074074074073,0.4177777777777778,bidir:M:4600000,70M,100,0.4177777777777778,0.3922222222222219,0.44444444444444425,0.0,0.0,0.0,0,0.0,0.03621669264517641,0.0,0.0,0.0,0,0.0,0.03621669264517641,0.4177777777777778,0.3922222222222219,0.44444444444444425
bidir,M,67814416,4800000,3948711936000,0.21937288533333332,0.0017192513930694986,0.89,0.7972222222222214,0.42,bidir:M:4800000,70M,100,0.42000000000000015,0.3955555555555553,0.4455555555555554,0.0,0.0,0.0,0,0.0,0.03621669264517641,0.0,0.0,0.0,0,0.0,0.03621669264517641,0.42000000000000015,0.3955555555555553,0.4455555555555554
bidir,M,67814416,5000000,3948711936000,0.22851342222222223,0.0016930983831571211,0.8744444444444445,0.7995370370370362,0.42444444444444446,bidir:M:5000000,70M,100,0.4244444444444444,0.39888888888888857,0.4511111111111109,0.0,0.0,0.0,0,0.0,0.03621669264517641,0.0,0.0,0.0,0,0.0,0.03621669264517641,0.4244444444444444,0.39888888888888857,0.4511111111111109
bidir,M,67814416,5200000,3948711936000,0.23765395911111112,0.0017432581175853556,0.8911111111111111,0.8032407407407396,0.4222222222222222,bidir:M:5200000,70M,100,0.4222222222222222,0.39777777777777745,0.4477777777777777,0.0,0.0,0.0,0,0.0,0.03621669264517641,0.0,0.0,0.0,0,0.0,0.03621669264517641,0.4222222222222222,0.39777777777777745,0.4477777777777777
bidir,M,67814416,5400000,3948711936000,0.246794496,0.0017194457029745536,0.8955555555555555,0.8025925925925919,0.4177777777777778,bidir:M:5400000,70M,100,0.4177777777777776,0.3944444444444442,0.441111111111111,0.0,0.0,0.0,0,0.0,0.03621669264517641,0.0,0.0,0.0,0,0.0,0.03621669264517641,0.4177777777777776,0.3944444444444442,0.441111111111111
bidir,M,67814416,5600000,3948711936000,0.2559350328888889,0.0016909979158299393,0.8977777777777778,0.8045370370370362,0.42,bidir:M:5600000,70M,100,0.4200000000000001,0.39666666666666633,0.4455555555555551,0.0,0.0,0.0,0,0.0,0.03621669264517641,0.0,0.0,0.0,0,0.0,0.03621669264517641,0.4200000000000001,0.39666666666666633,0.4455555555555551
bidir,M,67814416,5800000,3948711936000,0.2650755697777778,0.0016811160255656432,0.8977777777777778,0.8041666666666654,0.4255555555555556,bidir:M:5800000,70M,100,0.4255555555555556,0.40111111111111086,0.44999999999999984,0.0,0.0,0.0,0,0.0,0.03621669264517641,0.0,0.0,0.0,0,0.0,0.03621669264517641,0.4255555555555556,0.40111111111111086,0.44999999999999984
bidir,M,67814416,6000000,3948711936000,0.2742161066666667,0.0018293177677151107,0.8822222222222222,0.8041666666666657,0.4211111111111111,bidir:M:6000000,70M,100,0.42111111111111094,0.3977777777777775,0.44555555555555526,0.0,0.0,0.0,0,0.0,0.03621669264517641,0.0,0.0,0.0,0,0.0,0.03621669264517641,0.42111111111111094,0.3977777777777775,0.44555555555555526
bidir,B,115788304,32768,6179745300480,0.0023437256250709334,2.1090716025792062,0.04555555555555556,0.1821296296296296,0.0,bidir:B:32768,120M,100,0.0,0.0,0.0,0.0,0.0,0.0,0,0.0,0.03621669264517641,0.0,0.0,0.0,0,0.0,0.03621669264517641,0.0,0.0,0.0
bidir,B,115788304,65536,6179745300480,0.004687451250141867,1.4977918644435704,0.04111111111111111,0.1821296296296296,0.0,bidir:B:65536,120M,100,0.0,0.0,0.0,0.0,0.0,0.0,0,0.0,0.03621669264517641,0.0,0.0,0.0,0,0.0,0.03621669264517641,0.0,0.0,0.0
bidir,B,115788304,131072,6179745300480,0.009374902500283734,0.911489877384156,0.06,0.1752777777777778,0.0,bidir:B:131072,120M,100,0.0,0.0,0.0,0.0,0.0,0.0,0,0.0,0.03621669264517641,0.0,0.0,0.0,0,0.0,0.03621669264517641,0.0,0.0,0.0
bidir,B,115788304,200000,6179745300480,0.014304965973333333,0.328185131540522,0.06555555555555556,0.22722222222222235,0.0,bidir:B:200000,120M,100,0.0,0.0,0.0,0.0,0.0,0.0,0,0.0,0.03621669264517641,0.0,0.0,0.0,0,0.0,0.03621669264517641,0.0,0.0,0.0
bidir,B,115788304,262144,6179745300480,0.018749805000567468,0.17763693071901798,0.057777777777777775,0.23037037037037,0.0,bidir:B:262144,120M,100,0.0,0.0,0.0,0.0,0.0,0.0,0,0.0,0.03621669264517641,0.0,0.0,0.0,0,0.0,0.03621669264517641,0.0,0.0,0.0
bidir,B,115788304,400000,6179745300480,0.028609931946666667,0.08240600084536709,0.04888888888888889,0.2101851851851851,0.0011111111111111111,bidir:B:400000,120M,100,0.0011111111111111111,0.0,0.003333333333333333,0.0,0.0,0.0,0,0.0,0.03621669264517641,0.0,0.0,0.0,0,0.0,0.03621669264517641,0.0011111111111111111,0.0,0.003333333333333333
bidir,B,115788304,524288,6179745300480,0.037499610001134935,0.04055115794471931,0.06,0.20842592592592618,0.0022222222222222222,bidir:B:524288,120M,100,0.0022222222222222222,0.0,0.005555555555555555,0.0,0.0,0.0,0,0.0,0.03621669264517641,0.0,0.0,0.0,0,0.0,0.03621669264517641,0.0022222222222222222,0.0,0.005555555555555555
bidir,B,115788304,600000,6179745300480,0.04291489792,0.02517322871426586,0.06333333333333334,0.21222222222222226,0.0033333333333333335,bidir:B:600000,120M,100,0.003333333333333333,0.0,0.0077777777777777776,0.0,0.0,0.0,0,0.0,0.03621669264517641,0.0,0.0,0.0,0,0.0,0.03621669264517641,0.003333333333333333,0.0,0.0077777777777777776
bidir,B,115788304,786432,6179745300480,0.0562494150017024,0.010446712240081979,0.05555555555555555,0.20722222222222245,0.0033333333333333335,bidir:B:786432,120M,100,0.003333333333333333,0.0,0.007777777777777777,0.0,0.0,0.0,0,0.0,0.03621669264517641,0.0,0.0,0.0,0,0.0,0.03621669264517641,0.003333333333333333,0.0,0.007777777777777777
bidir,B,115788304,800000,6179745300480,0.057219863893333334,0.00964126990220393,0.06777777777777778,0.20749999999999996,0.0033333333333333335,bidir:B:800000,120M,100,0.003333333333333333,0.0,0.007777777777777777,0.0,0.0,0.0,0,0.0,0.03621669264517641,0.0,0.0,0.0,0,0.0,0.03621669264517641,0.003333333333333333,0.0,0.007777777777777777
bidir,B,115788304,1000000,6179745300480,0.07152482986666667,0.005768557382907602,0.06222222222222222,0.2107407407407408,0.006666666666666667,bidir:B:1000000,120M,100,0.006666666666666667,0.0011111111111111111,0.013333333333333332,0.0,0.0,0.0,0,0.0,0.03621669264517641,0.0,0.0,0.0,0,0.0,0.03621669264517641,0.006666666666666667,0.0011111111111111111,0.013333333333333332
bidir,B,115788304,1200000,6179745300480,0.08582979584,0.004907509683107492,0.07222222222222222,0.21944444444444433,0.006666666666666667,bidir:B:1200000,120M,100,0.006666666666666667,0.0022222222222222222,0.012222222222222223,0.0,0.0,0.0,0,0.0,0.03621669264517641,0.0,0.0,0.0,0,0.0,0.03621669264517641,0.006666666666666667,0.0022222222222222222,0.012222222222222223
bidir,B,115788304,1400000,6179745300480,0.10013476181333333,0.003681865995076805,0.09333333333333334,0.22509259259259257,0.021111111111111112,bidir:B:1400000,120M,100,0.021111111111111115,0.011111111111111112,0.03222222222222222,0.0,0.0,0.0,0,0.0,0.03621669264517641,0.0,0.0,0.0,0,0.0,0.03621669264517641,0.021111111111111115,0.011111111111111112,0.03222222222222222
bidir,B,115788304,1500000,6179745300480,0.1072872448,0.0035247970795353467,0.13666666666666666,0.24222222222222234,0.02666666666666667,bidir:B:1500000,120M,100,0.026666666666666675,0.016666666666666666,0.03777777777777778,0.0,0.0,0.0,0,0.0,0.03621669264517641,0.0,0.0,0.0,0,0.0,0.03621669264517641,0.026666666666666675,0.016666666666666666,0.03777777777777778
bidir,B,115788304,1600000,6179745300480,0.11443972778666667,0.003137073812467861,0.20666666666666667,0.24972222222222226,0.03888888888888889,bidir:B:1600000,120M,100,0.0388888888888889,0.02666666666666667,0.052222222222222225,0.0,0.0,0.0,0,0.0,0.03621669264517641,0.0,0.0,0.0,0,0.0,0.03621669264517641,0.0388888888888889,0.02666666666666667,0.052222222222222225
bidir,B,115788304,1800000,6179745300480,0.12874469376,0.0024488717936037574,0.5177777777777778,0.3395370370370367,0.09555555555555556,bidir:B:1800000,120M,100,0.09555555555555545,0.07999999999999996,0.11222222222222218,0.0,0.0,0.0,0,0.0,0.03621669264517641,0.0,0.0,0.0,0,0.0,0.03621669264517641,0.09555555555555545,0.07999999999999996,0.11222222222222218
bidir,B,115788304,2000000,6179745300480,0.14304965973333333,0.0021263782716687274,0.7355555555555555,0.4617592592592589,0.17444444444444446,bidir:B:2000000,120M,100,0.1744444444444442,0.15888888888888875,0.1899999999999999,0.0,0.0,0.0,0,0.0,0.03621669264517641,0.0,0.0,0.0,0,0.0,0.03621669264517641,0.1744444444444442,0.15888888888888875,0.1899999999999999
bidir,B,115788304,2200000,6179745300480,0.15735462570666667,0.00220568939766963,0.8333333333333334,0.5512962962962965,0.23,bidir:B:2200000,120M,100,0.22999999999999965,0.21555555555555536,0.24555555555555533,0.0,0.0,0.0,0,0.0,0.03621669264517641,0.0,0.0,0.0,0,0.0,0.03621669264517641,0.22999999999999965,0.21555555555555536,0.24555555555555533
bidir,B,115788304,2400000,6179745300480,0.17165959168,0.0017590725537957042,0.8833333333333333,0.6936111111111105,0.3322222222222222,bidir:B:2400000,120M,100,0.33222222222222186,0.31111111111111095,0.3544444444444444,0.0,0.0,0.0,0,0.0,0.03621669264517641,0.0,0.0,0.0,0,0.0,0.03621669264517641,0.33222222222222186,0.31111111111111095,0.3544444444444444
bidir,B,115788304,2500000,6179745300480,0.17881207466666665,0.0016851603095346945,0.8788888888888889,0.7322222222222224,0.35,bidir:B:2500000,120M,100,0.3499999999999997,0.3266666666666666,0.3733333333333333,0.0,0.0,0.0,0,0.0,0.03621669264517641,0.0,0.0,0.0,0,0.0,0.03621669264517641,0.3499999999999997,0.3266666666666666,0.3733333333333333
bidir,B,115788304,2600000,6179745300480,0.18596455765333333,0.001635455191717483,0.8811111111111111,0.7620370370370373,0.36444444444444446,bidir:B:2600000,120M,100,0.36444444444444407,0.3422222222222221,0.3866666666666665,0.0,0.0,0.0,0,0.0,0.03621669264517641,0.0,0.0,0.0,0,0.0,0.03621669264517641,0.36444444444444407,0.3422222222222221,0.3866666666666665
bidir,B,115788304,2800000,6179745300480,0.20026952362666667,0.001626910003778903,0.88,0.7871296296296291,0.39666666666666667,bidir:B:2800000,120M,100,0.3966666666666665,0.37441666666666645,0.42111111111111094,0.0,0.0,0.0,0,0.0,0.03621669264517641,0.0,0.0,0.0,0,0.0,0.03621669264517641,0.3966666666666665,0.37441666666666645,0.42111111111111094
bidir,B,115788304,3000000,6179745300480,0.2145744896,0.0015926917910746852,0.89,0.8000925925925916,0.41444444444444445,bidir:B:3000000,120M,100,0.41444444444444434,0.38997222222222194,0.43888888888888883,0.0,0.0,0.0,0,0.0,0.03621669264517641,0.0,0.0,0.0,0,0.0,0.03621669264517641,0.41444444444444434,0.38997222222222194,0.43888888888888883
bidir,B,115788304,3200000,6179745300480,0.22887945557333333,0.001625630739454209,0.8922222222222222,0.8096296296296289,0.4255555555555556,bidir:B:3200000,120M,100,0.4255555555555556,0.4011111111111108,0.4499999999999999,0.0,0.0,0.0,0,0.0,0.03621669264517641,0.0,0.0,0.0,0,0.0,0.03621669264517641,0.4255555555555556,0.4011111111111108,0.4499999999999999
bidir,B,115788304,3400000,6179745300480,0.24318442154666667,0.0015380941017610894,0.8922222222222222,0.8167592592592583,0.4288888888888889,bidir:B:3400000,120M,100,0.42888888888888893,0.40333333333333315,0.45333333333333325,0.0,0.0,0.0,0,0.0,0.03621669264517641,0.0,0.0,0.0,0,0.0,0.03621669264517641,0.42888888888888893,0.40333333333333315,0.45333333333333325
bidir,B,115788304,3600000,6179745300480,0.25748938752,0.0015092876313929082,0.8822222222222222,0.8209259259259251,0.4388888888888889,bidir:B:3600000,120M,100,0.4388888888888888,0.41333333333333305,0.4644444444444442,0.0,0.0,0.0,0,0.0,0.03621669264517641,0.0,0.0,0.0,0,0.0,0.03621669264517641,0.4388888888888888,0.41333333333333305,0.4644444444444442
bidir,B,115788304,3800000,6179745300480,0.2717943534933333,0.0015084492645200953,0.8922222222222222,0.831851851851851,0.4633333333333333,bidir:B:3800000,120M,100,0.46333333333333326,0.4355555555555554,0.4888888888888887,0.0,0.0,0.0,0,0.0,0.03621669264517641,0.0,0.0,0.0,0,0.0,0.03621669264517641,0.46333333333333326,0.4355555555555554,0.4888888888888887
bidir,B,115788304,4000000,6179745300480,0.28609931946666667,0.0014803338215187978,0.8777777777777778,0.8440740740740734,0.4766666666666667,bidir:B:4000000,120M,100,0.47666666666666674,0.452222222222222,0.49999999999999983,0.0,0.0,0.0,0,0.0,0.03621669264517641,0.0,0.0,0.0,0,0.0,0.03621669264517641,0.47666666666666674,0.452222222222222,0.49999999999999983
bidir,B,115788304,4200000,6179745300480,0.30040428544,0.001498565039355526,0.8922222222222222,0.846296296296296,0.4922222222222222,bidir:B:4200000,120M,100,0.4922222222222222,0.46888888888888847,0.5155555555555551,0.0,0.0,0.0,0,0.0,0.03621669264517641,0.0,0.0,0.0,0,0.0,0.03621669264517641,0.4922222222222222,0.46888888888888847,0.5155555555555551
bidir,B,115788304,4400000,6179745300480,0.31470925141333334,0.0016401346151724283,0.9011111111111111,0.8563888888888881,0.5055555555555555,bidir:B:4400000,120M,100,0.5055555555555555,0.48111111111111077,0.5288888888888886,0.0,0.0,0.0,0,0.0,0.03621669264517641,0.0,0.0,0.0,0,0.0,0.03621669264517641,0.5055555555555555,0.48111111111111077,0.5288888888888886
bidir,B,115788304,4600000,6179745300480,0.32901421738666664,0.00157016714774727,0.89,0.8629629629629627,0.5155555555555555,bidir:B:4600000,120M,100,0.5155555555555555,0.49222222222222184,0.5388888888888884,0.0,0.0,0.0,0,0.0,0.03621669264517641,0.0,0.0,0.0,0,0.0,0.03621669264517641,0.5155555555555555,0.49222222222222184,0.5388888888888884
bidir,B,115788304,4800000,6179745300480,0.34331918336,0.0014724631787430553,0.8888888888888888,0.8661111111111106,0.5188888888888888,bidir:B:4800000,120M,100,0.5188888888888888,0.49555555555555525,0.5411111111111109,0.0,0.0,0.0,0,0.0,0.03621669264517641,0.0,0.0,0.0,0,0.0,0.03621669264517641,0.5188888888888888,0.49555555555555525,0.5411111111111109
bidir,B,115788304,5000000,6179745300480,0.3576241493333333,0.0014350028279750404,0.8911111111111111,0.8674074074074071,0.5244444444444445,bidir:B:5000000,120M,100,0.5244444444444444,0.4999999999999996,0.5477777777777774,0.0,0.0,0.0,0,0.0,0.03621669264517641,0.0,0.0,0.0,0,0.0,0.03621669264517641,0.5244444444444444,0.4999999999999996,0.5477777777777774
bidir,B,115788304,5200000,6179745300480,0.37192911530666667,0.0014374014183431427,0.8866666666666667,0.8712962962962958,0.5177777777777778,bidir:B:5200000,120M,100,0.517777777777778,0.4933333333333332,0.5411111111111109,0.0,0.0,0.0,0,0.0,0.03621669264517641,0.0,0.0,0.0,0,0.0,0.03621669264517641,0.517777777777778,0.4933333333333332,0.5411111111111109
bidir,B,115788304,5400000,6179745300480,0.38623408128,0.0014400021893834491,0.8944444444444445,0.8744444444444434,0.5366666666666666,bidir:B:5400000,120M,100,0.5366666666666667,0.5122222222222218,0.5611111111111108,0.0,0.0,0.0,0,0.0,0.03621669264517641,0.0,0.0,0.0,0,0.0,0.03621669264517641,0.5366666666666667,0.5122222222222218,0.5611111111111108
bidir,B,115788304,5600000,6179745300480,0.40053904725333334,0.0014043735375253164,0.8955555555555555,0.8745370370370371,0.5388888888888889,bidir:B:5600000,120M,100,0.5388888888888888,0.514444444444444,0.5622222222222222,0.0,0.0,0.0,0,0.0,0.03621669264517641,0.0,0.0,0.0,0,0.0,0.03621669264517641,0.5388888888888888,0.514444444444444,0.5622222222222222
bidir,B,115788304,5800000,6179745300480,0.41484401322666664,0.0014292004891558463,0.9011111111111111,0.8771296296296289,0.5411111111111111,bidir:B:5800000,120M,100,0.5411111111111113,0.5166666666666663,0.5644444444444442,0.0,0.0,0.0,0,0.0,0.03621669264517641,0.0,0.0,0.0,0,0.0,0.03621669264517641,0.5411111111111113,0.5166666666666663,0.5644444444444442
bidir,B,115788304,6000000,6179745300480,0.4291489792,0.001414374949717967,0.8822222222222222,0.8757407407407399,0.5411111111111111,bidir:B:6000000,120M,100,0.5411111111111111,0.5166666666666664,0.565555555555555,0.0,0.0,0.0,0,0.0,0.03621669264517641,0.0,0.0,0.0,0,0.0,0.03621669264517641,0.5411111111111111,0.5166666666666664,0.565555555555555
bidir,L,271760656,32768,12390080913408,0.004699052909381405,2.0276430742815137,0.043333333333333335,0.1821296296296296,0.0,bidir:L:32768,270M,100,0.0,0.0,0.0,0.0,0.0,0.0,0,0.0,0.03621669264517641,0.0,0.0,0.0,0,0.0,0.03621669264517641,0.0,0.0,0.0
bidir,L,271760656,65536,12390080913408,0.00939810581876281,1.6508678481914103,0.052222222222222225,0.1821296296296296,0.0,bidir:L:65536,270M,100,0.0,0.0,0.0,0.0,0.0,0.0,0,0.0,0.03621669264517641,0.0,0.0,0.0,0,0.0,0.03621669264517641,0.0,0.0,0.0
bidir,L,271760656,131072,12390080913408,0.01879621163752562,0.7724794778041542,0.05333333333333334,0.1998148148148148,0.0,bidir:L:131072,270M,100,0.0,0.0,0.0,0.0,0.0,0.0,0,0.0,0.03621669264517641,0.0,0.0,0.0,0,0.0,0.03621669264517641,0.0,0.0,0.0
bidir,L,271760656,200000,12390080913408,0.028680742855111113,0.42994970630388707,0.06888888888888889,0.2510185185185184,0.0,bidir:L:200000,270M,100,0.0,0.0,0.0,0.0,0.0,0.0,0,0.0,0.03621669264517641,0.0,0.0,0.0,0,0.0,0.03621669264517641,0.0,0.0,0.0
bidir,L,271760656,262144,12390080913408,0.03759242327505124,0.29696375085040927,0.056666666666666664,0.22388888888888905,0.0,bidir:L:262144,270M,100,0.0,0.0,0.0,0.0,0.0,0.0,0,0.0,0.03621669264517641,0.0,0.0,0.0,0,0.0,0.03621669264517641,0.0,0.0,0.0
bidir,L,271760656,400000,12390080913408,0.057361485710222225,0.18391933816019446,0.05555555555555555,0.21777777777777793,0.0,bidir:L:400000,270M,100,0.0,0.0,0.0,0.0,0.0,0.0,0,0.0,0.03621669264517641,0.0,0.0,0.0,0,0.0,0.03621669264517641,0.0,0.0,0.0
bidir,L,271760656,524288,12390080913408,0.07518484655010248,0.05082076431426685,0.07222222222222222,0.2170370370370373,0.005555555555555556,bidir:L:524288,270M,100,0.005555555555555556,0.0011111111111111111,0.01111111111111111,0.0,0.0,0.0,0,0.0,0.03621669264517641,0.0,0.0,0.0,0,0.0,0.03621669264517641,0.005555555555555556,0.0011111111111111111,0.01111111111111111
bidir,L,271760656,600000,12390080913408,0.08604222856533333,0.02892832883662777,0.06333333333333334,0.2149074074074077,0.006666666666666667,bidir:L:600000,270M,100,0.006666666666666667,0.0022222222222222222,0.012222222222222221,0.0,0.0,0.0,0,0.0,0.03621669264517641,0.0,0.0,0.0,0,0.0,0.03621669264517641,0.006666666666666667,0.0022222222222222222,0.012222222222222221
bidir,L,271760656,786432,12390080913408,0.11277726982515371,0.010932537141343346,0.07333333333333333,0.21148148148148135,0.006666666666666667,bidir:L:786432,270M,100,0.006666666666666667,0.0022222222222222222,0.012222222222222221,0.0,0.0,0.0,0,0.0,0.03621669264517641,0.0,0.0,0.0,0,0.0,0.03621669264517641,0.006666666666666667,0.0022222222222222222,0.012222222222222221
bidir,L,271760656,800000,12390080913408,0.11472297142044445,0.013743405028435518,0.05555555555555555,0.21499999999999977,0.005555555555555556,bidir:L:800000,270M,100,0.005555555555555556,0.0011111111111111111,0.01111111111111111,0.0,0.0,0.0,0,0.0,0.03621669264517641,0.0,0.0,0.0,0,0.0,0.03621669264517641,0.005555555555555556,0.0011111111111111111,0.01111111111111111
bidir,L,271760656,1000000,12390080913408,0.14340371427555557,0.025324532165541314,0.052222222222222225,0.21259259259259272,0.0,bidir:L:1000000,270M,100,0.0,0.0,0.0,0.0,0.0,0.0,0,0.0,0.03621669264517641,0.0,0.0,0.0,0,0.0,0.03621669264517641,0.0,0.0,0.0
bidir,L,271760656,1200000,12390080913408,0.17208445713066667,0.05022565335093532,0.06666666666666667,0.20675925925925945,0.0022222222222222222,bidir:L:1200000,270M,100,0.0022222222222222222,0.0,0.005555555555555556,0.0,0.0,0.0,0,0.0,0.03621669264517641,0.0,0.0,0.0,0,0.0,0.03621669264517641,0.0022222222222222222,0.0,0.005555555555555556
bidir,L,271760656,1400000,12390080913408,0.20076519998577777,0.012234569137945073,0.057777777777777775,0.2127777777777779,0.0022222222222222222,bidir:L:1400000,270M,100,0.0022222222222222222,0.0,0.005555555555555556,0.0,0.0,0.0,0,0.0,0.03621669264517641,0.0,0.0,0.0,0,0.0,0.03621669264517641,0.0022222222222222222,0.0,0.005555555555555556
bidir,L,271760656,1500000,12390080913408,0.21510557141333334,0.012002059955193545,0.058888888888888886,0.21138888888888885,0.005555555555555556,bidir:L:1500000,270M,100,0.005555555555555556,0.0011111111111111111,0.01111111111111111,0.0,0.0,0.0,0,0.0,0.03621669264517641,0.0,0.0,0.0,0,0.0,0.03621669264517641,0.005555555555555556,0.0011111111111111111,0.01111111111111111
bidir,L,271760656,1600000,12390080913408,0.2294459428408889,0.010236576952593168,0.058888888888888886,0.21953703703703709,0.006666666666666667,bidir:L:1600000,270M,100,0.006666666666666667,0.0022222222222222222,0.012222222222222221,0.0,0.0,0.0,0,0.0,0.03621669264517641,0.0,0.0,0.0,0,0.0,0.03621669264517641,0.006666666666666667,0.0022222222222222222,0.012222222222222221
bidir,L,271760656,1800000,12390080913408,0.258126685696,0.012323928600380896,0.06111111111111111,0.21787037037037038,0.0077777777777777776,bidir:L:1800000,270M,100,0.007777777777777779,0.003333333333333333,0.013333333333333334,0.0,0.0,0.0,0,0.0,0.03621669264517641,0.0,0.0,0.0,0,0.0,0.03621669264517641,0.007777777777777779,0.003333333333333333,0.013333333333333334
bidir,L,271760656,2000000,12390080913408,0.28680742855111113,0.016075997769803507,0.058888888888888886,0.21657407407407417,0.006666666666666667,bidir:L:2000000,270M,100,0.006666666666666667,0.0022222222222222222,0.012222222222222221,0.0,0.0,0.0,0,0.0,0.03621669264517641,0.0,0.0,0.0,0,0.0,0.03621669264517641,0.006666666666666667,0.0022222222222222222,0.012222222222222221
bidir,L,271760656,2200000,12390080913408,0.3154881714062222,0.018725481877481798,0.06333333333333334,0.21314814814814811,0.006666666666666667,bidir:L:2200000,270M,100,0.006666666666666667,0.0022222222222222222,0.012222222222222221,0.0,0.0,0.0,0,0.0,0.03621669264517641,0.0,0.0,0.0,0,0.0,0.03621669264517641,0.006666666666666667,0.0022222222222222222,0.012222222222222221
bidir,L,271760656,2400000,12390080913408,0.34416891426133334,0.017063144314306555,0.06333333333333334,0.21249999999999994,0.0077777777777777776,bidir:L:2400000,270M,100,0.007777777777777779,0.0022222222222222222,0.013333333333333334,0.0,0.0,0.0,0,0.0,0.03621669264517641,0.0,0.0,0.0,0,0.0,0.03621669264517641,0.007777777777777779,0.0022222222222222222,0.013333333333333334
bidir,L,271760656,2500000,12390080913408,0.3585092856888889,0.03667049008072354,0.06888888888888889,0.2117592592592593,0.01,bidir:L:2500000,270M,100,0.010000000000000002,0.0044444444444444444,0.016666666666666666,0.0,0.0,0.0,0,0.0,0.03621669264517641,0.0,0.0,0.0,0,0.0,0.03621669264517641,0.010000000000000002,0.0044444444444444444,0.016666666666666666
bidir,L,271760656,2600000,12390080913408,0.37284965711644447,0.027553112602618057,0.07222222222222222,0.21657407407407409,0.01,bidir:L:2600000,270M,100,0.010000000000000002,0.0044444444444444444,0.016666666666666666,0.0,0.0,0.0,0,0.0,0.03621669264517641,0.0,0.0,0.0,0,0.0,0.03621669264517641,0.010000000000000002,0.0044444444444444444,0.016666666666666666
bidir,L,271760656,2800000,12390080913408,0.40153039997155554,0.018682811762118945,0.07,0.2195370370370372,0.008888888888888889,bidir:L:2800000,270M,100,0.00888888888888889,0.003333333333333333,0.014444444444444446,0.0,0.0,0.0,0,0.0,0.03621669264517641,0.0,0.0,0.0,0,0.0,0.03621669264517641,0.00888888888888889,0.003333333333333333,0.014444444444444446
bidir,L,271760656,3000000,12390080913408,0.43021114282666667,0.005623798933811486,0.08555555555555555,0.2307407407407407,0.014444444444444444,bidir:L:3000000,270M,100,0.014444444444444449,0.0077777777777777776,0.022222222222222223,0.0,0.0,0.0,0,0.0,0.03621669264517641,0.0,0.0,0.0,0,0.0,0.03621669264517641,0.014444444444444449,0.0077777777777777776,0.022222222222222223
bidir,L,271760656,3200000,12390080913408,0.4588918856817778,0.0052097186203354795,0.09,0.2250925925925925,0.017777777777777778,bidir:L:3200000,270M,100,0.017777777777777785,0.01,0.025555555555555557,0.0,0.0,0.0,0,0.0,0.03621669264517641,0.0,0.0,0.0,0,0.0,0.03621669264517641,0.017777777777777785,0.01,0.025555555555555557
bidir,L,271760656,3400000,12390080913408,0.4875726285368889,0.004256421892705475,0.10222222222222223,0.22601851851851834,0.025555555555555557,bidir:L:3400000,270M,100,0.025555555555555564,0.015555555555555557,0.035555555555555556,0.0,0.0,0.0,0,0.0,0.03621669264517641,0.0,0.0,0.0,0,0.0,0.03621669264517641,0.025555555555555564,0.015555555555555557,0.035555555555555556
bidir,L,271760656,3600000,12390080913408,0.516253371392,0.0030780556203353626,0.10444444444444445,0.22777777777777752,0.01888888888888889,bidir:L:3600000,270M,100,0.018888888888888896,0.011111111111111112,0.02669444444444455,0.0,0.0,0.0,0,0.0,0.03621669264517641,0.0,0.0,0.0,0,0.0,0.03621669264517641,0.018888888888888896,0.011111111111111112,0.02669444444444455
bidir,L,271760656,3800000,12390080913408,0.5449341142471111,0.00342543130454942,0.11777777777777777,0.22314814814814815,0.017777777777777778,bidir:L:3800000,270M,100,0.017777777777777785,0.01,0.025555555555555557,0.0,0.0,0.0,0,0.0,0.03621669264517641,0.0,0.0,0.0,0,0.0,0.03621669264517641,0.017777777777777785,0.01,0.025555555555555557
bidir,L,271760656,4000000,12390080913408,0.5736148571022223,0.003096791353982553,0.10888888888888888,0.2314814814814816,0.025555555555555557,bidir:L:4000000,270M,100,0.025555555555555564,0.016666666666666666,0.035555555555555556,0.0,0.0,0.0,0,0.0,0.03621669264517641,0.0,0.0,0.0,0,0.0,0.03621669264517641,0.025555555555555564,0.016666666666666666,0.035555555555555556
bidir,L,271760656,4200000,12390080913408,0.6022955999573333,0.002530057518697504,0.1111111111111111,0.22305555555555545,0.021111111111111112,bidir:L:4200000,270M,100,0.021111111111111115,0.012222222222222223,0.030000000000000002,0.0,0.0,0.0,0,0.0,0.03621669264517641,0.0,0.0,0.0,0,0.0,0.03621669264517641,0.021111111111111115,0.012222222222222223,0.030000000000000002
bidir,L,271760656,4400000,12390080913408,0.6309763428124444,0.002865783874540284,0.13,0.2309259259259259,0.024444444444444446,bidir:L:4400000,270M,100,0.02444444444444445,0.014444444444444446,0.034444444444444444,0.0,0.0,0.0,0,0.0,0.03621669264517641,0.0,0.0,0.0,0,0.0,0.03621669264517641,0.02444444444444445,0.014444444444444446,0.034444444444444444
bidir,L,271760656,4600000,12390080913408,0.6596570856675555,0.0025466757310823596,0.26222222222222225,0.2405555555555554,0.035555555555555556,bidir:L:4600000,270M,100,0.03555555555555557,0.024444444444444442,0.04780555555555566,0.0,0.0,0.0,0,0.0,0.03621669264517641,0.0,0.0,0.0,0,0.0,0.03621669264517641,0.03555555555555557,0.024444444444444442,0.04780555555555566
bidir,L,271760656,4800000,12390080913408,0.6883378285226667,0.0020424258925686445,0.5466666666666666,0.2931481481481484,0.04888888888888889,bidir:L:4800000,270M,100,0.048888888888888885,0.03222222222222222,0.06666666666666667,0.0,0.0,0.0,0,0.0,0.03621669264517641,0.0,0.0,0.0,0,0.0,0.03621669264517641,0.048888888888888885,0.03222222222222222,0.06666666666666667
bidir,L,271760656,5000000,12390080913408,0.7170185713777778,0.0015357066823753485,0.7788888888888889,0.44916666666666616,0.17444444444444446,bidir:L:5000000,270M,100,0.1744444444444444,0.14777777777777767,0.20111111111111102,0.0,0.0,0.0,0,0.0,0.03621669264517641,0.0,0.0,0.0,0,0.0,0.03621669264517641,0.1744444444444444,0.14777777777777767,0.20111111111111102
bidir,L,271760656,5200000,12390080913408,0.7456993142328889,0.0015102263154176399,0.8288888888888889,0.5543518518518521,0.23666666666666666,bidir:L:5200000,270M,100,0.23666666666666633,0.21111111111111094,0.26444444444444426,0.0,0.0,0.0,0,0.0,0.03621669264517641,0.0,0.0,0.0,0,0.0,0.03621669264517641,0.23666666666666633,0.21111111111111094,0.26444444444444426
bidir,L,271760656,5400000,12390080913408,0.774380057088,0.0014399392972563874,0.86,0.696574074074074,0.33,bidir:L:5400000,270M,100,0.3299999999999995,0.30999999999999983,0.3499999999999999,0.0,0.0,0.0,0,0.0,0.03621669264517641,0.0,0.0,0.0,0,0.0,0.03621669264517641,0.3299999999999995,0.30999999999999983,0.3499999999999999
bidir,L,271760656,5600000,12390080913408,0.8030607999431111,0.0014398180281887107,0.8877777777777778,0.7383333333333322,0.3522222222222222,bidir:L:5600000,270M,100,0.35222222222222177,0.33222222222222214,0.37333333333333324,0.0,0.0,0.0,0,0.0,0.03621669264517641,0.0,0.0,0.0,0,0.0,0.03621669264517641,0.35222222222222177,0.33222222222222214,0.37333333333333324
bidir,L,271760656,5800000,12390080913408,0.8317415427982222,0.0015711642386122548,0.89,0.7701851851851846,0.37555555555555553,bidir:L:5800000,270M,100,0.37555555555555514,0.3533333333333333,0.3988888888888888,0.0,0.0,0.0,0,0.0,0.03621669264517641,0.0,0.0,0.0,0,0.0,0.03621669264517641,0.37555555555555514,0.3533333333333333,0.3988888888888888
bidir,XL,548147088,32768,22748823060480,0.0086277017829376,1.8373896656557918,0.04777777777777778,0.1821296296296296,0.0,bidir:XL:32768,550M,100,0.0,0.0,0.0,0.0,0.0,0.0,0,0.0,0.03621669264517641,0.0,0.0,0.0,0,0.0,0.03621669264517641,0.0,0.0,0.0
bidir,XL,548147088,65536,22748823060480,0.0172554035658752,1.35614954540506,0.04111111111111111,0.1821296296296296,0.0,bidir:XL:65536,550M,100,0.0,0.0,0.0,0.0,0.0,0.0,0,0.0,0.03621669264517641,0.0,0.0,0.0,0,0.0,0.03621669264517641,0.0,0.0,0.0
bidir,XL,548147088,131072,22748823060480,0.0345108071317504,0.5661531504010782,0.04888888888888889,0.23388888888888876,0.0,bidir:XL:131072,550M,100,0.0,0.0,0.0,0.0,0.0,0.0,0,0.0,0.03621669264517641,0.0,0.0,0.0,0,0.0,0.03621669264517641,0.0,0.0,0.0
bidir,XL,548147088,200000,22748823060480,0.05265931264,0.5520386139396578,0.056666666666666664,0.22824074074074074,0.0,bidir:XL:200000,550M,100,0.0,0.0,0.0,0.0,0.0,0.0,0,0.0,0.03621669264517641,0.0,0.0,0.0,0,0.0,0.03621669264517641,0.0,0.0,0.0
bidir,XL,548147088,262144,22748823060480,0.0690216142635008,0.4423917216481641,0.05,0.2159259259259258,0.0022222222222222222,bidir:XL:262144,550M,100,0.0022222222222222222,0.0,0.005555555555555556,0.0,0.0,0.0,0,0.0,0.03621669264517641,0.0,0.0,0.0,0,0.0,0.03621669264517641,0.0022222222222222222,0.0,0.005555555555555556
bidir,XL,548147088,400000,22748823060480,0.10531862528,0.17348721763119102,0.04888888888888889,0.20657407407407397,0.0011111111111111111,bidir:XL:400000,550M,100,0.0011111111111111111,0.0,0.003333333333333333,0.0,0.0,0.0,0,0.0,0.03621669264517641,0.0,0.0,0.0,0,0.0,0.03621669264517641,0.0011111111111111111,0.0,0.003333333333333333
bidir,XL,548147088,524288,22748823060480,0.1380432285270016,0.13361319288378581,0.056666666666666664,0.20796296296296282,0.0022222222222222222,bidir:XL:524288,550M,100,0.0022222222222222222,0.0,0.005555555555555556,0.0,0.0,0.0,0,0.0,0.03621669264517641,0.0,0.0,0.0,0,0.0,0.03621669264517641,0.0022222222222222222,0.0,0.005555555555555556
bidir,XL,548147088,600000,22748823060480,0.15797793792,0.21496821305481717,0.05555555555555555,0.22657407407407432,0.0,bidir:XL:600000,550M,100,0.0,0.0,0.0,0.0,0.0,0.0,0,0.0,0.03621669264517641,0.0,0.0,0.0,0,0.0,0.03621669264517641,0.0,0.0,0.0
bidir,XL,548147088,786432,22748823060480,0.2070648427905024,0.046061496883339714,0.06777777777777778,0.22759259259259226,0.0,bidir:XL:786432,550M,100,0.0,0.0,0.0,0.0,0.0,0.0,0,0.0,0.03621669264517641,0.0,0.0,0.0,0,0.0,0.03621669264517641,0.0,0.0,0.0
bidir,XL,548147088,800000,22748823060480,0.21063725056,0.041311219094495755,0.06555555555555556,0.22268518518518501,0.0,bidir:XL:800000,550M,100,0.0,0.0,0.0,0.0,0.0,0.0,0,0.0,0.03621669264517641,0.0,0.0,0.0,0,0.0,0.03621669264517641,0.0,0.0,0.0
bidir,XL,548147088,1000000,22748823060480,0.2632965632,0.04420191796452855,0.05555555555555555,0.2208333333333334,0.0,bidir:XL:1000000,550M,100,0.0,0.0,0.0,0.0,0.0,0.0,0,0.0,0.03621669264517641,0.0,0.0,0.0,0,0.0,0.03621669264517641,0.0,0.0,0.0
bidir,XL,548147088,1200000,22748823060480,0.31595587584,0.014491410804112093,0.07111111111111111,0.21759259259259245,0.0044444444444444444,bidir:XL:1200000,550M,100,0.0044444444444444444,0.0011111111111111111,0.008888888888888889,0.0,0.0,0.0,0,0.0,0.03621669264517641,0.0,0.0,0.0,0,0.0,0.03621669264517641,0.0044444444444444444,0.0011111111111111111,0.008888888888888889
bidir,XL,548147088,1400000,22748823060480,0.36861518848,0.01746355791874521,0.05444444444444444,0.213981481481482,0.005555555555555556,bidir:XL:1400000,550M,100,0.005555555555555556,0.0011111111111111111,0.01111111111111111,0.0,0.0,0.0,0,0.0,0.03621669264517641,0.0,0.0,0.0,0,0.0,0.03621669264517641,0.005555555555555556,0.0011111111111111111,0.01111111111111111
bidir,XL,548147088,1500000,22748823060480,0.3949448448,0.0369621944919345,0.04777777777777778,0.21120370370370384,0.005555555555555556,bidir:XL:1500000,550M,100,0.005555555555555556,0.0011111111111111111,0.01111111111111111,0.0,0.0,0.0,0,0.0,0.03621669264517641,0.0,0.0,0.0,0,0.0,0.03621669264517641,0.005555555555555556,0.0011111111111111111,0.01111111111111111
bidir,XL,548147088,1600000,22748823060480,0.42127450112,0.6773841881658882,0.051111111111111114,0.1935185185185186,0.0,bidir:XL:1600000,550M,100,0.0,0.0,0.0,0.0,0.0,0.0,0,0.0,0.03621669264517641,0.0,0.0,0.0,0,0.0,0.03621669264517641,0.0,0.0,0.0
bidir,XL,548147088,1800000,22748823060480,0.47393381376,0.040794355314574204,0.05333333333333334,0.22342592592592575,0.0077777777777777776,bidir:XL:1800000,550M,100,0.007777777777777779,0.003333333333333333,0.013333333333333334,0.0,0.0,0.0,0,0.0,0.03621669264517641,0.0,0.0,0.0,0,0.0,0.03621669264517641,0.007777777777777779,0.003333333333333333,0.013333333333333334
bidir,XL,548147088,2000000,22748823060480,0.5265931264,0.010142822558918851,0.06444444444444444,0.2218518518518517,0.012222222222222223,bidir:XL:2000000,550M,100,0.012222222222222225,0.005555555555555556,0.019999999999999997,0.0,0.0,0.0,0,0.0,0.03621669264517641,0.0,0.0,0.0,0,0.0,0.03621669264517641,0.012222222222222225,0.005555555555555556,0.019999999999999997
bidir,XL,548147088,2200000,22748823060480,0.57925243904,0.012182892298369552,0.07222222222222222,0.22777777777777758,0.016666666666666666,bidir:XL:2200000,550M,100,0.016666666666666673,0.008888888888888889,0.025555555555555554,0.0,0.0,0.0,0,0.0,0.03621669264517641,0.0,0.0,0.0,0,0.0,0.03621669264517641,0.016666666666666673,0.008888888888888889,0.025555555555555554
bidir,XL,548147088,2400000,22748823060480,0.63191175168,0.04551276199345011,0.08333333333333333,0.23620370370370375,0.023333333333333334,bidir:XL:2400000,550M,100,0.023333333333333338,0.014444444444444446,0.03222222222222222,0.0,0.0,0.0,0,0.0,0.03621669264517641,0.0,0.0,0.0,0,0.0,0.03621669264517641,0.023333333333333338,0.014444444444444446,0.03222222222222222
bidir,XL,548147088,2500000,22748823060480,0.658241408,0.011206726216187235,0.08777777777777777,0.24981481481481513,0.03222222222222222,bidir:XL:2500000,550M,100,0.032222222222222235,0.022222222222222223,0.043333333333333335,0.0,0.0,0.0,0,0.0,0.03621669264517641,0.0,0.0,0.0,0,0.0,0.03621669264517641,0.032222222222222235,0.022222222222222223,0.043333333333333335
bidir,XL,548147088,2600000,22748823060480,0.68457106432,0.006294912819612364,0.11222222222222222,0.25777777777777783,0.05,bidir:XL:2600000,550M,100,0.04999999999999998,0.03666666666666667,0.06333333333333334,0.0,0.0,0.0,0,0.0,0.03621669264517641,0.0,0.0,0.0,0,0.0,0.03621669264517641,0.04999999999999998,0.03666666666666667,0.06333333333333334
bidir,XL,548147088,2800000,22748823060480,0.73723037696,0.0034106790408259258,0.29333333333333333,0.32074074074074055,0.12777777777777777,bidir:XL:2800000,550M,100,0.1277777777777776,0.11111111111111108,0.14444444444444438,0.0,0.0,0.0,0,0.0,0.03621669264517641,0.0,0.0,0.0,0,0.0,0.03621669264517641,0.1277777777777776,0.11111111111111108,0.14444444444444438
bidir,XL,548147088,3000000,22748823060480,0.7898896896,0.002372010377030165,0.7455555555555555,0.4856481481481478,0.20555555555555555,bidir:XL:3000000,550M,100,0.20555555555555524,0.1866666666666666,0.22444444444444428,0.0,0.0,0.0,0,0.0,0.03621669264517641,0.0,0.0,0.0,0,0.0,0.03621669264517641,0.20555555555555524,0.1866666666666666,0.22444444444444428
bidir,XL,548147088,3200000,22748823060480,0.84254900224,0.0018742977522379078,0.8533333333333334,0.5949074074074073,0.2611111111111111,bidir:XL:3200000,550M,100,0.2611111111111106,0.2444444444444442,0.27888888888888874,0.0,0.0,0.0,0,0.0,0.03621669264517641,0.0,0.0,0.0,0,0.0,0.03621669264517641,0.2611111111111106,0.2444444444444442,0.27888888888888874
bidir,XL,548147088,3400000,22748823060480,0.89520831488,0.0016658220522458578,0.8811111111111111,0.6580555555555555,0.29444444444444445,bidir:XL:3400000,550M,100,0.294444444444444,0.27777777777777757,0.3122222222222222,0.0,0.0,0.0,0,0.0,0.03621669264517641,0.0,0.0,0.0,0,0.0,0.03621669264517641,0.294444444444444,0.27777777777777757,0.3122222222222222
bidir,XL,548147088,3600000,22748823060480,0.94786762752,0.0015692979204686708,0.89,0.6887037037037044,0.3188888888888889,bidir:XL:3600000,550M,100,0.31888888888888833,0.29999999999999993,0.33777777777777773,0.0,0.0,0.0,0,0.0,0.03621669264517641,0.0,0.0,0.0,0,0.0,0.03621669264517641,0.31888888888888833,0.29999999999999993,0.33777777777777773
bidir,XL,548147088,3800000,22748823060480,1.00052694016,0.0015641872153082659,0.8911111111111111,0.7069444444444446,0.33555555555555555,bidir:XL:3800000,550M,100,0.33555555555555516,0.31555555555555537,0.3566666666666664,0.0,0.0,0.0,0,0.0,0.03621669264517641,0.0,0.0,0.0,0,0.0,0.03621669264517641,0.33555555555555516,0.31555555555555537,0.3566666666666664
bidir,XL,548147088,4000000,22748823060480,1.0531862528,0.001576727106225917,0.9077777777777778,0.7449074074074071,0.36777777777777776,bidir:XL:4000000,550M,100,0.3677777777777774,0.34777777777777763,0.3877777777777778,0.0,0.0,0.0,0,0.0,0.03621669264517641,0.0,0.0,0.0,0,0.0,0.03621669264517641,0.3677777777777774,0.34777777777777763,0.3877777777777778
bidir,XL,548147088,4200000,22748823060480,1.10584556544,0.0012016768445164416,0.9088888888888889,0.7705555555555552,0.38222222222222224,bidir:XL:4200000,550M,100,0.38222222222222185,0.35997222222222197,0.4055555555555554,0.0,0.0,0.0,0,0.0,0.03621669264517641,0.0,0.0,0.0,0,0.0,0.03621669264517641,0.38222222222222185,0.35997222222222197,0.4055555555555554
bidir,XL,548147088,4400000,22748823060480,1.15850487808,0.0014899462773882988,0.9055555555555556,0.784351851851851,0.39444444444444443,bidir:XL:4400000,550M,100,0.3944444444444441,0.37111111111111095,0.4177777777777776,0.0,0.0,0.0,0,0.0,0.03621669264517641,0.0,0.0,0.0,0,0.0,0.03621669264517641,0.3944444444444441,0.37111111111111095,0.4177777777777776
bidir,XL,548147088,4600000,22748823060480,1.21116419072,0.0014153792956221878,0.9044444444444445,0.8024999999999991,0.41444444444444445,bidir:XL:4600000,550M,100,0.4144444444444443,0.3899999999999998,0.4399999999999997,0.0,0.0,0.0,0,0.0,0.03621669264517641,0.0,0.0,0.0,0,0.0,0.03621669264517641,0.4144444444444443,0.3899999999999998,0.4399999999999997
bidir,XL,548147088,4800000,22748823060480,1.26382350336,0.0013123269135348892,0.9077777777777778,0.8384259259259262,0.48333333333333334,bidir:XL:4800000,550M,100,0.4833333333333332,0.4577777777777776,0.5077777777777774,0.0,0.0,0.0,0,0.0,0.03621669264517641,0.0,0.0,0.0,0,0.0,0.03621669264517641,0.4833333333333332,0.4577777777777776,0.5077777777777774
bidir,XL,548147088,5000000,22748823060480,1.316482816,0.0013625606109144428,0.8955555555555555,0.8668518518518518,0.5288888888888889,bidir:XL:5000000,550M,100,0.5288888888888889,0.5055555555555552,0.5522222222222217,0.0,0.0,0.0,0,0.0,0.03621669264517641,0.0,0.0,0.0,0,0.0,0.03621669264517641,0.5288888888888889,0.5055555555555552,0.5522222222222217
bidir,XL,548147088,5200000,22748823060480,1.36914212864,0.0012539665045778747,0.8977777777777778,0.8812037037037022,0.5433333333333333,bidir:XL:5200000,550M,100,0.5433333333333332,0.5188888888888884,0.5677777777777775,0.0,0.0,0.0,0,0.0,0.03621669264517641,0.0,0.0,0.0,0,0.0,0.03621669264517641,0.5433333333333332,0.5188888888888884,0.5677777777777775
bidir,XL,548147088,5400000,22748823060480,1.42180144128,0.0011836683967203498,0.8988888888888888,0.8934259259259256,0.57,bidir:XL:5400000,550M,100,0.5699999999999998,0.544444444444444,0.5944444444444442,0.0,0.0,0.0,0,0.0,0.03621669264517641,0.0,0.0,0.0,0,0.0,0.03621669264517641,0.5699999999999998,0.544444444444444,0.5944444444444442
bidir,XL,548147088,5600000,22748823060480,1.47446075392,0.0012157832384218636,0.8811111111111111,0.893333333333333,0.5666666666666667,bidir:XL:5600000,550M,100,0.5666666666666668,0.5411111111111107,0.5911111111111107,0.0,0.0,0.0,0,0.0,0.03621669264517641,0.0,0.0,0.0,0,0.0,0.03621669264517641,0.5666666666666668,0.5411111111111107,0.5911111111111107
bidir,XL,548147088,5800000,22748823060480,1.52712006656,0.0013064220801197735,0.9033333333333333,0.8998148148148148,0.58,bidir:XL:5800000,550M,100,0.58,0.5544166666666662,0.6055555555555555,0.01,0.0,0.03,1,0.00025314603297742064,0.054459385392080645,0.0,0.0,0.0,0,0.0,0.03621669264517641,0.58,0.5544166666666662,0.6055555555555555
bidir,XL,548147088,6000000,22748823060480,1.5797793792,0.0015138159171783627,0.8833333333333333,0.9003703703703696,0.5822222222222222,bidir:XL:6000000,550M,100,0.5822222222222222,0.5566666666666664,0.6077777777777773,0.01,0.0,0.03,1,0.00025314603297742064,0.054459385392080645,0.0,0.0,0.0,0,0.0,0.03621669264517641,0.5822222222222222,0.5566666666666664,0.6077777777777773
bidir,XXL,938377232,32768,36036016472064,0.013666992913849457,1.8390229628421366,0.051111111111111114,0.1821296296296296,0.0,bidir:XXL:32768,1B,100,0.0,0.0,0.0,0.0,0.0,0.0,0,0.0,0.03621669264517641,0.0,0.0,0.0,0,0.0,0.03621669264517641,0.0,0.0,0.0
bidir,XXL,938377232,65536,36036016472064,0.027333985827698914,1.2346837678924203,0.05,0.1821296296296296,0.0,bidir:XXL:65536,1B,100,0.0,0.0,0.0,0.0,0.0,0.0,0,0.0,0.03621669264517641,0.0,0.0,0.0,0,0.0,0.03621669264517641,0.0,0.0,0.0
bidir,XXL,938377232,131072,36036016472064,0.05466797165539783,0.7203087366651744,0.04666666666666667,0.2272222222222223,0.0,bidir:XXL:131072,1B,100,0.0,0.0,0.0,0.0,0.0,0.0,0,0.0,0.03621669264517641,0.0,0.0,0.0,0,0.0,0.03621669264517641,0.0,0.0,0.0
bidir,XXL,938377232,200000,36036016472064,0.08341670479644445,0.9037891812622547,0.05555555555555555,0.23888888888888898,0.0,bidir:XXL:200000,1B,100,0.0,0.0,0.0,0.0,0.0,0.0,0,0.0,0.03621669264517641,0.0,0.0,0.0,0,0.0,0.03621669264517641,0.0,0.0,0.0
bidir,XXL,938377232,262144,36036016472064,0.10933594331079566,0.6886496713850647,0.052222222222222225,0.22703703703703704,0.0,bidir:XXL:262144,1B,100,0.0,0.0,0.0,0.0,0.0,0.0,0,0.0,0.03621669264517641,0.0,0.0,0.0,0,0.0,0.03621669264517641,0.0,0.0,0.0
bidir,XXL,938377232,400000,36036016472064,0.1668334095928889,0.20616832398809493,0.051111111111111114,0.20870370370370397,0.0022222222222222222,bidir:XXL:400000,1B,100,0.0022222222222222222,0.0,0.005555555555555556,0.0,0.0,0.0,0,0.0,0.03621669264517641,0.0,0.0,0.0,0,0.0,0.03621669264517641,0.0022222222222222222,0.0,0.005555555555555556
bidir,XXL,938377232,524288,36036016472064,0.21867188662159132,0.11310810901341029,0.04777777777777778,0.21462962962962978,0.0,bidir:XXL:524288,1B,100,0.0,0.0,0.0,0.0,0.0,0.0,0,0.0,0.03621669264517641,0.0,0.0,0.0,0,0.0,0.03621669264517641,0.0,0.0,0.0
bidir,XXL,938377232,600000,36036016472064,0.2502501143893333,0.14607105765026063,0.06333333333333334,0.2014814814814813,0.0,bidir:XXL:600000,1B,100,0.0,0.0,0.0,0.0,0.0,0.0,0,0.0,0.03621669264517641,0.0,0.0,0.0,0,0.0,0.03621669264517641,0.0,0.0,0.0
bidir,XXL,938377232,786432,36036016472064,0.328007829932387,0.07656783121638,0.052222222222222225,0.20861111111111086,0.0022222222222222222,bidir:XXL:786432,1B,100,0.0022222222222222222,0.0,0.005555555555555556,0.0,0.0,0.0,0,0.0,0.03621669264517641,0.0,0.0,0.0,0,0.0,0.03621669264517641,0.0022222222222222222,0.0,0.005555555555555556
bidir,XXL,938377232,800000,36036016472064,0.3336668191857778,0.07003883064317051,0.056666666666666664,0.20629629629629623,0.0022222222222222222,bidir:XXL:800000,1B,100,0.0022222222222222222,0.0,0.005555555555555556,0.0,0.0,0.0,0,0.0,0.03621669264517641,0.0,0.0,0.0,0,0.0,0.03621669264517641,0.0022222222222222222,0.0,0.005555555555555556
bidir,XXL,938377232,1000000,36036016472064,0.4170835239822222,0.03435844068735605,0.052222222222222225,0.189537037037037,0.0,bidir:XXL:1000000,1B,100,0.0,0.0,0.0,0.0,0.0,0.0,0,0.0,0.03621669264517641,0.0,0.0,0.0,0,0.0,0.03621669264517641,0.0,0.0,0.0
bidir,XXL,938377232,1200000,36036016472064,0.5005002287786666,0.021322727068763925,0.06111111111111111,0.21111111111111114,0.0022222222222222222,bidir:XXL:1200000,1B,100,0.0022222222222222222,0.0,0.005555555555555556,0.0,0.0,0.0,0,0.0,0.03621669264517641,0.0,0.0,0.0,0,0.0,0.03621669264517641,0.0022222222222222222,0.0,0.005555555555555556
bidir,XXL,938377232,1400000,36036016472064,0.5839169335751111,0.0764247940533096,0.043333333333333335,0.17787037037037032,0.0,bidir:XXL:1400000,1B,100,0.0,0.0,0.0,0.0,0.0,0.0,0,0.0,0.03621669264517641,0.0,0.0,0.0,0,0.0,0.03621669264517641,0.0,0.0,0.0
bidir,XXL,938377232,1500000,36036016472064,0.6256252859733333,0.04789544850791572,0.052222222222222225,0.1959259259259263,0.0,bidir:XXL:1500000,1B,100,0.0,0.0,0.0,0.0,0.0,0.0,0,0.0,0.03621669264517641,0.0,0.0,0.0,0,0.0,0.03621669264517641,0.0,0.0,0.0
bidir,XXL,938377232,1600000,36036016472064,0.6673336383715556,0.03495434858632507,0.04777777777777778,0.20379629629629645,0.0,bidir:XXL:1600000,1B,100,0.0,0.0,0.0,0.0,0.0,0.0,0,0.0,0.03621669264517641,0.0,0.0,0.0,0,0.0,0.03621669264517641,0.0,0.0,0.0
bidir,XXL,938377232,1800000,36036016472064,0.750750343168,0.3496717037050985,0.057777777777777775,0.19638888888888895,0.0,bidir:XXL:1800000,1B,100,0.0,0.0,0.0,0.0,0.0,0.0,0,0.0,0.03621669264517641,0.0,0.0,0.0,0,0.0,0.03621669264517641,0.0,0.0,0.0
bidir,XXL,938377232,2000000,36036016472064,0.8341670479644444,0.21589515736559406,0.04888888888888889,0.17555555555555533,0.0,bidir:XXL:2000000,1B,100,0.0,0.0,0.0,0.0,0.0,0.0,0,0.0,0.03621669264517641,0.0,0.0,0.0,0,0.0,0.03621669264517641,0.0,0.0,0.0
bidir,XXL,938377232,2200000,36036016472064,0.9175837527608889,1.1050006388686597,0.043333333333333335,0.18055555555555558,0.0,bidir:XXL:2200000,1B,100,0.0,0.0,0.0,0.0,0.0,0.0,0,0.0,0.03621669264517641,0.0,0.0,0.0,0,0.0,0.03621669264517641,0.0,0.0,0.0
bidir,XXL,938377232,2400000,36036016472064,1.0010004575573332,0.4944936572574079,0.04777777777777778,0.19444444444444428,0.0,bidir:XXL:2400000,1B,100,0.0,0.0,0.0,0.0,0.0,0.0,0,0.0,0.03621669264517641,0.0,0.0,0.0,0,0.0,0.03621669264517641,0.0,0.0,0.0
bidir,XXL,938377232,2500000,36036016472064,1.0427088099555555,0.30651085678255185,0.04111111111111111,0.19046296296296295,0.0,bidir:XXL:2500000,1B,100,0.0,0.0,0.0,0.0,0.0,0.0,0,0.0,0.03621669264517641,0.0,0.0,0.0,0,0.0,0.03621669264517641,0.0,0.0,0.0
bidir,XXL,938377232,2600000,36036016472064,1.0844171623537777,0.1544137524033431,0.04888888888888889,0.1941666666666666,0.0,bidir:XXL:2600000,1B,100,0.0,0.0,0.0,0.0,0.0,0.0,0,0.0,0.03621669264517641,0.0,0.0,0.0,0,0.0,0.03621669264517641,0.0,0.0,0.0
bidir,XXL,938377232,2800000,36036016472064,1.1678338671502222,0.049516034356202,0.05555555555555555,0.21000000000000021,0.0,bidir:XXL:2800000,1B,100,0.0,0.0,0.0,0.0,0.0,0.0,0,0.0,0.03621669264517641,0.0,0.0,0.0,0,0.0,0.03621669264517641,0.0,0.0,0.0
bidir,XXL,938377232,3000000,36036016472064,1.2512505719466667,0.03289950631733518,0.09888888888888889,0.234351851851852,0.0,bidir:XXL:3000000,1B,100,0.0,0.0,0.0,0.0,0.0,0.0,0,0.0,0.03621669264517641,0.0,0.0,0.0,0,0.0,0.03621669264517641,0.0,0.0,0.0
bidir,XXL,938377232,3200000,36036016472064,1.3346672767431111,0.01990872648639197,0.5488888888888889,0.2635185185185184,0.0022222222222222222,bidir:XXL:3200000,1B,100,0.0022222222222222222,0.0,0.005555555555555556,0.0,0.0,0.0,0,0.0,0.03621669264517641,0.0,0.0,0.0,0,0.0,0.03621669264517641,0.0022222222222222222,0.0,0.005555555555555556
bidir,XXL,938377232,3400000,36036016472064,1.4180839815395556,0.01093933536685654,0.7711111111111111,0.3427777777777775,0.06444444444444444,bidir:XXL:3400000,1B,100,0.06444444444444437,0.052222222222222225,0.07666666666666665,0.0,0.0,0.0,0,0.0,0.03621669264517641,0.0,0.0,0.0,0,0.0,0.03621669264517641,0.06444444444444437,0.052222222222222225,0.07666666666666665
bidir,XXL,938377232,3600000,36036016472064,1.501500686336,0.007547219696789398,0.8166666666666667,0.3992592592592588,0.12444444444444444,bidir:XXL:3600000,1B,100,0.12444444444444422,0.11333333333333323,0.13555555555555548,0.0,0.0,0.0,0,0.0,0.03621669264517641,0.0,0.0,0.0,0,0.0,0.03621669264517641,0.12444444444444422,0.11333333333333323,0.13555555555555548
bidir,XXL,938377232,3800000,36036016472064,1.5849173911324443,0.005686149946996011,0.8333333333333334,0.423240740740741,0.1511111111111111,bidir:XXL:3800000,1B,100,0.1511111111111108,0.13999999999999993,0.1622222222222221,0.0,0.0,0.0,0,0.0,0.03621669264517641,0.0,0.0,0.0,0,0.0,0.03621669264517641,0.1511111111111108,0.13999999999999993,0.1622222222222221
bidir,XXL,938377232,4000000,36036016472064,1.6683340959288888,0.004708202256097138,0.8466666666666667,0.4620370370370375,0.17333333333333334,bidir:XXL:4000000,1B,100,0.17333333333333303,0.16222222222222207,0.18444444444444433,0.0,0.0,0.0,0,0.0,0.03621669264517641,0.0,0.0,0.0,0,0.0,0.03621669264517641,0.17333333333333303,0.16222222222222207,0.18444444444444433
bidir,XXL,938377232,4200000,36036016472064,1.7517508007253333,0.003929658898869093,0.8433333333333334,0.4925925925925923,0.20222222222222222,bidir:XXL:4200000,1B,100,0.20222222222222183,0.18999999999999978,0.21444444444444433,0.0,0.0,0.0,0,0.0,0.03621669264517641,0.0,0.0,0.0,0,0.0,0.03621669264517641,0.20222222222222183,0.18999999999999978,0.21444444444444433
bidir,XXL,938377232,4400000,36036016472064,1.8351675055217778,0.0033551011379131523,0.8466666666666667,0.5173148148148148,0.21333333333333335,bidir:XXL:4400000,1B,100,0.2133333333333329,0.20222222222222208,0.22333333333333322,0.0,0.0,0.0,0,0.0,0.03621669264517641,0.0,0.0,0.0,0,0.0,0.03621669264517641,0.2133333333333329,0.20222222222222208,0.22333333333333322
bidir,XXL,938377232,4600000,36036016472064,1.9185842103182222,0.0030091086528045707,0.8577777777777778,0.5316666666666663,0.22111111111111112,bidir:XXL:4600000,1B,100,0.22111111111111065,0.20999999999999983,0.23222222222222194,0.0,0.0,0.0,0,0.0,0.03621669264517641,0.0,0.0,0.0,0,0.0,0.03621669264517641,0.22111111111111065,0.20999999999999983,0.23222222222222194
bidir,XXL,938377232,4800000,36036016472064,2.0020009151146665,0.0027853355577462935,0.8466666666666667,0.5439814814814815,0.22666666666666666,bidir:XXL:4800000,1B,100,0.22666666666666618,0.21555555555555536,0.2366666666666665,0.0,0.0,0.0,0,0.0,0.03621669264517641,0.0,0.0,0.0,0,0.0,0.03621669264517641,0.22666666666666618,0.21555555555555536,0.2366666666666665
bidir,XXL,938377232,5000000,36036016472064,2.085417619911111,0.0026688148625453323,0.8622222222222222,0.557962962962963,0.23444444444444446,bidir:XXL:5000000,1B,100,0.23444444444444396,0.2233333333333331,0.24555555555555533,0.0,0.0,0.0,0,0.0,0.03621669264517641,0.0,0.0,0.0,0,0.0,0.03621669264517641,0.23444444444444396,0.2233333333333331,0.24555555555555533
bidir,XXL,938377232,5200000,36036016472064,2.1688343247075554,0.002500148104445543,0.8655555555555555,0.564907407407408,0.2311111111111111,bidir:XXL:5200000,1B,100,0.23111111111111066,0.2199999999999998,0.24222222222222198,0.0,0.0,0.0,0,0.0,0.03621669264517641,0.0,0.0,0.0,0,0.0,0.03621669264517641,0.23111111111111066,0.2199999999999998,0.24222222222222198
bidir,XXL,938377232,5400000,36036016472064,2.252251029504,0.0023844671313781873,0.8677777777777778,0.5822222222222228,0.24,bidir:XXL:5400000,1B,100,0.23999999999999957,0.22777777777777758,0.25222222222222196,0.0,0.0,0.0,0,0.0,0.03621669264517641,0.0,0.0,0.0,0,0.0,0.03621669264517641,0.23999999999999957,0.22777777777777758,0.25222222222222196
bidir,XXL,938377232,5600000,36036016472064,2.3356677343004444,0.0022721326465671154,0.8844444444444445,0.5875925925925926,0.24333333333333335,bidir:XXL:5600000,1B,100,0.2433333333333329,0.2299999999999998,0.2566666666666665,0.0,0.0,0.0,0,0.0,0.03621669264517641,0.0,0.0,0.0,0,0.0,0.03621669264517641,0.2433333333333329,0.2299999999999998,0.2566666666666665
bidir,XXL,938377232,5800000,36036016472064,2.419084439096889,0.0021665689114342968,0.8722222222222222,0.6020370370370375,0.24888888888888888,bidir:XXL:5800000,1B,100,0.24888888888888844,0.2366666666666664,0.2611111111111109,0.0,0.0,0.0,0,0.0,0.03621669264517641,0.0,0.0,0.0,0,0.0,0.03621669264517641,0.24888888888888844,0.2366666666666664,0.2611111111111109
bidir,XXL,938377232,6000000,36036016472064,2.5025011438933333,0.0021060759816009522,0.8566666666666667,0.6097222222222217,0.2577777777777778,bidir:XXL:6000000,1B,100,0.2577777777777773,0.24333333333333307,0.2722222222222221,0.0,0.0,0.0,0,0.0,0.03621669264517641,0.0,0.0,0.0,0,0.0,0.03621669264517641,0.2577777777777773,0.24333333333333307,0.2722222222222221
