family,metric,segment,section,log10_pf_days,accuracy
ar,mean_frame,Middle third,fit,-0.7262665086701585,0.5164322053071073
ar,mean_frame,Middle third,fit,-0.7243746806437595,0.5168907442496009
ar,mean_frame,Middle third,fit,-0.7224828526173604,0.5173488483865429
ar,mean_frame,Middle third,fit,-0.7205910245909615,0.5178065181302336
ar,mean_frame,Middle third,fit,-0.7186991965645624,0.5182637538925828
ar,mean_frame,Middle third,fit,-0.7168073685381634,0.5187205560851094
ar,mean_frame,Middle third,fit,-0.7149155405117644,0.5191769251189422
ar,mean_frame,Middle third,fit,-0.7130237124853653,0.5196328614048203
ar,mean_frame,Middle third,fit,-0.7111318844589664,0.5200883653530931
ar,mean_frame,Middle third,fit,-0.7092400564325674,0.5205434373737208
ar,mean_frame,Middle third,fit,-0.7073482284061683,0.5209980778762753
ar,mean_frame,Middle third,fit,-0.7054564003797693,0.5214522872699396
ar,mean_frame,Middle third,fit,-0.7035645723533702,0.5219060659635091
ar,mean_frame,Middle third,fit,-0.7016727443269712,0.5223594143653914
ar,mean_frame,Middle third,fit,-0.6997809163005723,0.5228123328836065
ar,mean_frame,Middle third,fit,-0.6978890882741732,0.5232648219257885
ar,mean_frame,Middle third,fit,-0.6959972602477742,0.5237168818991838
ar,mean_frame,Middle third,fit,-0.6941054322213751,0.5241685132106533
ar,mean_frame,Middle third,fit,-0.6922136041949761,0.5246197162666717
ar,mean_frame,Middle third,fit,-0.6903217761685772,0.525070491473329
ar,mean_frame,Middle third,fit,-0.6884299481421781,0.5255208392363291
ar,mean_frame,Middle third,fit,-0.6865381201157791,0.525970759960992
ar,mean_frame,Middle third,fit,-0.68464629208938,0.5264202540522529
ar,mean_frame,Middle third,fit,-0.682754464062981,0.5268693219146636
ar,mean_frame,Middle third,fit,-0.680862636036582,0.5273179639523913
ar,mean_frame,Middle third,fit,-0.678970808010183,0.5277661805692211
ar,mean_frame,Middle third,fit,-0.677078979983784,0.5282139721685541
ar,mean_frame,Middle third,fit,-0.6751871519573849,0.5286613391534101
ar,mean_frame,Middle third,fit,-0.6732953239309859,0.5291082819264254
ar,mean_frame,Middle third,fit,-0.6714034959045869,0.5295548008898556
ar,mean_frame,Middle third,fit,-0.6695116678781878,0.5300008964455742
ar,mean_frame,Middle third,fit,-0.6676198398517889,0.5304465689950741
ar,mean_frame,Middle third,fit,-0.6657280118253899,0.5308918189394672
ar,mean_frame,Middle third,fit,-0.6638361837989908,0.5313366466794851
ar,mean_frame,Middle third,fit,-0.6619443557725918,0.5317810526154791
ar,mean_frame,Middle third,fit,-0.6600525277461927,0.5322250371474218
ar,mean_frame,Middle third,fit,-0.6581606997197937,0.5326686006749053
ar,mean_frame,Middle third,fit,-0.6562688716933947,0.5331117435971438
ar,mean_frame,Middle third,fit,-0.6543770436669957,0.5335544663129724
ar,mean_frame,Middle third,fit,-0.6524852156405967,0.5339967692208482
ar,mean_frame,Middle third,fit,-0.6505933876141976,0.5344386527188505
ar,mean_frame,Middle third,fit,-0.6487015595877986,0.5348801172046808
ar,mean_frame,Middle third,fit,-0.6468097315613996,0.535321163075664
ar,mean_frame,Middle third,fit,-0.6449179035350006,0.5357617907287479
ar,mean_frame,Middle third,fit,-0.6430260755086016,0.5362020005605039
ar,mean_frame,Middle third,fit,-0.6411342474822025,0.5366417929671276
ar,mean_frame,Middle third,fit,-0.6392424194558035,0.5370811683444385
ar,mean_frame,Middle third,fit,-0.6373505914294045,0.5375201270878812
ar,mean_frame,Middle third,fit,-0.6354587634030054,0.5379586695925251
ar,mean_frame,Middle third,fit,-0.6335669353766065,0.5383967962530649
ar,mean_frame,Middle third,fit,-0.6316751073502074,0.5388345074638213
ar,mean_frame,Middle third,fit,-0.6297832793238084,0.5392718036187409
ar,mean_frame,Middle third,fit,-0.6278914512974094,0.5397086851113966
ar,mean_frame,Middle third,fit,-0.6259996232710103,0.5401451523349885
ar,mean_frame,Middle third,fit,-0.6241077952446114,0.5405812056823435
ar,mean_frame,Middle third,fit,-0.6222159672182124,0.5410168455459161
ar,mean_frame,Middle third,fit,-0.6203241391918133,0.5414520723177889
ar,mean_frame,Middle third,fit,-0.6184323111654143,0.5418868863896722
ar,mean_frame,Middle third,fit,-0.6165404831390152,0.5423212881529054
ar,mean_frame,Middle third,fit,-0.6146486551126162,0.5427552779984565
ar,mean_frame,Middle third,fit,-0.6127568270862171,0.5431888563169227
ar,mean_frame,Middle third,fit,-0.6108649990598182,0.5436220234985314
ar,mean_frame,Middle third,fit,-0.6089731710334192,0.544054779933139
ar,mean_frame,Middle third,fit,-0.6070813430070201,0.5444871260102331
ar,mean_frame,Middle third,fit,-0.6051895149806211,0.5449190621189315
ar,mean_frame,Middle third,fit,-0.6032976869542221,0.5453505886479831
ar,mean_frame,Middle third,fit,-0.6014058589278231,0.5457817059857686
ar,mean_frame,Middle third,fit,-0.5995140309014241,0.5462124145202996
ar,mean_frame,Middle third,fit,-0.5976222028750251,0.5466427146392203
ar,mean_frame,Middle third,fit,-0.595730374848626,0.5470726067298075
ar,mean_frame,Middle third,fit,-0.593838546822227,0.5475020911789703
ar,mean_frame,Middle third,fit,-0.5919467187958279,0.5479311683732511
ar,mean_frame,Middle third,fit,-0.590054890769429,0.548359838698826
ar,mean_frame,Middle third,fit,-0.5881630627430299,0.5487881025415042
ar,mean_frame,Middle third,fit,-0.5862712347166309,0.5492159602867304
ar,mean_frame,Middle third,fit,-0.5843794066902319,0.5496434123195821
ar,mean_frame,Middle third,fit,-0.5824875786638328,0.5500704590247731
ar,mean_frame,Middle third,fit,-0.5805957506374338,0.5504971007866515
ar,mean_frame,Middle third,fit,-0.5787039226110349,0.5509233379892013
ar,mean_frame,Middle third,fit,-0.5768120945846358,0.5513491710160426
ar,mean_frame,Middle third,fit,-0.5749202665582368,0.5517746002504313
ar,mean_frame,Middle third,fit,-0.5730284385318377,0.5521996260752602
ar,mean_frame,Middle third,fit,-0.5711366105054387,0.5526242488730586
ar,mean_frame,Middle third,fit,-0.5692447824790396,0.5530484690259936
ar,mean_frame,Middle third,fit,-0.5673529544526407,0.5534722869158697
ar,mean_frame,Middle third,fit,-0.5654611264262417,0.5538957029241292
ar,mean_frame,Middle third,fit,-0.5635692983998426,0.5543187174318529
ar,mean_frame,Middle third,fit,-0.5616774703734436,0.5547413308197602
ar,mean_frame,Middle third,fit,-0.5597856423470446,0.5551635434682094
ar,mean_frame,Middle third,fit,-0.5578938143206456,0.5555853557571984
ar,mean_frame,Middle third,fit,-0.5560019862942466,0.5560067680663642
ar,mean_frame,Middle third,fit,-0.5541101582678476,0.5564277807749844
ar,mean_frame,Middle third,fit,-0.5522183302414485,0.5568483942619769
ar,mean_frame,Middle third,fit,-0.5503265022150495,0.5572686089058999
ar,mean_frame,Middle third,fit,-0.5484346741886504,0.557688425084953
ar,mean_frame,Middle third,fit,-0.5465428461622515,0.5581078431769767
ar,mean_frame,Middle third,fit,-0.5446510181358524,0.558526863559454
ar,mean_frame,Middle third,fit,-0.5427591901094534,0.5589454866095092
ar,mean_frame,Middle third,fit,-0.5408673620830544,0.5593637127039094
ar,mean_frame,Middle third,fit,-0.5389755340566553,0.5597815422190644
ar,mean_frame,Middle third,fit,-0.5370837060302563,0.5601989755310269
ar,mean_frame,Middle third,fit,-0.5351918780038574,0.5606160130154931
ar,mean_frame,Middle third,fit,-0.5333000499774583,0.5610326550478033
ar,mean_frame,Middle third,fit,-0.5314082219510593,0.5614489020029411
ar,mean_frame,Middle third,fit,-0.5295163939246603,0.5618647542555353
ar,mean_frame,Middle third,fit,-0.5276245658982612,0.5622802121798589
ar,mean_frame,Middle third,fit,-0.5257327378718621,0.5626952761498305
ar,mean_frame,Middle third,fit,-0.5238409098454632,0.5631099465390136
ar,mean_frame,Middle third,fit,-0.5219490818190642,0.563524223720618
ar,mean_frame,Middle third,fit,-0.5200572537926651,0.5639381080674992
ar,mean_frame,Middle third,fit,-0.5181654257662661,0.5643515999521593
ar,mean_frame,Middle third,fit,-0.5162735977398671,0.5647646997467473
ar,mean_frame,Middle third,fit,-0.514381769713468,0.5651774078230591
ar,mean_frame,Middle third,fit,-0.5124899416870691,0.5655897245525382
ar,mean_frame,Middle third,fit,-0.5105981136606701,0.5660016503062757
ar,mean_frame,Middle third,fit,-0.508706285634271,0.5664131854550111
ar,mean_frame,Middle third,fit,-0.506814457607872,0.566824330369132
ar,mean_frame,Middle third,fit,-0.5049226295814729,0.5672350854186752
ar,mean_frame,Middle third,fit,-0.503030801555074,0.5676454509733262
ar,mean_frame,Middle third,fit,-0.5011389735286749,0.5680554274024201
ar,mean_frame,Middle third,fit,-0.4992471455022759,0.568465015074942
ar,mean_frame,Middle third,fit,-0.4973553174758769,0.5688742143595267
ar,mean_frame,Middle third,fit,-0.4954634894494778,0.5692830256244599
ar,mean_frame,Middle third,fit,-0.49357166142307884,0.5696914492376777
ar,mean_frame,Middle third,fit,-0.4916798333966798,0.5700994855667674
ar,mean_frame,Middle third,fit,-0.4897880053702808,0.5705071349789681
ar,mean_frame,Middle third,fit,-0.4878961773438818,0.57091439784117
ar,mean_frame,Middle third,fit,-0.48600434931748276,0.5713212745199161
ar,mean_frame,Middle third,fit,-0.48411252129108373,0.5717277653814012
ar,mean_frame,Middle third,fit,-0.4822206932646847,0.5721338707914733
ar,mean_frame,Middle third,fit,-0.48032886523828566,0.5725395911156332
ar,mean_frame,Middle third,fit,-0.4784370372118867,0.5729449267190356
ar,mean_frame,Middle third,fit,-0.47654520918548765,0.5733498779664883
ar,mean_frame,Middle third,fit,-0.4746533811590886,0.5737544452224534
ar,mean_frame,Middle third,fit,-0.4727615531326896,0.5741586288510478
ar,mean_frame,Middle third,fit,-0.4708697251062906,0.5745624292160425
ar,mean_frame,Middle third,fit,-0.46897789707989157,0.574965846680864
ar,mean_frame,Middle third,fit,-0.46708606905349254,0.5753688816085942
ar,mean_frame,Middle third,fit,-0.4651942410270935,0.5757715343619703
ar,mean_frame,Middle third,fit,-0.46330241300069447,0.5761738053033859
ar,mean_frame,Middle third,fit,-0.4614105849742955,0.5765756947948909
ar,mean_frame,Middle third,fit,-0.45951875694789646,0.5769772031981917
ar,mean_frame,Middle third,fit,-0.4576269289214974,0.5773783308746521
ar,mean_frame,Middle third,fit,-0.4557351008950984,0.5777790781852928
ar,mean_frame,Middle third,fit,-0.4538432728686994,0.5781794454907925
ar,mean_frame,Middle third,fit,-0.4519514448423004,0.5785794331514877
ar,mean_frame,Middle third,fit,-0.45005961681590134,0.5789790415273733
ar,mean_frame,Middle third,fit,-0.4481677887895023,0.5793782709781028
ar,mean_frame,Middle third,fit,-0.4462759607631033,0.5797771218629887
ar,mean_frame,Middle third,fit,-0.4443841327367043,0.5801755945410028
ar,mean_frame,Middle third,fit,-0.44249230471030526,0.5805736893707762
ar,mean_frame,Middle third,fit,-0.44060047668390623,0.5809714067106004
ar,mean_frame,Middle third,fit,-0.4387086486575072,0.5813687469184271
ar,mean_frame,Middle third,fit,-0.43681682063110816,0.5817657103518682
ar,mean_frame,Middle third,fit,-0.4349249926047092,0.5821622973681968
ar,mean_frame,Middle third,fit,-0.43303316457831015,0.5825585083243472
ar,mean_frame,Middle third,fit,-0.4311413365519111,0.5829543435769149
ar,mean_frame,Middle third,fit,-0.4292495085255121,0.583349803482158
ar,mean_frame,Middle third,fit,-0.4273576804991131,0.5837448883959959
ar,mean_frame,Middle third,fit,-0.42546585247271407,0.5841395986740113
ar,mean_frame,Middle third,fit,-0.42357402444631503,0.5845339346714491
ar,mean_frame,Middle third,fit,-0.421682196419916,0.5849278967432177
ar,mean_frame,Middle third,fit,-0.41979036839351697,0.5853214852438887
ar,mean_frame,Middle third,fit,-0.417898540367118,0.5857147005276979
ar,mean_frame,Middle third,fit,-0.41600671234071895,0.5861075429485447
ar,mean_frame,Middle third,fit,-0.4141148843143199,0.5865000128599932
ar,mean_frame,Middle third,fit,-0.4122230562879209,0.5868921106152722
ar,mean_frame,Middle third,fit,-0.4103312282615219,0.5872838365672757
ar,mean_frame,Middle third,fit,-0.4084394002351229,0.5876751910685627
ar,mean_frame,Middle third,fit,-0.40654757220872384,0.5880661744713582
ar,mean_frame,Middle third,fit,-0.4046557441823248,0.588456787127553
ar,mean_frame,Middle third,fit,-0.40276391615592577,0.5888470293887045
ar,mean_frame,Middle third,fit,-0.4008720881295268,0.5892369016060365
ar,mean_frame,Middle third,fit,-0.39898026010312776,0.5896264041304398
ar,mean_frame,Middle third,fit,-0.3970884320767287,0.5900155373124725
ar,mean_frame,Middle third,fit,-0.3951966040503297,0.5904043015023601
ar,mean_frame,Middle third,fit,-0.39330477602393066,0.5907926970499966
ar,mean_frame,Middle third,fit,-0.3914129479975317,0.5911807243049434
ar,mean_frame,Middle third,fit,-0.38952111997113265,0.5915683836164309
ar,mean_frame,Middle third,fit,-0.3876292919447336,0.5919556753333586
ar,mean_frame,Middle third,fit,-0.3857374639183346,0.5923425998042946
ar,mean_frame,Middle third,fit,-0.3838456358919356,0.5927291573774766
ar,mean_frame,Middle third,fit,-0.38195380786553657,0.5931153484008123
ar,mean_frame,Middle third,fit,-0.38006197983913753,0.5935011732218793
ar,mean_frame,Middle third,fit,-0.3781701518127385,0.5938866321879259
ar,mean_frame,Middle third,fit,-0.37627832378633946,0.5942717256458709
ar,mean_frame,Middle third,fit,-0.3743864957599405,0.594656453942304
ar,mean_frame,Middle third,fit,-0.37249466773354145,0.5950408174234867
ar,mean_frame,Middle third,fit,-0.3706028397071424,0.5954248164353515
ar,mean_frame,Middle third,fit,-0.3687110116807434,0.5958084513235036
ar,mean_frame,Middle third,fit,-0.3668191836543444,0.5961917224332198
ar,mean_frame,Middle third,fit,-0.36492735562794537,0.5965746301094501
ar,mean_frame,Middle third,fit,-0.36303552760154634,0.596957174696817
ar,mean_frame,Middle third,fit,-0.3611436995751473,0.5973393565396166
ar,mean_frame,Middle third,fit,-0.35925187154874827,0.5977211759818177
ar,mean_frame,Middle third,fit,-0.3573600435223493,0.5981026333670642
ar,mean_frame,Middle third,fit,-0.35546821549595026,0.5984837290386729
ar,mean_frame,Middle third,fit,-0.3535763874695512,0.5988644633396358
ar,mean_frame,Middle third,fit,-0.3516845594431522,0.5992448366126197
ar,mean_frame,Middle third,fit,-0.3497927314167532,0.5996248491999658
ar,mean_frame,Middle third,fit,-0.3479009033903542,0.6000045014436914
ar,mean_frame,Middle third,fit,-0.34600907536395514,0.6003837936854892
ar,mean_frame,Middle third,fit,-0.3441172473375561,0.6007627262667277
ar,mean_frame,Middle third,fit,-0.3422254193111571,0.601141299528452
ar,mean_frame,Middle third,fit,-0.3403335912847581,0.6015195138113837
ar,mean_frame,Middle third,fit,-0.33844176325835906,0.6018973694559213
ar,mean_frame,Middle third,fit,-0.33654993523196003,0.6022748668021405
ar,mean_frame,Middle third,fit,-0.334658107205561,0.6026520061897945
ar,mean_frame,Middle third,fit,-0.332766279179162,0.6030287879583145
ar,mean_frame,Middle third,fit,-0.330874451152763,0.6034052124468097
ar,mean_frame,Middle third,fit,-0.32898262312636395,0.6037812799940678
ar,mean_frame,Middle third,fit,-0.3270907950999649,0.6041569909385551
ar,mean_frame,Middle third,fit,-0.3251989670735659,0.6045323456184173
ar,mean_frame,Middle third,fit,-0.3233071390471669,0.6049073443714788
ar,mean_frame,Middle third,fit,-0.32141531102076787,0.6052819875352444
ar,mean_frame,Middle third,fit,-0.31952348299436883,0.6056562754468986
ar,mean_frame,Middle third,fit,-0.3176316549679698,0.606030208443306
ar,mean_frame,Middle third,fit,-0.31573982694157077,0.6064037868610117
ar,mean_frame,Middle third,fit,-0.3138479989151718,0.6067770110362423
ar,mean_frame,Middle third,fit,-0.31195617088877275,0.6071498813049047
ar,mean_frame,Middle third,fit,-0.3100643428623737,0.6075223980025879
ar,mean_frame,Middle third,fit,-0.3081725148359747,0.6078945614645626
ar,mean_frame,Middle third,fit,-0.3062806868095757,0.6082663720257813
ar,mean_frame,Middle third,fit,-0.3043888587831767,0.6086378300208792
ar,mean_frame,Middle third,fit,-0.30249703075677764,0.6090089357841739
ar,mean_frame,Middle third,fit,-0.3006052027303786,0.6093796896496663
ar,mean_frame,Middle third,fit,-0.2987133747039796,0.6097500919510402
ar,mean_frame,Middle third,fit,-0.2968215466775806,0.6101201430216634
ar,mean_frame,Middle third,fit,-0.29492971865118156,0.6104898431945874
ar,mean_frame,Middle third,fit,-0.2930378906247825,0.6108591928025479
ar,mean_frame,Middle third,fit,-0.2911460625983835,0.6112281921779649
ar,mean_frame,Middle third,fit,-0.2892542345719845,0.6115968416529434
ar,mean_frame,Middle third,fit,-0.2873624065455855,0.6119651415592736
ar,mean_frame,Middle third,fit,-0.28547057851918645,0.6123330922284307
ar,mean_frame,Middle third,fit,-0.2835787504927874,0.612700693991576
ar,mean_frame,Middle third,fit,-0.2816869224663884,0.6130679471795565
ar,mean_frame,Middle third,fit,-0.2797950944399894,0.6134348521229054
ar,mean_frame,Middle third,fit,-0.27790326641359037,0.6138014091518429
ar,mean_frame,Middle third,fit,-0.27601143838719133,0.6141676185962757
ar,mean_frame,Middle third,fit,-0.2741196103607923,0.6145334807857978
ar,mean_frame,Middle third,fit,-0.27222778233439326,0.6148989960496904
ar,mean_frame,Middle third,fit,-0.2703359543079943,0.615264164716923
ar,mean_frame,Middle third,fit,-0.26844412628159525,0.6156289871161529
ar,mean_frame,Middle third,fit,-0.2665522982551962,0.6159934635757255
ar,mean_frame,Middle third,fit,-0.2646604702287972,0.6163575944236752
ar,mean_frame,Middle third,fit,-0.2627686422023982,0.6167213799877249
ar,mean_frame,Middle third,fit,-0.26087681417599917,0.6170848205952875
ar,mean_frame,Middle third,fit,-0.25898498614960014,0.6174479165734648
ar,mean_frame,Middle third,fit,-0.2570931581232011,0.6178106682490485
ar,mean_frame,Middle third,fit,-0.25520133009680207,0.6181730759485206
ar,mean_frame,Middle third,fit,-0.2533095020704031,0.6185351399980534
ar,mean_frame,Middle third,fit,-0.25141767404400406,0.6188968607235101
ar,mean_frame,Middle third,fit,-0.24952584601760502,0.6192582384504446
ar,mean_frame,Middle third,fit,-0.247634017991206,0.6196192735041024
ar,mean_frame,Middle third,fit,-0.245742189964807,0.6199799662094203
ar,mean_frame,Middle third,fit,-0.24385036193840798,0.6203403168910273
ar,mean_frame,Middle third,fit,-0.24195853391200894,0.6207003258732442
ar,mean_frame,Middle third,fit,-0.2400667058856099,0.6210599934800847
ar,mean_frame,Middle third,fit,-0.23817487785921088,0.6214193200352547
ar,mean_frame,Middle third,fit,-0.2362830498328119,0.6217783058621538
ar,mean_frame,Middle third,fit,-0.23439122180641286,0.6221369512838744
ar,mean_frame,Middle third,fit,-0.23249939378001383,0.6224952566232027
ar,mean_frame,Middle third,fit,-0.2306075657536148,0.6228532222026191
ar,mean_frame,Middle third,fit,-0.22871573772721582,0.6232108483442979
ar,mean_frame,Middle third,fit,-0.22682390970081678,0.6235681353701078
ar,mean_frame,Middle third,fit,-0.2249320816744177,0.6239250836016126
ar,mean_frame,Middle third,fit,-0.22304025364801872,0.624281693360071
ar,mean_frame,Middle third,fit,-0.22114842562161974,0.6246379649664373
ar,mean_frame,Middle third,fit,-0.21925659759522065,0.624993898741361
ar,mean_frame,Middle third,fit,-0.21736476956882167,0.6253494950051879
ar,mean_frame,Middle third,fit,-0.2154729415424227,0.6257047540779599
ar,mean_frame,Middle third,fit,-0.2135811135160236,0.6260596762794157
ar,mean_frame,Middle third,fit,-0.21168928548962462,0.6264142619289904
ar,mean_frame,Middle third,fit,-0.20979745746322553,0.6267685113458165
ar,mean_frame,Middle third,fit,-0.20790562943682656,0.6271224248487235
ar,mean_frame,Middle third,fit,-0.20601380141042758,0.6274760027562392
ar,mean_frame,Middle third,fit,-0.2041219733840285,0.6278292453865888
ar,mean_frame,Middle third,fit,-0.2022301453576295,0.628182153057696
ar,mean_frame,Middle third,fit,-0.20033831733123042,0.628534726087183
ar,mean_frame,Middle third,fit,-0.19844648930483144,0.6288869647923707
ar,mean_frame,Middle third,fit,-0.19655466127843246,0.6292388694902793
ar,mean_frame,Middle third,fit,-0.19466283325203337,0.6295904404976282
ar,mean_frame,Middle third,fit,-0.1927710052256344,0.6299416781308367
ar,mean_frame,Middle third,fit,-0.1908791771992353,0.6302925827060238
ar,mean_frame,Middle third,fit,-0.18898734917283633,0.630643154539009
ar,mean_frame,Middle third,fit,-0.18709552114643735,0.6309933939453118
ar,mean_frame,Middle third,fit,-0.18520369312003826,0.6313433012401535
ar,mean_frame,Middle third,fit,-0.18331186509363928,0.6316928767384555
ar,mean_frame,Middle third,fit,-0.1814200370672403,0.632042120754841
ar,mean_frame,Middle third,fit,-0.1795282090408412,0.6323910336036349
ar,mean_frame,Middle third,fit,-0.17763638101444224,0.632739615598864
ar,mean_frame,Middle third,fit,-0.17574455298804315,0.6330878670542573
ar,mean_frame,Middle third,fit,-0.17385272496164417,0.6334357882832462
ar,mean_frame,Middle third,fit,-0.1719608969352452,0.6337833795989654
ar,mean_frame,Middle third,fit,-0.1700690689088461,0.6341306413142516
ar,mean_frame,Middle third,fit,-0.16817724088244712,0.6344775737416462
ar,mean_frame,Middle third,fit,-0.16628541285604803,0.6348241771933931
ar,mean_frame,Middle third,fit,-0.16439358482964905,0.635170451981441
ar,mean_frame,Middle third,fit,-0.16250175680325007,0.6355163984174419
ar,mean_frame,Middle third,fit,-0.16060992877685099,0.6358620168127531
ar,mean_frame,Middle third,fit,-0.158718100750452,0.6362073074784363
ar,mean_frame,Middle third,fit,-0.15682627272405292,0.6365522707252582
ar,mean_frame,Middle third,fit,-0.15493444469765394,0.6368969068636909
ar,mean_frame,Middle third,fit,-0.15304261667125496,0.637241216203912
ar,mean_frame,Middle third,fit,-0.15115078864485587,0.6375851990558052
ar,mean_frame,Middle third,fit,-0.1492589606184569,0.6379288557289602
ar,mean_frame,Middle third,fit,-0.1473671325920578,0.6382721865326729
ar,mean_frame,Middle third,fit,-0.14547530456565883,0.6386151917759464
ar,mean_frame,Middle third,fit,-0.14358347653925985,0.6389578717674904
ar,mean_frame,Middle third,fit,-0.14169164851286076,0.6393002268157222
ar,mean_frame,Middle third,fit,-0.13979982048646178,0.6396422572287663
ar,mean_frame,Middle third,fit,-0.1379079924600628,0.6399839633144553
ar,mean_frame,Middle third,fit,-0.1360161644336637,0.6403253453803296
ar,mean_frame,Middle third,fit,-0.13412433640726473,0.6406664037336383
ar,mean_frame,Middle third,fit,-0.13223250838086564,0.641007138681339
ar,mean_frame,Middle third,fit,-0.13034068035446666,0.6413475505300983
ar,mean_frame,Middle third,fit,-0.1284488523280677,0.6416876395862918
ar,mean_frame,Middle third,fit,-0.1265570243016686,0.6420274061560048
ar,mean_frame,Middle third,fit,-0.12466519627526962,0.6423668505450324
ar,mean_frame,Middle third,fit,-0.12277336824887053,0.6427059730588796
ar,mean_frame,Middle third,fit,-0.12088154022247155,0.6430447740027615
ar,mean_frame,Middle third,fit,-0.11898971219607257,0.6433832536816044
ar,mean_frame,Middle third,fit,-0.11709788416967348,0.6437214124000447
ar,mean_frame,Middle third,fit,-0.1152060561432745,0.6440592504624305
ar,mean_frame,Middle third,fit,-0.11331422811687542,0.6443967681728211
ar,mean_frame,Middle third,fit,-0.11142240009047644,0.6447339658349874
ar,mean_frame,Middle third,fit,-0.10953057206407746,0.6450708437524124
ar,mean_frame,Middle third,fit,-0.10763874403767837,0.6454074022282914
ar,mean_frame,Middle third,fit,-0.10574691601127939,0.6457436415655317
ar,mean_frame,Middle third,fit,-0.1038550879848803,0.6460795620667541
ar,mean_frame,Middle third,fit,-0.10196325995848132,0.6464151640342917
ar,mean_frame,Middle third,fit,-0.10007143193208234,0.6467504477701916
ar,mean_frame,Middle third,fit,-0.09817960390568325,0.6470854135762141
ar,mean_frame,Middle third,fit,-0.09628777587928428,0.6474200617538335
ar,mean_frame,Middle third,fit,-0.0943959478528853,0.647754392604238
ar,mean_frame,Middle third,fit,-0.09250411982648621,0.6480884064283303
ar,mean_frame,Middle third,fit,-0.09061229180008723,0.648422103526728
ar,mean_frame,Middle third,fit,-0.08872046377368814,0.6487554841997636
ar,mean_frame,Middle third,fit,-0.08682863574728916,0.6490885487474845
ar,mean_frame,Middle third,fit,-0.08493680772089018,0.6494212974696536
ar,mean_frame,Middle third,fit,-0.0830449796944911,0.64975373066575
ar,mean_frame,Middle third,fit,-0.08115315166809212,0.6500858486349685
ar,mean_frame,Middle third,fit,-0.07926132364169303,0.6504176516762203
ar,mean_frame,Middle third,fit,-0.07736949561529405,0.6507491400881329
ar,mean_frame,Middle third,fit,-0.07547766758889507,0.6510803141690511
ar,mean_frame,Middle third,fit,-0.07358583956249598,0.6514111742170361
ar,mean_frame,Middle third,fit,-0.071694011536097,0.6517417205298673
ar,mean_frame,Middle third,fit,-0.06980218350969791,0.6520719534050412
ar,mean_frame,Middle third,fit,-0.06791035548329893,0.6524018731397723
ar,mean_frame,Middle third,fit,-0.06601852745689996,0.6527314800309931
ar,mean_frame,Middle third,fit,-0.06412669943050087,0.653060774375355
ar,mean_frame,Middle third,fit,-0.06223487140410189,0.6533897564692277
ar,mean_frame,Middle third,fit,-0.0603430433777028,0.6537184266087002
ar,mean_frame,Middle third,fit,-0.05845121535130382,0.6540467850895803
ar,mean_frame,Middle third,fit,-0.05655938732490484,0.6543748322073956
ar,mean_frame,Middle third,fit,-0.05466755929850575,0.6547025682573935
ar,mean_frame,Middle third,fit,-0.052775731272106774,0.6550299935345412
ar,mean_frame,Middle third,fit,-0.050883903245707796,0.6553571083335265
ar,mean_frame,Middle third,fit,-0.048992075219308706,0.6556839129487574
ar,mean_frame,Middle third,fit,-0.04710024719290973,0.6560104076743631
ar,mean_frame,Middle third,fit,-0.04520841916651064,0.6563365928041938
ar,mean_frame,Middle third,fit,-0.04331659114011166,0.656662468631821
ar,mean_frame,Middle third,fit,-0.04142476311371268,0.6569880354505375
ar,mean_frame,Middle third,fit,-0.03953293508731359,0.6573132935533585
ar,mean_frame,Middle third,fit,-0.037641107060914614,0.6576382432330213
ar,mean_frame,Middle third,fit,-0.035749279034515524,0.6579628847819854
ar,mean_frame,Middle third,fit,-0.033857451008116546,0.6582872184924329
ar,mean_frame,Middle third,fit,-0.03196562298171757,0.6586112446562691
ar,mean_frame,Middle third,fit,-0.030073794955318478,0.6589349635651223
ar,mean_frame,Middle third,fit,-0.0281819669289195,0.6592583755103444
ar,mean_frame,Middle third,fit,-0.02629013890252041,0.6595814807830112
ar,mean_frame,Middle third,fit,-0.024398310876121432,0.6599042796739218
ar,mean_frame,Middle third,fit,-0.022506482849722453,0.6602267724736005
ar,mean_frame,Middle third,fit,-0.020614654823323364,0.6605489594722954
ar,mean_frame,Middle third,fit,-0.018722826796924386,0.6608708409599797
ar,mean_frame,Middle third,fit,-0.016830998770525407,0.6611924172263515
ar,mean_frame,Middle third,fit,-0.014939170744126318,0.6615136885608344
ar,mean_frame,Middle third,fit,-0.01304734271772734,0.6618346552525769
ar,mean_frame,Middle third,fit,-0.01115551469132825,0.6621553175904545
ar,mean_frame,Middle third,fit,-0.009263686664929272,0.6624756758630677
ar,mean_frame,Middle third,fit,-0.007371858638530293,0.6627957303587438
ar,mean_frame,Middle third,fit,-0.005480030612131204,0.6631154813655367
ar,mean_frame,Middle third,fit,-0.0035882025857322253,0.6634349291712269
ar,mean_frame,Middle third,fit,-0.0016963745593331359,0.6637540740633225
ar,mean_frame,Middle third,fit,0.00019545346706584255,0.6640729163290584
ar,mean_frame,Middle third,fit,0.002087281493464821,0.6643914562553976
ar,mean_frame,Middle third,fit,0.00397910951986391,0.6647096941290307
ar,mean_frame,Middle third,fit,0.005870937546262889,0.6650276302363765
ar,mean_frame,Middle third,fit,0.007762765572661978,0.6653452648635824
ar,mean_frame,Middle third,fit,0.009654593599060957,0.6656625982965241
ar,mean_frame,Middle third,fit,0.011546421625459935,0.6659796308208065
ar,mean_frame,Middle third,fit,0.013438249651859024,0.6662963627217637
ar,mean_frame,Middle third,fit,0.015330077678258003,0.6666127942844591
ar,mean_frame,Middle third,fit,0.017221905704657092,0.6669289257936859
ar,mean_frame,Middle third,fit,0.01911373373105607,0.6672447575339671
ar,mean_frame,Middle third,fit,0.02100556175745505,0.6675602897895561
ar,mean_frame,Middle third,fit,0.02289738978385414,0.6678755228444364
ar,mean_frame,Middle third,fit,0.024789217810253117,0.6681904569823227
ar,mean_frame,Middle third,fit,0.026681045836652095,0.6685050924866603
ar,mean_frame,Middle third,fit,0.028572873863051185,0.668819429640626
ar,mean_frame,Middle third,fit,0.030464701889450163,0.6691334687271278
ar,mean_frame,Middle third,fit,0.03235652991584925,0.6694472100288056
ar,mean_frame,Middle third,fit,0.03424835794224823,0.6697606538280313
ar,mean_frame,Middle third,fit,0.03614018596864721,0.6700738004069089
ar,mean_frame,Middle third,fit,0.0380320139950463,0.6703866500472753
ar,mean_frame,Middle third,fit,0.03992384202144528,0.6706992030306994
ar,mean_frame,Middle third,fit,0.04181567004784437,0.671011459638484
ar,mean_frame,Middle third,fit,0.043707498074243345,0.6713234201516642
ar,mean_frame,Middle third,fit,0.04559932610064232,0.6716350848510098
ar,mean_frame,Middle third,fit,0.04749115412704141,0.671946454017023
ar,mean_frame,Middle third,fit,0.04938298215344039,0.6722575279299413
ar,mean_frame,Middle third,fit,0.05127481017983948,0.6725683068697355
ar,mean_frame,Middle third,fit,0.05316663820623846,0.6728787911161114
ar,mean_frame,Middle third,fit,0.05505846623263744,0.6731889809485094
ar,mean_frame,Middle third,fit,0.05695029425903653,0.6734988766461051
ar,mean_frame,Middle third,fit,0.058842122285435505,0.6738084784878091
ar,mean_frame,Middle third,fit,0.060733950311834484,0.6741177867522679
ar,mean_frame,Middle third,fit,0.06262577833823357,0.6744268017178634
ar,mean_frame,Middle third,fit,0.06451760636463255,0.6747355236627137
ar,mean_frame,Middle third,fit,0.06640943439103164,0.6750439528646732
ar,mean_frame,Middle third,fit,0.06830126241743062,0.6753520896013329
ar,mean_frame,Middle third,fit,0.0701930904438296,0.6756599341500202
ar,mean_frame,Middle third,fit,0.07208491847022869,0.6759674867878002
ar,mean_frame,Middle third,fit,0.07397674649662767,0.6762747477914743
ar,mean_frame,Middle third,fit,0.07586857452302675,0.6765817174375826
ar,mean_frame,Middle third,fit,0.07776040254942573,0.6768883960024019
ar,mean_frame,Middle third,fit,0.07965223057582471,0.6771947837619479
ar,mean_frame,Middle third,fit,0.0815440586022238,0.6775008809919738
ar,mean_frame,Middle third,fit,0.08343588662862278,0.6778066879679718
ar,mean_frame,Middle third,fit,0.08532771465502187,0.6781122049651729
ar,mean_frame,Middle third,fit,0.08721954268142085,0.6784174322585468
ar,mean_frame,Middle third,fit,0.08911137070781983,0.6787223701228027
ar,mean_frame,Middle third,fit,0.09100319873421892,0.6790270188323891
ar,mean_frame,Middle third,fit,0.0928950267606179,0.6793313786614946
ar,mean_frame,Middle third,fit,0.09478685478701698,0.6796354498840474
ar,mean_frame,Middle third,fit,0.09667868281341596,0.6799392327737164
ar,mean_frame,Middle third,fit,0.09857051083981494,0.6802427276039105
ar,mean_frame,Middle third,fit,0.10046233886621403,0.6805459346477798
ar,mean_frame,Middle third,fit,0.10235416689261301,0.6808488541782147
ar,mean_frame,Middle third,fit,0.10424599491901199,0.6811514864678478
ar,mean_frame,Middle third,fit,0.10613782294541108,0.6814538317890528
ar,mean_frame,Middle third,fit,0.10802965097181005,0.6817558904139445
ar,mean_frame,Middle third,fit,0.10992147899820914,0.6820576626143804
ar,mean_frame,Middle third,fit,0.11181330702460812,0.68235914866196
ar,mean_frame,Middle third,fit,0.1137051350510071,0.6826603488280254
ar,mean_frame,Middle third,fit,0.11559696307740619,0.682961263383661
ar,mean_frame,Middle third,fit,0.11748879110380517,0.6832618925996946
ar,mean_frame,Middle third,fit,0.11938061913020426,0.6835622367466968
ar,mean_frame,Middle third,fit,0.12127244715660324,0.6838622960949821
ar,mean_frame,Middle third,fit,0.12316427518300227,0.6841620709146079
ar,mean_frame,Middle third,extrapolation,0.12316427518300227,0.6841620709146079
ar,mean_frame,Middle third,extrapolation,0.13664498333709793,0.6862899799594563
ar,mean_frame,Middle third,extrapolation,0.1501256914911936,0.6884035525472608
ar,mean_frame,Middle third,extrapolation,0.16360639964528922,0.6905028852676764
ar,mean_frame,Middle third,extrapolation,0.1770871077993849,0.6925880740596007
ar,mean_frame,Middle third,extrapolation,0.19056781595348055,0.694659214215557
ar,mean_frame,Middle third,extrapolation,0.2040485241075762,0.6967164003860506
ar,mean_frame,Middle third,extrapolation,0.21752923226167187,0.6987597265838937
ar,mean_frame,Middle third,extrapolation,0.23100994041576753,0.7007892861885017
ar,mean_frame,Middle third,extrapolation,0.2444906485698632,0.7028051719501605
ar,mean_frame,Middle third,extrapolation,0.2579713567239589,0.7048074759942653
ar,mean_frame,Middle third,extrapolation,0.2714520648780545,0.7067962898255313
ar,mean_frame,Middle third,extrapolation,0.28493277303215014,0.7087717043321742
ar,mean_frame,Middle third,extrapolation,0.2984134811862458,0.710733809790065
ar,mean_frame,Middle third,extrapolation,0.31189418934034147,0.7126826958668544
ar,mean_frame,Middle third,extrapolation,0.32537489749443715,0.7146184516260718
ar,mean_frame,Middle third,extrapolation,0.3388556056485328,0.7165411655311948
ar,mean_frame,Middle third,extrapolation,0.3523363138026284,0.7184509254496918
ar,mean_frame,Middle third,extrapolation,0.3658170219567241,0.7203478186570377
ar,mean_frame,Middle third,extrapolation,0.37929773011081974,0.7222319318407028
ar,mean_frame,Middle third,extrapolation,0.39277843826491543,0.7241033511041137
ar,mean_frame,Middle third,extrapolation,0.40625914641901106,0.7259621619705887
ar,mean_frame,Middle third,extrapolation,0.41973985457310675,0.7278084493872461
ar,mean_frame,Middle third,extrapolation,0.4332205627272024,0.7296422977288859
ar,mean_frame,Middle third,extrapolation,0.446701270881298,0.7314637908018461
ar,mean_frame,Middle third,extrapolation,0.4601819790353937,0.7332730118478324
ar,mean_frame,Middle third,extrapolation,0.47366268718948934,0.7350700435477229
ar,mean_frame,Middle third,extrapolation,0.48714339534358503,0.7368549680253452
ar,mean_frame,Middle third,extrapolation,0.5006241034976806,0.7386278668512314
ar,mean_frame,Middle third,extrapolation,0.5141048116517763,0.7403888210463438
ar,mean_frame,Middle third,extrapolation,0.527585519805872,0.7421379110857795
ar,mean_frame,Middle third,extrapolation,0.5410662279599676,0.7438752169024463
ar,mean_frame,Middle third,extrapolation,0.5545469361140634,0.745600817890717
ar,mean_frame,Middle third,extrapolation,0.5680276442681589,0.7473147929100568
ar,mean_frame,Middle third,extrapolation,0.5815083524222546,0.7490172202886276
ar,mean_frame,Middle third,extrapolation,0.5949890605763503,0.7507081778268674
ar,mean_frame,Middle third,extrapolation,0.6084697687304459,0.752387742801046
ar,mean_frame,Middle third,extrapolation,0.6219504768845416,0.7540559919667963
ar,mean_frame,Middle third,extrapolation,0.6354311850386372,0.7557130015626217
ar,mean_frame,Middle third,extrapolation,0.6489118931927329,0.7573588473133808
ar,mean_frame,Middle third,extrapolation,0.6623926013468286,0.7589936044337477
ar,mean_frame,Middle third,extrapolation,0.6758733095009242,0.7606173476316493
ar,mean_frame,Middle third,extrapolation,0.6893540176550199,0.7622301511116794
ar,mean_frame,Middle third,extrapolation,0.7028347258091154,0.7638320885784897
ar,mean_frame,Middle third,extrapolation,0.7163154339632112,0.7654232332401586
ar,mean_frame,Middle third,extrapolation,0.7297961421173069,0.7670036578115362
ar,mean_frame,Middle third,extrapolation,0.7432768502714024,0.7685734345175674
ar,mean_frame,Middle third,extrapolation,0.7567575584254982,0.7701326350965934
ar,mean_frame,Middle third,extrapolation,0.7702382665795937,0.7716813308036284
ar,mean_frame,Middle third,extrapolation,0.7837189747336895,0.7732195924136182
ar,mean_frame,Middle third,extrapolation,0.7971996828877852,0.7747474902246724
ar,mean_frame,Middle third,extrapolation,0.8106803910418807,0.7762650940612785
ar,mean_frame,Middle third,extrapolation,0.8241610991959765,0.7777724732774922
ar,mean_frame,Middle third,extrapolation,0.8376418073500722,0.7792696967601072
ar,mean_frame,Middle third,extrapolation,0.8511225155041677,0.7807568329318026
ar,mean_frame,Middle third,extrapolation,0.8646032236582635,0.7822339497542711
ar,mean_frame,Middle third,extrapolation,0.878083931812359,0.7837011147313233
ar,mean_frame,Middle third,extrapolation,0.8915646399664547,0.7851583949119738
ar,mean_frame,Middle third,extrapolation,0.9050453481205505,0.7866058568935047
ar,mean_frame,Middle third,extrapolation,0.918526056274646,0.7880435668245092
ar,mean_frame,Middle third,extrapolation,0.9320067644287418,0.7894715904079148
ar,mean_frame,Middle third,extrapolation,0.9454874725828373,0.7908899929039855
ar,mean_frame,Middle third,extrapolation,0.958968180736933,0.7922988391333047
ar,mean_frame,Middle third,extrapolation,0.9724488888910288,0.7936981934797367
ar,mean_frame,Middle third,extrapolation,0.9859295970451243,0.79508811989337
ar,mean_frame,Middle third,extrapolation,0.99941030519922,0.796468681893439
ar,mean_frame,Middle third,extrapolation,1.0128910133533156,0.7978399425712273
ar,mean_frame,Middle third,extrapolation,1.0263717215074113,0.7992019645929505
ar,mean_frame,Middle third,extrapolation,1.039852429661507,0.8005548102026205
ar,mean_frame,Middle third,extrapolation,1.0533331378156026,0.8018985412248898
ar,mean_frame,Middle third,extrapolation,1.0668138459696983,0.803233219067877
ar,mean_frame,Middle third,extrapolation,1.080294554123794,0.8045589047259727
ar,mean_frame,Middle third,extrapolation,1.0937752622778896,0.8058756587826277
ar,mean_frame,Middle third,extrapolation,1.1072559704319853,0.8071835414131207
ar,mean_frame,Middle third,extrapolation,1.1207366785860808,0.8084826123873092
ar,mean_frame,Middle third,extrapolation,1.1342173867401766,0.8097729310723605
ar,mean_frame,Middle third,extrapolation,1.147698094894272,0.8110545564354645
ar,mean_frame,Middle third,extrapolation,1.1611788030483678,0.8123275470465294
ar,mean_frame,Middle third,extrapolation,1.1746595112024636,0.8135919610808571
ar,mean_frame,Middle third,extrapolation,1.1881402193565591,0.8148478563218028
ar,mean_frame,Middle third,extrapolation,1.2016209275106549,0.8160952901634152
ar,mean_frame,Middle third,extrapolation,1.2151016356647504,0.8173343196130596
ar,mean_frame,Middle third,extrapolation,1.2285823438188461,0.8185650012940228
ar,mean_frame,Middle third,extrapolation,1.2420630519729419,0.8197873914481013
ar,mean_frame,Middle third,extrapolation,1.2555437601270374,0.8210015459381708
ar,mean_frame,Middle third,extrapolation,1.2690244682811331,0.8222075202507401
ar,mean_frame,Middle third,extrapolation,1.2825051764352287,0.8234053694984856
ar,mean_frame,Middle third,extrapolation,1.2959858845893244,0.8245951484227714
ar,mean_frame,Middle third,extrapolation,1.3094665927434201,0.8257769113961492
ar,mean_frame,Middle third,extrapolation,1.3229473008975157,0.826950712424845
ar,mean_frame,Middle third,extrapolation,1.3364280090516114,0.8281166051512254
ar,mean_frame,Middle third,extrapolation,1.349908717205707,0.8292746428562505
ar,mean_frame,Middle third,extrapolation,1.3633894253598027,0.8304248784619082
ar,mean_frame,Middle third,extrapolation,1.3768701335138984,0.8315673645336319
ar,mean_frame,Middle third,extrapolation,1.390350841667994,0.8327021532827047
ar,mean_frame,Middle third,extrapolation,1.4038315498220897,0.8338292965686434
ar,mean_frame,Middle third,extrapolation,1.4173122579761852,0.8349488459015698
ar,mean_frame,Middle third,extrapolation,1.430792966130281,0.8360608524445641
ar,mean_frame,Middle third,extrapolation,1.4442736742843767,0.8371653670160031
ar,mean_frame,Middle third,extrapolation,1.4577543824384722,0.8382624400918829
ar,mean_frame,Middle third,extrapolation,1.471235090592568,0.8393521218081251
ar,mean_frame,Middle third,extrapolation,1.4847157987466637,0.8404344619628688
ar,mean_frame,Middle third,extrapolation,1.4981965069007592,0.8415095100187453
ar,mean_frame,Middle third,extrapolation,1.511677215054855,0.8425773151051394
ar,mean_frame,Middle third,extrapolation,1.5251579232089505,0.8436379260204342
ar,mean_frame,Middle third,extrapolation,1.5386386313630462,0.8446913912342414
ar,mean_frame,Middle third,extrapolation,1.552119339517142,0.8457377588896161
ar,mean_frame,Middle third,extrapolation,1.5656000476712375,0.8467770768052569
ar,mean_frame,Middle third,extrapolation,1.5790807558253332,0.8478093924776918
ar,mean_frame,Middle third,extrapolation,1.5925614639794288,0.8488347530834477
ar,mean_frame,Middle third,extrapolation,1.6060421721335245,0.8498532054812074
ar,mean_frame,Middle third,extrapolation,1.6195228802876203,0.8508647962139504
ar,mean_frame,Middle third,extrapolation,1.6330035884417158,0.8518695715110802
ar,mean_frame,Middle third,extrapolation,1.6464842965958115,0.8528675772905369
ar,mean_frame,Middle third,extrapolation,1.659965004749907,0.8538588591608953
ar,mean_frame,Middle third,extrapolation,1.6734457129040028,0.85484346242345
ar,mean_frame,Middle third,extrapolation,1.6869264210580985,0.8558214320742847
ar,mean_frame,Middle third,extrapolation,1.700407129212194,0.8567928128063294
ar,mean_frame,Middle third,extrapolation,1.7138878373662898,0.8577576490114018
ar,mean_frame,Middle third,extrapolation,1.7273685455203855,0.8587159847822374
ar,mean_frame,Middle third,extrapolation,1.740849253674481,0.859667863914503
ar,mean_frame,Middle third,extrapolation,1.7543299618285768,0.8606133299087994
ar,mean_frame,Middle third,extrapolation,1.7678106699826723,0.8615524259726485
ar,mean_frame,Middle third,extrapolation,1.781291378136768,0.8624851950224686
ar,mean_frame,Middle third,extrapolation,1.7947720862908638,0.8634116796855349
ar,mean_frame,Middle third,extrapolation,1.8082527944449593,0.8643319223019282
ar,mean_frame,Middle third,extrapolation,1.821733502599055,0.8652459649264695
ar,mean_frame,Middle third,extrapolation,1.8352142107531506,0.8661538493306422
ar,mean_frame,Middle third,extrapolation,1.8486949189072464,0.8670556170045001
ar,mean_frame,Middle third,extrapolation,1.862175627061342,0.8679513091585651
ar,mean_frame,Middle third,extrapolation,1.8756563352154376,0.868840966725709
ar,mean_frame,Middle third,extrapolation,1.8891370433695334,0.8697246303630249
ar,mean_frame,Middle third,extrapolation,1.9026177515236289,0.8706023404536851
ar,mean_frame,Middle third,extrapolation,1.9160984596777246,0.8714741371087866
ar,mean_frame,Middle third,extrapolation,1.9295791678318204,0.8723400601691839
ar,mean_frame,Middle third,extrapolation,1.943059875985916,0.87320014920731
ar,mean_frame,Middle third,extrapolation,1.9565405841400116,0.8740544435289849
ar,mean_frame,Middle third,extrapolation,1.9700212922941072,0.8749029821752115
ar,mean_frame,Middle third,extrapolation,1.983502000448203,0.8757458039239601
ar,mean_frame,Middle third,extrapolation,1.9969827086022987,0.8765829472919408
ar,mean_frame,Middle third,extrapolation,2.0104634167563944,0.8774144505363627
ar,mean_frame,Middle third,extrapolation,2.02394412491049,0.8782403516566833
ar,mean_frame,Middle third,extrapolation,2.037424833064586,0.8790606883963448
ar,mean_frame,Middle third,extrapolation,2.050905541218681,0.8798754982444981
ar,mean_frame,Middle third,extrapolation,2.064386249372777,0.8806848184377176
ar,mean_frame,Middle third,extrapolation,2.0778669575268727,0.8814886859617016
ar,mean_frame,Middle third,extrapolation,2.0913476656809684,0.8822871375529631
ar,mean_frame,Middle third,extrapolation,2.104828373835064,0.8830802097005085
ar,mean_frame,Middle third,extrapolation,2.1183090819891595,0.8838679386475052
ar,mean_frame,Middle third,extrapolation,2.131789790143255,0.884650360392938
ar,mean_frame,Middle third,extrapolation,2.145270498297351,0.8854275106932539
ar,mean_frame,Middle third,extrapolation,2.1587512064514467,0.8861994250639966
ar,mean_frame,Middle third,extrapolation,2.172231914605542,0.8869661387814292
ar,mean_frame,Middle third,extrapolation,2.1857126227596377,0.8877276868841464
ar,mean_frame,Middle third,extrapolation,2.1991933309137335,0.888484104174676
ar,mean_frame,Middle third,extrapolation,2.2126740390678292,0.8892354252210692
ar,mean_frame,Middle third,extrapolation,2.226154747221925,0.8899816843584799
ar,mean_frame,Middle third,extrapolation,2.2396354553760203,0.8907229156907348
ar,mean_frame,Middle third,extrapolation,2.253116163530116,0.8914591530918908
ar,mean_frame,Middle third,extrapolation,2.2665968716842118,0.8921904302077841
ar,mean_frame,Middle third,extrapolation,2.2800775798383075,0.892916780457567
ar,mean_frame,Middle third,extrapolation,2.2935582879924032,0.8936382370352354
ar,mean_frame,Middle third,extrapolation,2.3070389961464985,0.8943548329111459
ar,mean_frame,Middle third,extrapolation,2.3205197043005943,0.8950666008335227
ar,mean_frame,Middle third,extrapolation,2.33400041245469,0.8957735733299536
ar,mean_frame,Middle third,extrapolation,2.3474811206087858,0.8964757827088767
ar,mean_frame,Middle third,extrapolation,2.3609618287628815,0.8971732610610573
ar,mean_frame,Middle third,extrapolation,2.374442536916977,0.8978660402610542
ar,mean_frame,Middle third,extrapolation,2.3879232450710726,0.8985541519686759
ar,mean_frame,Middle third,extrapolation,2.4014039532251683,0.8992376276304285
ar,mean_frame,Middle third,extrapolation,2.414884661379264,0.8999164984809513
ar,mean_frame,Middle third,extrapolation,2.42836536953336,0.9005907955444459
ar,mean_frame,Middle third,extrapolation,2.441846077687455,0.9012605496360926
ar,mean_frame,Middle third,extrapolation,2.455326785841551,0.9019257913634593
ar,mean_frame,Middle third,extrapolation,2.4688074939956466,0.9025865511279005
ar,mean_frame,Middle third,extrapolation,2.4822882021497423,0.9032428591259458
ar,mean_frame,Middle third,extrapolation,2.495768910303838,0.9038947453506807
ar,mean_frame,Middle third,extrapolation,2.5092496184579334,0.9045422395931169
ar,mean_frame,Middle third,extrapolation,2.522730326612029,0.9051853714435536
ar,mean_frame,Middle third,extrapolation,2.536211034766125,0.90582417029293
ar,mean_frame,Middle third,extrapolation,2.5496917429202206,0.9064586653341686
ar,mean_frame,Middle third,extrapolation,2.5631724510743163,0.9070888855635092
ar,mean_frame,Middle third,extrapolation,2.5766531592284116,0.9077148597818333
ar,mean_frame,Middle third,extrapolation,2.5901338673825074,0.9083366165959816
ar,mean_frame,Middle third,extrapolation,2.603614575536603,0.9089541844200604
ar,mean_frame,Middle third,extrapolation,2.617095283690699,0.9095675914767404
ar,mean_frame,Middle third,extrapolation,2.6305759918447946,0.9101768657985462
ar,mean_frame,Middle third,extrapolation,2.64405669999889,0.910782035229138
ar,mean_frame,Middle third,extrapolation,2.6575374081529857,0.9113831274245834
ar,mean_frame,Middle third,extrapolation,2.6710181163070814,0.9119801698546217
ar,mean_frame,Middle third,extrapolation,2.684498824461177,0.912573189803919
ar,mean_frame,Middle third,extrapolation,2.697979532615273,0.9131622143733151
ar,mean_frame,Middle third,extrapolation,2.711460240769368,0.9137472704810622
ar,mean_frame,Middle third,extrapolation,2.724940948923464,0.9143283848640552
ar,mean_frame,Middle third,extrapolation,2.7384216570775597,0.9149055840790528
ar,mean_frame,Middle third,extrapolation,2.7519023652316554,0.9154788945038919
ar,mean_frame,Middle third,extrapolation,2.765383073385751,0.916048342338693
ar,mean_frame,Middle third,extrapolation,2.778863781539847,0.9166139536070572
ar,mean_frame,Middle third,extrapolation,2.7923444896939422,0.9171757541572556
ar,mean_frame,Middle third,extrapolation,2.805825197848038,0.9177337696634106
ar,mean_frame,Middle third,extrapolation,2.8193059060021337,0.9182880256266691
ar,mean_frame,Middle third,extrapolation,2.8327866141562295,0.9188385473763683
ar,mean_frame,Middle third,extrapolation,2.846267322310325,0.9193853600711923
ar,mean_frame,Middle third,extrapolation,2.8597480304644205,0.9199284887003233
ar,mean_frame,Middle third,extrapolation,2.8732287386185162,0.920467958084582
ar,mean_frame,Middle third,extrapolation,2.886709446772612,0.9210037928775633
ar,mean_frame,Middle third,extrapolation,2.9001901549267077,0.9215360175667616
ar,mean_frame,Middle third,extrapolation,2.9136708630808035,0.9220646564746915
ar,mean_frame,Middle third,extrapolation,2.9271515712348988,0.9225897337599976
ar,mean_frame,Middle third,extrapolation,2.9406322793889945,0.9231112734185599
ar,mean_frame,Middle third,extrapolation,2.9541129875430903,0.9236292992845897
ar,mean_frame,Middle third,extrapolation,2.967593695697186,0.924143835031719
ar,mean_frame,Middle third,extrapolation,2.9810744038512818,0.9246549041740825
ar,mean_frame,Middle third,extrapolation,2.994555112005377,0.9251625300673918
ar,mean_frame,Middle third,extrapolation,3.008035820159473,0.9256667359100033
ar,mean_frame,Middle third,extrapolation,3.0215165283135685,0.9261675447439779
ar,mean_frame,Middle third,extrapolation,3.0349972364676643,0.9266649794561342
ar,mean_frame,Middle third,extrapolation,3.04847794462176,0.9271590627790947
ar,mean_frame,Middle third,extrapolation,3.0619586527758553,0.9276498172923238
ar,mean_frame,Middle third,extrapolation,3.075439360929951,0.9281372654231607
ar,mean_frame,Middle third,extrapolation,3.088920069084047,0.928621429447844
ar,mean_frame,Middle third,extrapolation,3.1024007772381426,0.9291023314925291
ar,mean_frame,Middle third,extrapolation,3.1158814853922383,0.9295799935343002
ar,mean_frame,Middle third,extrapolation,3.1293621935463336,0.9300544374021744
ar,mean_frame,Middle third,extrapolation,3.1428429017004293,0.9305256847780989
ar,mean_frame,Middle third,extrapolation,3.156323609854525,0.9309937571979423
ar,mean_frame,Middle third,extrapolation,3.169804318008621,0.9314586760524787
ar,mean_frame,Middle third,extrapolation,3.1832850261627166,0.9319204625883648
ar,mean_frame,Middle third,extrapolation,3.196765734316812,0.9323791379091119
ar,mean_frame,Middle third,extrapolation,3.2102464424709076,0.932834722976049
ar,mean_frame,Middle third,extrapolation,3.2237271506250034,0.9332872386092818
ar,mean_frame,Middle third,extrapolation,3.237207858779099,0.9337367054886436
ar,mean_frame,Middle third,extrapolation,3.250688566933195,0.9341831441546407
ar,mean_frame,Middle third,extrapolation,3.26416927508729,0.9346265750093907
ar,mean_frame,Middle third,extrapolation,3.277649983241386,0.9350670183175553
ar,mean_frame,Middle third,extrapolation,3.2911306913954816,0.9355044942072661
ar,mean_frame,Middle third,extrapolation,3.3046113995495774,0.9359390226710446
ar,mean_frame,Middle third,extrapolation,3.318092107703673,0.9363706235667155
ar,mean_frame,Middle third,extrapolation,3.331572815857769,0.936799316618315
ar,mean_frame,Middle third,extrapolation,3.345053524011864,0.937225121416991
ar,mean_frame,Middle third,extrapolation,3.35853423216596,0.9376480574218998
ar,mean_frame,Middle third,extrapolation,3.3720149403200557,0.9380681439610942
ar,mean_frame,Middle third,extrapolation,3.3854956484741514,0.9384854002324073
ar,mean_frame,Middle third,extrapolation,3.398976356628247,0.93889984530433
ar,mean_frame,Middle third,extrapolation,3.4124570647823425,0.9393114981168817
ar,mean_frame,Middle third,extrapolation,3.425937772936438,0.9397203774824772
ar,mean_frame,Middle third,extrapolation,3.439418481090534,0.9401265020867846
ar,mean_frame,Middle third,extrapolation,3.4528991892446297,0.9405298904895809
ar,mean_frame,Middle third,extrapolation,3.4663798973987254,0.9409305611255991
ar,mean_frame,Middle third,extrapolation,3.4798606055528207,0.9413285323053715
ar,mean_frame,Middle third,extrapolation,3.4933413137069165,0.9417238222160654
ar,mean_frame,Middle third,extrapolation,3.506822021861012,0.9421164489223154
ar,mean_frame,Middle third,extrapolation,3.520302730015108,0.9425064303670483
ar,mean_frame,Middle third,extrapolation,3.5337834381692037,0.942893784372303
ar,mean_frame,Middle third,extrapolation,3.547264146323299,0.9432785286400454
ar,mean_frame,Middle third,extrapolation,3.5607448544773947,0.943660680752977
ar,mean_frame,Middle third,extrapolation,3.5742255626314905,0.9440402581753389
ar,mean_frame,Middle third,extrapolation,3.5877062707855862,0.9444172782537092
ar,mean_frame,Middle third,extrapolation,3.601186978939682,0.9447917582177963
ar,mean_frame,Middle third,extrapolation,3.6146676870937773,0.945163715181226
ar,mean_frame,Middle third,extrapolation,3.628148395247873,0.9455331661423237
ar,mean_frame,Middle third,extrapolation,3.6416291034019688,0.9459001279848916
ar,mean_frame,Middle third,extrapolation,3.6551098115560645,0.9462646174789795
ar,mean_frame,Middle third,extrapolation,3.6685905197101603,0.9466266512816516
ar,mean_frame,Middle third,extrapolation,3.6820712278642556,0.9469862459377478
ar,mean_frame,Middle third,extrapolation,3.6955519360183513,0.9473434178806399
ar,mean_frame,Middle third,extrapolation,3.709032644172447,0.9476981834329822
ar,mean_frame,Middle third,extrapolation,3.722513352326543,0.9480505588074574
ar,mean_frame,Middle third,extrapolation,3.7359940604806385,0.9484005601075183
ar,mean_frame,Middle third,extrapolation,3.749474768634734,0.9487482033281228
ar,mean_frame,Middle third,extrapolation,3.7629554767888296,0.9490935043564656
ar,mean_frame,Middle third,extrapolation,3.7764361849429253,0.9494364789727033
ar,mean_frame,Middle third,extrapolation,3.789916893097021,0.9497771428506769
ar,mean_frame,Middle third,extrapolation,3.803397601251117,0.9501155115586268
ar,mean_frame,Middle third,extrapolation,3.816878309405212,0.9504516005599049
ar,mean_frame,Middle third,extrapolation,3.830359017559308,0.950785425213681
ar,mean_frame,Middle third,extrapolation,3.8438397257134036,0.9511170007756455
ar,mean_frame,Middle third,extrapolation,3.8573204338674993,0.9514463423987053
ar,mean_frame,Middle third,extrapolation,3.870801142021595,0.9517734651336771
ar,mean_frame,Middle third,extrapolation,3.884281850175691,0.9520983839299754
ar,mean_frame,Middle third,extrapolation,3.897762558329786,0.9524211136362948
ar,mean_frame,Middle third,extrapolation,3.911243266483882,0.9527416690012894
ar,mean_frame,Middle third,extrapolation,3.9247239746379776,0.9530600646742468
ar,mean_frame,Middle third,extrapolation,3.9382046827920734,0.9533763152057568
ar,mean_frame,Middle third,extrapolation,3.951685390946169,0.9536904350483771
ar,mean_frame,Middle third,extrapolation,3.9651660991002644,0.9540024385572936
ar,mean_frame,Middle third,extrapolation,3.97864680725436,0.9543123399909761
ar,mean_frame,Middle third,extrapolation,3.992127515408456,0.9546201535118306
ar,mean_frame,Middle third,extrapolation,4.005608223562552,0.9549258931868457
ar,mean_frame,Middle third,extrapolation,4.019088931716648,0.955229572988236
ar,mean_frame,Middle third,extrapolation,4.032569639870743,0.9555312067940804
ar,mean_frame,Middle third,extrapolation,4.046050348024838,0.9558308083889566
ar,mean_frame,Middle third,extrapolation,4.059531056178934,0.9561283914645706
ar,mean_frame,Middle third,extrapolation,4.07301176433303,0.9564239696203828
ar,mean_frame,Middle third,extrapolation,4.086492472487126,0.9567175563642292
ar,mean_frame,Middle third,extrapolation,4.099973180641221,0.957009165112939
ar,mean_frame,Middle third,extrapolation,4.113453888795317,0.9572988091929476
ar,mean_frame,Middle third,extrapolation,4.126934596949413,0.9575865018409055
ar,mean_frame,Middle third,extrapolation,4.140415305103509,0.9578722562042834
ar,mean_frame,Middle third,extrapolation,4.153896013257604,0.958156085341973
ar,mean_frame,Middle third,extrapolation,4.1673767214117,0.9584380022248835
ar,mean_frame,Middle third,extrapolation,4.180857429565796,0.958718019736535
ar,mean_frame,Middle third,extrapolation,4.194338137719892,0.9589961506736465
ar,mean_frame,Middle third,extrapolation,4.2078188458739865,0.9592724077467214
ar,mean_frame,Middle third,extrapolation,4.221299554028082,0.9595468035806277
ar,mean_frame,Middle third,extrapolation,4.234780262182178,0.9598193507151758
ar,mean_frame,Middle third,extrapolation,4.248260970336274,0.9600900616056905
ar,mean_frame,Middle third,extrapolation,4.2617416784903694,0.9603589486235814
ar,mean_frame,Middle third,extrapolation,4.275222386644465,0.9606260240569071
ar,mean_frame,Middle third,extrapolation,4.288703094798561,0.9608913001109377
ar,mean_frame,Middle third,extrapolation,4.302183802952657,0.9611547889087119
ar,mean_frame,Middle third,extrapolation,4.315664511106752,0.9614165024915914
ar,mean_frame,Middle third,extrapolation,4.329145219260848,0.9616764528198113
ar,mean_frame,Middle third,extrapolation,4.342625927414943,0.9619346517730261
ar,mean_frame,Middle third,extrapolation,4.356106635569039,0.9621911111508533
ar,mean_frame,Middle third,extrapolation,4.3695873437231345,0.9624458426734123
ar,mean_frame,Middle third,extrapolation,4.38306805187723,0.9626988579818595
ar,mean_frame,Middle third,extrapolation,4.396548760031326,0.9629501686389217
ar,mean_frame,Middle third,extrapolation,4.410029468185422,0.9631997861294227
ar,mean_frame,Middle third,extrapolation,4.4235101763395175,0.9634477218608097
ar,mean_frame,Middle third,extrapolation,4.436990884493613,0.9636939871636738
ar,mean_frame,Middle third,extrapolation,4.450471592647709,0.9639385932922682
ar,mean_frame,Middle third,extrapolation,4.463952300801805,0.9641815514250217
ar,mean_frame,Middle third,extrapolation,4.4774330089559,0.9644228726650508
ar,mean_frame,Middle third,extrapolation,4.490913717109995,0.9646625680406664
ar,mean_frame,Middle third,extrapolation,4.504394425264091,0.9649006485058775
ar,mean_frame,Middle third,extrapolation,4.517875133418187,0.9651371249408927
ar,mean_frame,Middle third,extrapolation,4.5313558415722826,0.9653720081526161
ar,mean_frame,Middle third,extrapolation,4.544836549726378,0.965605308875143
ar,mean_frame,Middle third,extrapolation,4.558317257880474,0.9658370377702484
ar,mean_frame,Middle third,extrapolation,4.57179796603457,0.9660672054278758
ar,mean_frame,Middle third,extrapolation,4.5852786741886655,0.9662958223666207
ar,mean_frame,Middle third,extrapolation,4.598759382342761,0.9665228990342107
ar,mean_frame,Middle third,extrapolation,4.612240090496856,0.9667484458079839
ar,mean_frame,Middle third,extrapolation,4.625720798650952,0.9669724729953624
ar,mean_frame,Middle third,extrapolation,4.639201506805048,0.9671949908343238
ar,mean_frame,Middle third,extrapolation,4.652682214959143,0.967416009493869
ar,mean_frame,Middle third,extrapolation,4.666162923113239,0.9676355390744866
ar,mean_frame,Middle third,extrapolation,4.679643631267335,0.9678535896086149
ar,mean_frame,Middle third,extrapolation,4.693124339421431,0.9680701710611002
ar,mean_frame,Middle third,extrapolation,4.706605047575526,0.968285293329652
ar,mean_frame,Middle third,extrapolation,4.720085755729622,0.9684989662452956
ar,mean_frame,Middle third,extrapolation,4.733566463883718,0.9687111995728216
ar,mean_frame,Middle third,extrapolation,4.747047172037814,0.9689220030112314
ar,mean_frame,Middle third,extrapolation,4.760527880191908,0.9691313861941813
ar,mean_frame,Middle third,extrapolation,4.774008588346004,0.9693393586904218
ar,mean_frame,Middle third,extrapolation,4.7874892965001,0.969545930004236
ar,mean_frame,Middle third,extrapolation,4.800970004654196,0.9697511095758728
ar,mean_frame,Middle third,extrapolation,4.814450712808291,0.9699549067819795
ar,mean_frame,Middle third,extrapolation,4.827931420962387,0.9701573309360293
ar,mean_frame,Middle third,extrapolation,4.841412129116483,0.9703583912887473
ar,mean_frame,Middle third,extrapolation,4.854892837270579,0.9705580970285335
ar,mean_frame,Middle third,extrapolation,4.868373545424674,0.9707564572818823
ar,mean_frame,Middle third,extrapolation,4.88185425357877,0.9709534811137998
ar,mean_frame,Middle third,extrapolation,4.895334961732865,0.971149177528218
ar,mean_frame,Middle third,extrapolation,4.908815669886961,0.9713435554684066
ar,mean_frame,Middle third,extrapolation,4.9222963780410565,0.9715366238173808
ar,mean_frame,Middle third,extrapolation,4.935777086195152,0.9717283913983085
ar,mean_frame,Middle third,extrapolation,4.949257794349248,0.9719188669749125
ar,mean_frame,Middle third,extrapolation,4.962738502503344,0.9721080592518715
ar,mean_frame,Middle third,extrapolation,4.976219210657439,0.9722959768752177
ar,mean_frame,Middle third,extrapolation,4.989699918811535,0.9724826284327321
ar,mean_frame,Middle third,extrapolation,5.003180626965631,0.9726680224543368
ar,mean_frame,Middle third,extrapolation,5.016661335119727,0.9728521674124849
ar,mean_frame,Middle third,extrapolation,5.0301420432738215,0.9730350717225477
ar,mean_frame,Middle third,extrapolation,5.043622751427917,0.973216743743199
ar,mean_frame,Middle third,extrapolation,5.057103459582013,0.9733971917767976
ar,mean_frame,Middle third,extrapolation,5.070584167736109,0.9735764240697665
ar,mean_frame,Middle third,extrapolation,5.0840648758902045,0.9737544488129695
ar,mean_frame,Middle third,extrapolation,5.0975455840443,0.9739312741420857
ar,mean_frame,Middle third,extrapolation,5.111026292198396,0.9741069081379816
ar,mean_frame,Middle third,extrapolation,5.124507000352492,0.9742813588270797
ar,mean_frame,Middle third,extrapolation,5.1379877085065875,0.9744546341817262
ar,mean_frame,Middle third,extrapolation,5.151468416660683,0.9746267421205543
ar,mean_frame,Middle third,extrapolation,5.164949124814778,0.9747976905088473
ar,mean_frame,Middle third,extrapolation,5.178429832968874,0.9749674871588969
ar,mean_frame,Middle third,extrapolation,5.19191054112297,0.9751361398303607
ar,mean_frame,Middle third,extrapolation,5.205391249277065,0.9753036562306172
ar,mean_frame,Middle third,extrapolation,5.218871957431161,0.975470044015117
ar,mean_frame,Middle third,extrapolation,5.232352665585257,0.975635310787734
ar,mean_frame,Middle third,extrapolation,5.2458333737393525,0.9757994641011117
ar,mean_frame,Middle third,extrapolation,5.259314081893448,0.9759625114570089
ar,mean_frame,Middle third,extrapolation,5.272794790047544,0.9761244603066426
ar,mean_frame,Middle third,extrapolation,5.28627549820164,0.9762853180510284
ar,mean_frame,Middle third,extrapolation,5.299756206355735,0.9764450920413184
ar,mean_frame,Middle third,extrapolation,5.31323691450983,0.9766037895791378
ar,mean_frame,Middle third,extrapolation,5.326717622663926,0.9767614179169182
ar,mean_frame,Middle third,extrapolation,5.340198330818022,0.9769179842582288
ar,mean_frame,Middle third,extrapolation,5.353679038972118,0.9770734957581063
ar,mean_frame,Middle third,extrapolation,5.367159747126213,0.9772279595233809
ar,mean_frame,Middle third,extrapolation,5.380640455280309,0.9773813826130022
ar,mean_frame,Middle third,extrapolation,5.394121163434405,0.9775337720383608
ar,mean_frame,Middle third,extrapolation,5.407601871588501,0.9776851347636092
ar,mean_frame,Middle third,extrapolation,5.421082579742596,0.9778354777059803
ar,mean_frame,Middle third,extrapolation,5.434563287896692,0.9779848077361029
ar,mean_frame,Middle third,extrapolation,5.448043996050787,0.9781331316783162
ar,mean_frame,Middle third,extrapolation,5.461524704204883,0.9782804563109813
ar,mean_frame,Middle third,extrapolation,5.475005412358978,0.9784267883667913
ar,mean_frame,Middle third,extrapolation,5.488486120513074,0.9785721345330788
ar,mean_frame,Middle third,extrapolation,5.50196682866717,0.9787165014521214
ar,mean_frame,Middle third,extrapolation,5.515447536821266,0.9788598957214455
ar,mean_frame,Middle third,extrapolation,5.528928244975361,0.9790023238941278
ar,mean_frame,Middle third,extrapolation,5.542408953129457,0.9791437924790943
ar,mean_frame,Middle third,extrapolation,5.555889661283553,0.9792843079414186
ar,mean_frame,Middle third,extrapolation,5.569370369437649,0.9794238767026164
ar,mean_frame,Middle third,extrapolation,5.5828510775917435,0.9795625051409399
ar,mean_frame,Middle third,extrapolation,5.596331785745839,0.9797001995916684
ar,mean_frame,Middle third,extrapolation,5.609812493899935,0.9798369663473985
ar,mean_frame,Middle third,extrapolation,5.623293202054031,0.9799728116583312
ar,mean_frame,Middle third,extrapolation,5.6367739102081265,0.9801077417325579
ar,mean_frame,Middle third,extrapolation,5.650254618362222,0.980241762736344
ar,mean_frame,Middle third,extrapolation,5.663735326516318,0.9803748807944105
ar,mean_frame,Middle third,extrapolation,5.677216034670414,0.9805071019902142
ar,mean_frame,Middle third,extrapolation,5.690696742824509,0.9806384323662252
ar,mean_frame,Middle third,extrapolation,5.704177450978605,0.9807688779242038
ar,mean_frame,Middle third,extrapolation,5.7176581591327,0.9808984446254742
ar,mean_frame,Middle third,extrapolation,5.731138867286796,0.981027138391197
ar,mean_frame,Middle third,extrapolation,5.7446195754408915,0.9811549651026403
ar,mean_frame,Middle third,extrapolation,5.758100283594987,0.9812819306014475
ar,mean_frame,Middle third,extrapolation,5.771580991749083,0.9814080406899054
ar,mean_frame,Middle third,extrapolation,5.785061699903179,0.9815333011312082
ar,mean_frame,Middle third,extrapolation,5.7985424080572745,0.9816577176497219
ar,mean_frame,Middle third,extrapolation,5.81202311621137,0.9817812959312454
ar,mean_frame,Middle third,extrapolation,5.825503824365466,0.9819040416232704
ar,mean_frame,Middle third,extrapolation,5.838984532519562,0.9820259603352394
ar,mean_frame,Middle third,extrapolation,5.852465240673657,0.9821470576388022
ar,mean_frame,Middle third,extrapolation,5.865945948827752,0.9822673390680705
ar,mean_frame,Middle third,extrapolation,5.879426656981848,0.982386810119871
ar,mean_frame,Middle third,extrapolation,5.892907365135944,0.9825054762539958
ar,mean_frame,Middle third,extrapolation,5.90638807329004,0.982623342893453
ar,mean_frame,Middle third,extrapolation,5.919868781444135,0.982740415424714
ar,mean_frame,Middle third,extrapolation,5.933349489598231,0.9828566991979595
ar,mean_frame,Middle third,extrapolation,5.946830197752327,0.9829721995273241
ar,mean_frame,Middle third,extrapolation,5.9603109059064225,0.9830869216911396
ar,mean_frame,Middle third,extrapolation,5.973791614060518,0.9832008709321756
ar,mean_frame,Middle third,extrapolation,5.987272322214614,0.9833140524578793
ar,mean_frame,Middle third,extrapolation,6.000753030368709,0.9834264714406138
ar,mean_frame,Middle third,extrapolation,6.014233738522805,0.983538133017894
ar,mean_frame,Middle third,extrapolation,6.0277144466769,0.9836490422926215
ar,mean_frame,Middle third,extrapolation,6.041195154830996,0.9837592043333182
ar,mean_frame,Middle third,extrapolation,6.054675862985092,0.9838686241743574
ar,mean_frame,Middle third,extrapolation,6.068156571139188,0.9839773068161941
ar,mean_frame,Middle third,extrapolation,6.081637279293283,0.9840852572255936
ar,mean_frame,Middle third,extrapolation,6.095117987447379,0.9841924803358583
ar,mean_frame,Middle third,extrapolation,6.108598695601475,0.9842989810470533
ar,mean_frame,Middle third,extrapolation,6.122079403755571,0.9844047642262301
ar,mean_frame,Middle third,extrapolation,6.135560111909665,0.9845098347076496
ar,mean_frame,Middle third,extrapolation,6.149040820063761,0.9846141972930024
ar,mean_frame,Middle third,extrapolation,6.162521528217857,0.9847178567516282
ar,mean_frame,Middle third,extrapolation,6.176002236371953,0.9848208178207342
ar,mean_frame,Last third,fit,0.1689217657436774,0.6280183408116888
ar,mean_frame,Last third,fit,0.1696520380547383,0.6286777505069128
ar,mean_frame,Last third,fit,0.17038231036579918,0.6293359912704557
ar,mean_frame,Last third,fit,0.17111258267686008,0.6299930651744761
ar,mean_frame,Last third,fit,0.17184285498792098,0.6306489742874588
ar,mean_frame,Last third,fit,0.17257312729898186,0.631303720674222
ar,mean_frame,Last third,fit,0.17330339961004276,0.6319573063959237
ar,mean_frame,Last third,fit,0.17403367192110364,0.6326097335100681
ar,mean_frame,Last third,fit,0.17476394423216454,0.6332610040705118
ar,mean_frame,Last third,fit,0.17549421654322545,0.6339111201274708
ar,mean_frame,Last third,fit,0.17622448885428632,0.6345600837275267
ar,mean_frame,Last third,fit,0.17695476116534722,0.635207896913633
ar,mean_frame,Last third,fit,0.17768503347640813,0.6358545617251218
ar,mean_frame,Last third,fit,0.178415305787469,0.6365000801977098
ar,mean_frame,Last third,fit,0.1791455780985299,0.6371444543635054
ar,mean_frame,Last third,fit,0.1798758504095908,0.6377876862510146
ar,mean_frame,Last third,fit,0.18060612272065169,0.6384297778851471
ar,mean_frame,Last third,fit,0.1813363950317126,0.6390707312872236
ar,mean_frame,Last third,fit,0.1820666673427735,0.6397105484749812
ar,mean_frame,Last third,fit,0.18279693965383437,0.6403492314625805
ar,mean_frame,Last third,fit,0.18352721196489527,0.6409867822606112
ar,mean_frame,Last third,fit,0.18425748427595617,0.6416232028760993
ar,mean_frame,Last third,fit,0.18498775658701705,0.6422584953125126
ar,mean_frame,Last third,fit,0.18571802889807795,0.6428926615697674
ar,mean_frame,Last third,fit,0.18644830120913886,0.643525703644235
ar,mean_frame,Last third,fit,0.18717857352019973,0.6441576235287477
ar,mean_frame,Last third,fit,0.18790884583126063,0.644788423212605
ar,mean_frame,Last third,fit,0.1886391181423215,0.6454181046815797
ar,mean_frame,Last third,fit,0.1893693904533824,0.6460466699179251
ar,mean_frame,Last third,fit,0.19009966276444332,0.6466741209003801
ar,mean_frame,Last third,fit,0.1908299350755042,0.6473004596041758
ar,mean_frame,Last third,fit,0.1915602073865651,0.6479256880010422
ar,mean_frame,Last third,fit,0.192290479697626,0.6485498080592138
ar,mean_frame,Last third,fit,0.19302075200868687,0.6491728217434363
ar,mean_frame,Last third,fit,0.19375102431974778,0.649794731014972
ar,mean_frame,Last third,fit,0.19448129663080865,0.6504155378316068
ar,mean_frame,Last third,fit,0.19521156894186956,0.6510352441476559
ar,mean_frame,Last third,fit,0.19594184125293046,0.6516538519139705
ar,mean_frame,Last third,fit,0.19667211356399134,0.6522713630779431
ar,mean_frame,Last third,fit,0.19740238587505224,0.6528877795835142
ar,mean_frame,Last third,fit,0.19813265818611314,0.6535031033711785
ar,mean_frame,Last third,fit,0.19886293049717402,0.6541173363779901
ar,mean_frame,Last third,fit,0.19959320280823492,0.6547304805375702
ar,mean_frame,Last third,fit,0.20032347511929582,0.6553425377801118
ar,mean_frame,Last third,fit,0.2010537474303567,0.6559535100323861
ar,mean_frame,Last third,fit,0.2017840197414176,0.6565633992177493
ar,mean_frame,Last third,fit,0.2025142920524785,0.6571722072561476
ar,mean_frame,Last third,fit,0.20324456436353938,0.6577799360641239
ar,mean_frame,Last third,fit,0.20397483667460029,0.6583865875548234
ar,mean_frame,Last third,fit,0.2047051089856612,0.6589921636380001
ar,mean_frame,Last third,fit,0.20543538129672206,0.6595966662200228
ar,mean_frame,Last third,fit,0.20616565360778297,0.6602000972038806
ar,mean_frame,Last third,fit,0.20689592591884387,0.6608024584891894
ar,mean_frame,Last third,fit,0.20762619822990475,0.6614037519721969
ar,mean_frame,Last third,fit,0.20835647054096565,0.6620039795457908
ar,mean_frame,Last third,fit,0.20908674285202655,0.6626031430995019
ar,mean_frame,Last third,fit,0.20981701516308743,0.663201244519512
ar,mean_frame,Last third,fit,0.21054728747414833,0.6637982856886594
ar,mean_frame,Last third,fit,0.21127755978520923,0.6643942684864446
ar,mean_frame,Last third,fit,0.2120078320962701,0.6649891947890361
ar,mean_frame,Last third,fit,0.212738104407331,0.6655830664692767
ar,mean_frame,Last third,fit,0.2134683767183919,0.6661758853966895
ar,mean_frame,Last third,fit,0.2141986490294528,0.6667676534374828
ar,mean_frame,Last third,fit,0.21492892134051367,0.6673583724545575
ar,mean_frame,Last third,fit,0.21565919365157457,0.6679480443075116
ar,mean_frame,Last third,fit,0.21638946596263547,0.6685366708526469
ar,mean_frame,Last third,fit,0.21711973827369635,0.6691242539429743
ar,mean_frame,Last third,fit,0.21785001058475725,0.6697107954282199
ar,mean_frame,Last third,fit,0.21858028289581816,0.6702962971548311
ar,mean_frame,Last third,fit,0.21931055520687903,0.6708807609659816
ar,mean_frame,Last third,fit,0.22004082751793994,0.6714641887015784
ar,mean_frame,Last third,fit,0.22077109982900084,0.6720465821982662
ar,mean_frame,Last third,fit,0.22150137214006171,0.6726279432894344
ar,mean_frame,Last third,fit,0.22223164445112262,0.6732082738052223
ar,mean_frame,Last third,fit,0.22296191676218352,0.6737875755725244
ar,mean_frame,Last third,fit,0.2236921890732444,0.6743658504149974
ar,mean_frame,Last third,fit,0.2244224613843053,0.6749431001530649
ar,mean_frame,Last third,fit,0.2251527336953662,0.6755193266039232
ar,mean_frame,Last third,fit,0.22588300600642708,0.6760945315815479
ar,mean_frame,Last third,fit,0.22661327831748798,0.676668716896698
ar,mean_frame,Last third,fit,0.22734355062854888,0.6772418843569239
ar,mean_frame,Last third,fit,0.22807382293960976,0.6778140357665703
ar,mean_frame,Last third,fit,0.22880409525067066,0.6783851729267847
ar,mean_frame,Last third,fit,0.22953436756173157,0.6789552976355205
ar,mean_frame,Last third,fit,0.23026463987279244,0.679524411687545
ar,mean_frame,Last third,fit,0.23099491218385335,0.6800925168744429
ar,mean_frame,Last third,fit,0.23172518449491425,0.6806596149846239
ar,mean_frame,Last third,fit,0.23245545680597512,0.6812257078033268
ar,mean_frame,Last third,fit,0.233185729117036,0.6817907971126258
ar,mean_frame,Last third,fit,0.23391600142809693,0.6823548846914362
ar,mean_frame,Last third,fit,0.2346462737391578,0.6829179723155197
ar,mean_frame,Last third,fit,0.23537654605021868,0.6834800617574901
ar,mean_frame,Last third,fit,0.2361068183612796,0.6840411547868193
ar,mean_frame,Last third,fit,0.2368370906723405,0.6846012531698413
ar,mean_frame,Last third,fit,0.23756736298340136,0.6851603586697607
ar,mean_frame,Last third,fit,0.23829763529446227,0.6857184730466549
ar,mean_frame,Last third,fit,0.23902790760552317,0.6862755980574822
ar,mean_frame,Last third,fit,0.23975817991658405,0.6868317354560857
ar,mean_frame,Last third,fit,0.24048845222764495,0.6873868869932
ar,mean_frame,Last third,fit,0.24121872453870585,0.6879410544164558
ar,mean_frame,Last third,fit,0.24194899684976673,0.688494239470386
ar,mean_frame,Last third,fit,0.24267926916082763,0.689046443896431
ar,mean_frame,Last third,fit,0.24340954147188854,0.6895976694329439
ar,mean_frame,Last third,fit,0.2441398137829494,0.6901479178151966
ar,mean_frame,Last third,fit,0.24487008609401031,0.6906971907753845
ar,mean_frame,Last third,fit,0.24560035840507122,0.6912454900426326
ar,mean_frame,Last third,fit,0.2463306307161321,0.6917928173430008
ar,mean_frame,Last third,fit,0.247060903027193,0.6923391743994888
ar,mean_frame,Last third,fit,0.2477911753382539,0.6928845629320424
ar,mean_frame,Last third,fit,0.24852144764931478,0.6934289846575582
ar,mean_frame,Last third,fit,0.24925171996037568,0.6939724412898894
ar,mean_frame,Last third,fit,0.24998199227143658,0.6945149345398509
ar,mean_frame,Last third,fit,0.25071226458249746,0.6950564661152251
ar,mean_frame,Last third,fit,0.25144253689355833,0.6955970377207668
ar,mean_frame,Last third,fit,0.25217280920461926,0.6961366510582087
ar,mean_frame,Last third,fit,0.25290308151568014,0.6966753078262673
ar,mean_frame,Last third,fit,0.253633353826741,0.6972130097206473
ar,mean_frame,Last third,fit,0.25436362613780195,0.6977497584340476
ar,mean_frame,Last third,fit,0.2550938984488628,0.6982855556561668
ar,mean_frame,Last third,fit,0.2558241707599237,0.6988204030737075
ar,mean_frame,Last third,fit,0.25655444307098463,0.6993543023703832
ar,mean_frame,Last third,fit,0.2572847153820455,0.6998872552269215
ar,mean_frame,Last third,fit,0.2580149876931064,0.7004192633210718
ar,mean_frame,Last third,fit,0.2587452600041673,0.7009503283276086
ar,mean_frame,Last third,fit,0.2594755323152282,0.7014804519183377
ar,mean_frame,Last third,fit,0.26020580462628906,0.7020096357621016
ar,mean_frame,Last third,fit,0.26093607693735,0.702537881524784
ar,mean_frame,Last third,fit,0.26166634924841087,0.7030651908693157
ar,mean_frame,Last third,fit,0.26239662155947174,0.7035915654556796
ar,mean_frame,Last third,fit,0.2631268938705327,0.7041170069409162
ar,mean_frame,Last third,fit,0.26385716618159355,0.7046415169791282
ar,mean_frame,Last third,fit,0.2645874384926544,0.7051650972214863
ar,mean_frame,Last third,fit,0.26531771080371536,0.7056877493162341
ar,mean_frame,Last third,fit,0.26604798311477623,0.7062094749086936
ar,mean_frame,Last third,fit,0.2667782554258371,0.7067302756412697
ar,mean_frame,Last third,fit,0.26750852773689804,0.7072501531534561
ar,mean_frame,Last third,fit,0.2682388000479589,0.7077691090818401
ar,mean_frame,Last third,fit,0.2689690723590198,0.708287145060108
ar,mean_frame,Last third,fit,0.2696993446700807,0.7088042627190501
ar,mean_frame,Last third,fit,0.2704296169811416,0.7093204636865653
ar,mean_frame,Last third,fit,0.27115988929220247,0.7098357495876673
ar,mean_frame,Last third,fit,0.2718901616032634,0.710350122044489
ar,mean_frame,Last third,fit,0.2726204339143243,0.7108635826762875
ar,mean_frame,Last third,fit,0.27335070622538515,0.7113761330994497
ar,mean_frame,Last third,fit,0.2740809785364461,0.7118877749274972
ar,mean_frame,Last third,fit,0.27481125084750696,0.7123985097710911
ar,mean_frame,Last third,fit,0.27554152315856784,0.7129083392380374
ar,mean_frame,Last third,fit,0.2762717954696287,0.7134172649332919
ar,mean_frame,Last third,fit,0.27700206778068964,0.7139252884589657
ar,mean_frame,Last third,fit,0.2777323400917505,0.714432411414329
ar,mean_frame,Last third,fit,0.2784626124028114,0.7149386353958178
ar,mean_frame,Last third,fit,0.2791928847138723,0.7154439619970376
ar,mean_frame,Last third,fit,0.2799231570249332,0.7159483928087693
ar,mean_frame,Last third,fit,0.2806534293359941,0.7164519294189735
ar,mean_frame,Last third,fit,0.281383701647055,0.7169545734127962
ar,mean_frame,Last third,fit,0.2821139739581159,0.717456326372573
ar,mean_frame,Last third,fit,0.28284424626917676,0.7179571898778345
ar,mean_frame,Last third,fit,0.28357451858023763,0.7184571655053119
ar,mean_frame,Last third,fit,0.28430479089129856,0.7189562548289408
ar,mean_frame,Last third,fit,0.28503506320235944,0.7194544594198666
ar,mean_frame,Last third,fit,0.2857653355134203,0.71995178084645
ar,mean_frame,Last third,fit,0.28649560782448125,0.7204482206742711
ar,mean_frame,Last third,fit,0.2872258801355421,0.7209437804661347
ar,mean_frame,Last third,fit,0.287956152446603,0.7214384617820757
ar,mean_frame,Last third,fit,0.28868642475766393,0.721932266179363
ar,mean_frame,Last third,fit,0.2894166970687248,0.7224251952125049
ar,mean_frame,Last third,fit,0.2901469693797857,0.7229172504332547
ar,mean_frame,Last third,fit,0.2908772416908466,0.7234084333906142
ar,mean_frame,Last third,fit,0.2916075140019075,0.7238987456308397
ar,mean_frame,Last third,fit,0.29233778631296836,0.7243881886974461
ar,mean_frame,Last third,fit,0.2930680586240293,0.7248767641312127
ar,mean_frame,Last third,fit,0.29379833093509017,0.725364473470187
ar,mean_frame,Last third,fit,0.29452860324615104,0.7258513182496898
ar,mean_frame,Last third,fit,0.295258875557212,0.7263373000023212
ar,mean_frame,Last third,fit,0.29598914786827285,0.7268224202579633
ar,mean_frame,Last third,fit,0.2967194201793337,0.7273066805437869
ar,mean_frame,Last third,fit,0.29744969249039466,0.7277900823842557
ar,mean_frame,Last third,fit,0.29817996480145553,0.7282726273011303
ar,mean_frame,Last third,fit,0.2989102371125164,0.7287543168134745
ar,mean_frame,Last third,fit,0.29964050942357734,0.7292351524376585
ar,mean_frame,Last third,fit,0.3003707817346382,0.729715135687365
ar,mean_frame,Last third,fit,0.3011010540456991,0.7301942680735931
ar,mean_frame,Last third,fit,0.30183132635676,0.7306725511046638
ar,mean_frame,Last third,fit,0.3025615986678209,0.7311499862862236
ar,mean_frame,Last third,fit,0.3032918709788818,0.7316265751212505
ar,mean_frame,Last third,fit,0.3040221432899427,0.7321023191100582
ar,mean_frame,Last third,fit,0.3047524156010036,0.7325772197503002
ar,mean_frame,Last third,fit,0.30548268791206445,0.7330512785369758
ar,mean_frame,Last third,fit,0.3062129602231254,0.7335244969624338
ar,mean_frame,Last third,fit,0.30694323253418626,0.7339968765163776
ar,mean_frame,Last third,fit,0.30767350484524714,0.7344684186858698
ar,mean_frame,Last third,fit,0.30840377715630807,0.7349391249553368
ar,mean_frame,Last third,fit,0.30913404946736894,0.7354089968065736
ar,mean_frame,Last third,fit,0.3098643217784298,0.7358780357187487
ar,mean_frame,Last third,fit,0.31059459408949075,0.7363462431684081
ar,mean_frame,Last third,fit,0.3113248664005516,0.7368136206294806
ar,mean_frame,Last third,fit,0.3120551387116125,0.737280169573282
ar,mean_frame,Last third,fit,0.31278541102267343,0.73774589146852
ar,mean_frame,Last third,fit,0.3135156833337343,0.7382107877812987
ar,mean_frame,Last third,fit,0.3142459556447952,0.7386748599751234
ar,mean_frame,Last third,fit,0.3149762279558561,0.7391381095109046
ar,mean_frame,Last third,fit,0.315706500266917,0.7396005378469638
ar,mean_frame,Last third,fit,0.31643677257797787,0.7400621464390365
ar,mean_frame,Last third,fit,0.3171670448890388,0.7405229367402784
ar,mean_frame,Last third,fit,0.3178973172000996,0.7409829102012684
ar,mean_frame,Last third,fit,0.31862758951116055,0.7414420682700147
ar,mean_frame,Last third,fit,0.3193578618222215,0.7419004123919584
ar,mean_frame,Last third,fit,0.3200881341332823,0.7423579440099779
ar,mean_frame,Last third,fit,0.32081840644434323,0.7428146645643945
ar,mean_frame,Last third,fit,0.32154867875540416,0.7432705754929755
ar,mean_frame,Last third,fit,0.322278951066465,0.7437256782309399
ar,mean_frame,Last third,fit,0.3230092233775259,0.7441799742109627
ar,mean_frame,Last third,fit,0.32373949568858684,0.7446334648631788
ar,mean_frame,Last third,fit,0.32446976799964766,0.7450861516151881
ar,mean_frame,Last third,fit,0.3252000403107086,0.7455380358920596
ar,mean_frame,Last third,fit,0.3259303126217695,0.7459891191163364
ar,mean_frame,Last third,fit,0.32666058493283034,0.7464394027080397
ar,mean_frame,Last third,fit,0.3273908572438913,0.7468888880846734
ar,mean_frame,Last third,fit,0.3281211295549522,0.7473375766612287
ar,mean_frame,Last third,fit,0.328851401866013,0.7477854698501882
ar,mean_frame,Last third,fit,0.32958167417707396,0.7482325690615312
ar,mean_frame,Last third,fit,0.33031194648813483,0.7486788757027368
ar,mean_frame,Last third,fit,0.3310422187991957,0.7491243911787897
ar,mean_frame,Last third,fit,0.33177249111025664,0.7495691168921834
ar,mean_frame,Last third,fit,0.3325027634213175,0.7500130542429256
ar,mean_frame,Last third,fit,0.3332330357323784,0.7504562046285423
ar,mean_frame,Last third,fit,0.3339633080434393,0.7508985694440818
ar,mean_frame,Last third,fit,0.3346935803545002,0.7513401500821196
ar,mean_frame,Last third,fit,0.3354238526655611,0.7517809479327624
ar,mean_frame,Last third,fit,0.336154124976622,0.752220964383653
ar,mean_frame,Last third,fit,0.3368843972876829,0.7526602008199741
ar,mean_frame,Last third,fit,0.33761466959874376,0.7530986586244527
ar,mean_frame,Last third,fit,0.3383449419098047,0.7535363391773652
ar,mean_frame,Last third,fit,0.33907521422086556,0.7539732438565405
ar,mean_frame,Last third,fit,0.33980548653192644,0.7544093740373659
ar,mean_frame,Last third,fit,0.34053575884298737,0.7548447310927897
ar,mean_frame,Last third,fit,0.34126603115404824,0.7552793163933268
ar,mean_frame,Last third,fit,0.3419963034651091,0.7557131313070625
ar,mean_frame,Last third,fit,0.34272657577617005,0.7561461771996572
ar,mean_frame,Last third,fit,0.3434568480872309,0.7565784554343498
ar,mean_frame,Last third,fit,0.3441871203982918,0.757009967371963
ar,mean_frame,Last third,fit,0.34491739270935273,0.7574407143709074
ar,mean_frame,Last third,fit,0.3456476650204136,0.7578706977871851
ar,mean_frame,Last third,fit,0.3463779373314745,0.7582999189743944
ar,mean_frame,Last third,fit,0.3471082096425354,0.7587283792837347
ar,mean_frame,Last third,fit,0.3478384819535963,0.7591560800640093
ar,mean_frame,Last third,fit,0.34856875426465717,0.7595830226616311
ar,mean_frame,Last third,fit,0.3492990265757181,0.760009208420626
ar,mean_frame,Last third,fit,0.350029298886779,0.7604346386826373
ar,mean_frame,Last third,fit,0.35075957119783985,0.7608593147869301
ar,mean_frame,Last third,fit,0.3514898435089008,0.7612832380703954
ar,mean_frame,Last third,fit,0.35222011581996165,0.7617064098675543
ar,mean_frame,Last third,fit,0.35295038813102253,0.762128831510562
ar,mean_frame,Last third,fit,0.35368066044208346,0.7625505043292125
ar,mean_frame,Last third,fit,0.35441093275314434,0.762971429650942
ar,mean_frame,Last third,fit,0.3551412050642052,0.7633916088008341
ar,mean_frame,Last third,fit,0.35587147737526614,0.7638110431016234
ar,mean_frame,Last third,fit,0.356601749686327,0.7642297338736992
ar,mean_frame,Last third,fit,0.3573320219973879,0.7646476824351107
ar,mean_frame,Last third,fit,0.3580622943084488,0.7650648901015703
ar,mean_frame,Last third,fit,0.3587925666195097,0.765481358186458
ar,mean_frame,Last third,fit,0.3595228389305706,0.7658970880008258
ar,mean_frame,Last third,fit,0.3602531112416315,0.7663120808534015
ar,mean_frame,Last third,fit,0.3609833835526924,0.766726338050593
ar,mean_frame,Last third,fit,0.36171365586375326,0.7671398608964921
ar,mean_frame,Last third,fit,0.3624439281748142,0.7675526506928791
ar,mean_frame,Last third,fit,0.363174200485875,0.7679647087392265
ar,mean_frame,Last third,fit,0.36390447279693594,0.7683760363327035
ar,mean_frame,Last third,fit,0.36463474510799687,0.7687866347681792
ar,mean_frame,Last third,fit,0.3653650174190577,0.7691965053382279
ar,mean_frame,Last third,fit,0.3660952897301186,0.7696056493331325
ar,mean_frame,Last third,fit,0.36682556204117955,0.7700140680408883
ar,mean_frame,Last third,fit,0.3675558343522404,0.7704217627472076
ar,mean_frame,Last third,fit,0.3682861066633013,0.7708287347355235
ar,mean_frame,Last third,fit,0.36901637897436224,0.771234985286994
ar,mean_frame,Last third,fit,0.36974665128542306,0.7716405156805056
ar,mean_frame,Last third,fit,0.370476923596484,0.7720453271926786
ar,mean_frame,Last third,fit,0.3712071959075449,0.7724494210978694
ar,mean_frame,Last third,fit,0.37193746821860574,0.7728527986681757
ar,mean_frame,Last third,fit,0.37266774052966667,0.7732554611734401
ar,mean_frame,Last third,fit,0.37339801284072754,0.7736574098812542
ar,mean_frame,Last third,fit,0.3741282851517884,0.7740586460569627
ar,mean_frame,Last third,fit,0.37485855746284935,0.7744591709636668
ar,mean_frame,Last third,fit,0.3755888297739102,0.7748589858622291
ar,mean_frame,Last third,fit,0.3763191020849711,0.7752580920112767
ar,mean_frame,Last third,fit,0.37704937439603203,0.7756564906672058
ar,mean_frame,Last third,fit,0.3777796467070929,0.7760541830841852
ar,mean_frame,Last third,fit,0.3785099190181538,0.7764511705141605
ar,mean_frame,Last third,fit,0.3792401913292147,0.7768474542068581
ar,mean_frame,Last third,fit,0.3799704636402756,0.7772430354097889
ar,mean_frame,Last third,fit,0.38070073595133647,0.7776379153682522
ar,mean_frame,Last third,fit,0.3814310082623974,0.7780320953253403
ar,mean_frame,Last third,fit,0.3821612805734583,0.7784255765219412
ar,mean_frame,Last third,fit,0.38289155288451915,0.7788183601967436
ar,mean_frame,Last third,fit,0.3836218251955801,0.7792104475862403
ar,mean_frame,Last third,fit,0.38435209750664096,0.7796018399247321
ar,mean_frame,Last third,fit,0.38508236981770183,0.7799925384443318
ar,mean_frame,Last third,fit,0.38581264212876276,0.7803825443749683
ar,mean_frame,Last third,fit,0.38654291443982364,0.7807718589443897
ar,mean_frame,Last third,fit,0.3872731867508845,0.781160483378168
ar,mean_frame,Last third,fit,0.38800345906194544,0.7815484188997027
ar,mean_frame,Last third,fit,0.3887337313730063,0.7819356667302244
ar,mean_frame,Last third,fit,0.3894640036840672,0.7823222280887989
ar,mean_frame,Last third,fit,0.3901942759951281,0.782708104192331
ar,mean_frame,Last third,fit,0.390924548306189,0.7830932962555682
ar,mean_frame,Last third,fit,0.3916548206172499,0.7834778054911048
ar,mean_frame,Last third,fit,0.3923850929283108,0.7838616331093855
ar,mean_frame,Last third,fit,0.3931153652393717,0.784244780318709
ar,mean_frame,Last third,fit,0.39384563755043256,0.7846272483252323
ar,mean_frame,Last third,fit,0.3945759098614935,0.7850090383329744
ar,mean_frame,Last third,fit,0.39530618217255437,0.7853901515438195
ar,mean_frame,Last third,fit,0.39603645448361524,0.7857705891575215
ar,mean_frame,Last third,fit,0.39676672679467617,0.7861503523717077
ar,mean_frame,Last third,fit,0.39749699910573705,0.7865294423818818
ar,mean_frame,Last third,fit,0.3982272714167979,0.786907860381429
ar,mean_frame,Last third,fit,0.39895754372785885,0.7872856075616181
ar,mean_frame,Last third,fit,0.39968781603891973,0.7876626851116071
ar,mean_frame,Last third,fit,0.4004180883499806,0.7880390942184452
ar,mean_frame,Last third,fit,0.40114836066104154,0.7884148360670776
ar,mean_frame,Last third,fit,0.4018786329721024,0.7887899118403493
ar,mean_frame,Last third,fit,0.4026089052831633,0.7891643227190078
ar,mean_frame,Last third,fit,0.4033391775942242,0.7895380698817082
ar,mean_frame,Last third,fit,0.4040694499052851,0.7899111545050156
ar,mean_frame,Last third,fit,0.40479972221634597,0.7902835777634097
ar,mean_frame,Last third,fit,0.4055299945274069,0.7906553408292885
ar,mean_frame,Last third,fit,0.4062602668384677,0.7910264448729709
ar,mean_frame,Last third,fit,0.40699053914952865,0.7913968910627021
ar,mean_frame,Last third,fit,0.4077208114605896,0.7917666805646557
ar,mean_frame,Last third,fit,0.4084510837716504,0.7921358145429381
ar,mean_frame,Last third,fit,0.40918135608271133,0.7925042941595927
ar,mean_frame,Last third,fit,0.40991162839377226,0.7928721205746021
ar,mean_frame,Last third,fit,0.4106419007048331,0.7932392949458931
ar,mean_frame,Last third,fit,0.411372173015894,0.79360581842934
ar,mean_frame,Last third,fit,0.41210244532695495,0.7939716921787675
ar,mean_frame,Last third,fit,0.41283271763801577,0.7943369173459554
ar,mean_frame,Last third,fit,0.4135629899490767,0.7947014950806417
ar,mean_frame,Last third,fit,0.41429326226013763,0.795065426530526
ar,mean_frame,Last third,fit,0.41502353457119845,0.7954287128412738
ar,mean_frame,Last third,fit,0.4157538068822594,0.7957913551565192
ar,mean_frame,Last third,fit,0.41648407919332026,0.7961533546178695
ar,mean_frame,Last third,fit,0.41721435150438113,0.7965147123649078
ar,mean_frame,Last third,fit,0.41794462381544206,0.7968754295351973
ar,mean_frame,Last third,fit,0.41867489612650294,0.7972355072642846
ar,mean_frame,Last third,fit,0.41940516843756387,0.7975949466857035
ar,mean_frame,Last third,fit,0.42013544074862474,0.7979537489309783
ar,mean_frame,Last third,fit,0.4208657130596856,0.7983119151296271
ar,mean_frame,Last third,fit,0.42159598537074655,0.7986694464091662
ar,mean_frame,Last third,fit,0.4223262576818074,0.7990263438951128
ar,mean_frame,Last third,fit,0.4230565299928683,0.7993826087109893
ar,mean_frame,Last third,fit,0.4237868023039292,0.7997382419783261
ar,mean_frame,Last third,fit,0.4245170746149901,0.8000932448166657
ar,mean_frame,Last third,fit,0.425247346926051,0.8004476183435656
ar,mean_frame,Last third,fit,0.42597761923711186,0.8008013636746025
ar,mean_frame,Last third,fit,0.4267078915481728,0.8011544819233758
ar,mean_frame,Last third,fit,0.42743816385923367,0.8015069742015104
ar,mean_frame,Last third,fit,0.42816843617029454,0.8018588416186606
ar,mean_frame,Last third,fit,0.4288987084813555,0.802210085282514
ar,mean_frame,Last third,fit,0.42962898079241635,0.8025607062987943
ar,mean_frame,Last third,fit,0.4303592531034772,0.802910705771265
ar,mean_frame,Last third,fit,0.43108952541453815,0.8032600848017335
ar,mean_frame,Last third,fit,0.43181979772559903,0.8036088444900535
ar,mean_frame,Last third,fit,0.4325500700366599,0.8039569859341291
ar,mean_frame,Last third,fit,0.43328034234772084,0.8043045102299186
ar,mean_frame,Last third,fit,0.4340106146587817,0.8046514184714366
ar,mean_frame,Last third,fit,0.4347408869698426,0.8049977117507592
ar,mean_frame,Last third,fit,0.4354711592809035,0.8053433911580261
ar,mean_frame,Last third,fit,0.4362014315919644,0.8056884577814448
ar,mean_frame,Last third,fit,0.43693170390302527,0.8060329127072936
ar,mean_frame,Last third,fit,0.4376619762140862,0.8063767570199252
ar,mean_frame,Last third,fit,0.4383922485251471,0.80671999180177
ar,mean_frame,Last third,fit,0.43912252083620795,0.8070626181333396
ar,mean_frame,Last third,fit,0.4398527931472689,0.8074046370932303
ar,mean_frame,Last third,fit,0.44058306545832976,0.8077460497581261
ar,mean_frame,Last third,fit,0.44131333776939063,0.8080868572028029
ar,mean_frame,Last third,fit,0.44204361008045157,0.8084270605001309
ar,mean_frame,Last third,fit,0.44277388239151244,0.8087666607210783
ar,mean_frame,Last third,fit,0.4435041547025733,0.8091056589347153
ar,mean_frame,Last third,fit,0.4442344270136342,0.8094440562082166
ar,mean_frame,Last third,fit,0.4449646993246951,0.8097818536068654
ar,mean_frame,Last third,fit,0.445694971635756,0.8101190521940561
ar,mean_frame,Last third,fit,0.4464252439468169,0.8104556530312983
ar,mean_frame,Last third,fit,0.4471555162578778,0.8107916571782199
ar,mean_frame,Last third,fit,0.4478857885689387,0.8111270656925702
ar,mean_frame,Last third,fit,0.44861606087999956,0.8114618796302238
ar,mean_frame,Last third,fit,0.4493463331910605,0.811796100045183
ar,mean_frame,Last third,fit,0.45007660550212136,0.812129727989582
ar,mean_frame,Last third,fit,0.45080687781318224,0.8124627645136901
ar,mean_frame,Last third,fit,0.45153715012424317,0.8127952106659144
ar,mean_frame,Last third,fit,0.45226742243530405,0.8131270674928036
ar,mean_frame,Last third,fit,0.4529976947463649,0.8134583360390515
ar,mean_frame,Last third,fit,0.45372796705742585,0.8137890173474995
ar,mean_frame,Last third,fit,0.4544582393684867,0.8141191124591407
ar,mean_frame,Last third,fit,0.4551885116795476,0.8144486224131227
ar,mean_frame,Last third,fit,0.45591878399060853,0.8147775482467509
ar,mean_frame,Last third,fit,0.4566490563016694,0.8151058909954921
ar,mean_frame,Last third,fit,0.4573793286127303,0.8154336516929777
ar,mean_frame,Last third,fit,0.4581096009237912,0.8157608313710061
ar,mean_frame,Last third,fit,0.4588398732348521,0.8160874310595474
ar,mean_frame,Last third,fit,0.45957014554591297,0.8164134517867453
ar,mean_frame,Last third,fit,0.4603004178569739,0.8167388945789213
ar,mean_frame,Last third,fit,0.4610306901680348,0.8170637604605774
ar,mean_frame,Last third,fit,0.46176096247909565,0.8173880504543994
ar,mean_frame,Last third,fit,0.4624912347901566,0.8177117655812605
ar,mean_frame,Last third,fit,0.46322150710121746,0.8180349068602237
ar,mean_frame,Last third,fit,0.46395177941227833,0.8183574753085459
ar,mean_frame,Last third,fit,0.46468205172333926,0.8186794719416806
ar,mean_frame,Last third,fit,0.46541232403440014,0.8190008977732812
ar,mean_frame,Last third,fit,0.466142596345461,0.8193217538152042
ar,mean_frame,Last third,fit,0.4668728686565219,0.8196420410775125
ar,mean_frame,Last third,fit,0.4676031409675828,0.8199617605684781
ar,mean_frame,Last third,fit,0.4683334132786437,0.8202809132945863
ar,mean_frame,Last third,fit,0.46906368558970457,0.8205995002605376
ar,mean_frame,Last third,fit,0.4697939579007655,0.8209175224692519
ar,mean_frame,Last third,fit,0.4705242302118264,0.8212349809218706
ar,mean_frame,Last third,fit,0.47125450252288725,0.8215518766177612
ar,mean_frame,Last third,fit,0.4719847748339482,0.8218682105545191
ar,mean_frame,Last third,fit,0.47271504714500906,0.8221839837279713
ar,mean_frame,Last third,fit,0.47344531945606994,0.8224991971321798
ar,mean_frame,Last third,fit,0.47417559176713087,0.8228138517594442
ar,mean_frame,Last third,fit,0.47490586407819174,0.8231279486003049
ar,mean_frame,Last third,fit,0.4756361363892526,0.8234414886435468
ar,mean_frame,Last third,fit,0.47636640870031355,0.8237544728762017
ar,mean_frame,Last third,fit,0.4770966810113744,0.8240669022835518
ar,mean_frame,Last third,fit,0.4778269533224353,0.8243787778491325
ar,mean_frame,Last third,fit,0.47855722563349623,0.8246901005547359
ar,mean_frame,Last third,fit,0.4792874979445571,0.8250008713804137
ar,mean_frame,Last third,fit,0.480017770255618,0.8253110913044801
ar,mean_frame,Last third,fit,0.4807480425666789,0.8256207613035151
ar,mean_frame,Last third,fit,0.4814783148777398,0.8259298823523678
ar,mean_frame,Last third,fit,0.48220858718880066,0.8262384554241586
ar,mean_frame,Last third,fit,0.4829388594998616,0.8265464814902836
ar,mean_frame,Last third,fit,0.48366913181092247,0.8268539615204162
ar,mean_frame,Last third,fit,0.48439940412198335,0.8271608964825113
ar,mean_frame,Last third,fit,0.4851296764330443,0.8274672873428079
ar,mean_frame,Last third,fit,0.48585994874410515,0.8277731350658319
ar,mean_frame,Last third,fit,0.48659022105516603,0.8280784406143996
ar,mean_frame,Last third,fit,0.48732049336622696,0.8283832049496205
ar,mean_frame,Last third,fit,0.48805076567728783,0.8286874290309002
ar,mean_frame,Last third,fit,0.4887810379883487,0.8289911138159438
ar,mean_frame,Last third,fit,0.4895113102994096,0.8292942602607585
ar,mean_frame,Last third,fit,0.4902415826104705,0.8295968693196568
ar,mean_frame,Last third,fit,0.4909718549215314,0.8298989419452597
ar,mean_frame,Last third,fit,0.49170212723259227,0.8302004790884993
ar,mean_frame,Last third,fit,0.4924323995436532,0.8305014816986218
ar,mean_frame,Last third,fit,0.4931626718547141,0.8308019507231912
ar,mean_frame,Last third,fit,0.49389294416577495,0.8311018871080913
ar,mean_frame,Last third,fit,0.4946232164768359,0.8314012917975295
ar,mean_frame,Last third,fit,0.49535348878789676,0.8317001657340389
ar,mean_frame,Last third,fit,0.49608376109895763,0.8319985098584823
ar,mean_frame,Last third,fit,0.49681403341001856,0.8322963251100546
ar,mean_frame,Last third,extrapolation,0.49681403341001856,0.8322963251100546
ar,mean_frame,Last third,extrapolation,0.4999882745682263,0.8335847024990894
ar,mean_frame,Last third,extrapolation,0.5031625157264341,0.8348631819756446
ar,mean_frame,Last third,extrapolation,0.5063367568846419,0.8361318395800732
ar,mean_frame,Last third,extrapolation,0.5095109980428496,0.8373907507685507
ar,mean_frame,Last third,extrapolation,0.5126852392010575,0.838639990417564
ar,mean_frame,Last third,extrapolation,0.5158594803592652,0.8398796328283632
ar,mean_frame,Last third,extrapolation,0.519033721517473,0.8411097517313824
ar,mean_frame,Last third,extrapolation,0.5222079626756807,0.8423304202906239
ar,mean_frame,Last third,extrapolation,0.5253822038338886,0.8435417111080106
ar,mean_frame,Last third,extrapolation,0.5285564449920963,0.8447436962277035
ar,mean_frame,Last third,extrapolation,0.531730686150304,0.845936447140387
ar,mean_frame,Last third,extrapolation,0.5349049273085118,0.8471200347875208
ar,mean_frame,Last third,extrapolation,0.5380791684667197,0.84829452956556
ar,mean_frame,Last third,extrapolation,0.5412534096249274,0.8494600013301404
ar,mean_frame,Last third,extrapolation,0.5444276507831352,0.8506165194002356
ar,mean_frame,Last third,extrapolation,0.5476018919413429,0.8517641525622779
ar,mean_frame,Last third,extrapolation,0.5507761330995506,0.8529029690742507
ar,mean_frame,Last third,extrapolation,0.5539503742577585,0.8540330366697477
ar,mean_frame,Last third,extrapolation,0.5571246154159663,0.855154422562002
ar,mean_frame,Last third,extrapolation,0.560298856574174,0.8562671934478832
ar,mean_frame,Last third,extrapolation,0.5634730977323817,0.8573714155118647
ar,mean_frame,Last third,extrapolation,0.5666473388905896,0.8584671544299604
ar,mean_frame,Last third,extrapolation,0.5698215800487973,0.85955447537363
ar,mean_frame,Last third,extrapolation,0.5729958212070051,0.8606334430136563
ar,mean_frame,Last third,extrapolation,0.5761700623652128,0.8617041215239911
ar,mean_frame,Last third,extrapolation,0.5793443035234207,0.8627665745855722
ar,mean_frame,Last third,extrapolation,0.5825185446816284,0.8638208653901105
ar,mean_frame,Last third,extrapolation,0.5856927858398362,0.8648670566438492
ar,mean_frame,Last third,extrapolation,0.5888670269980439,0.8659052105712933
ar,mean_frame,Last third,extrapolation,0.5920412681562517,0.8669353889189098
ar,mean_frame,Last third,extrapolation,0.5952155093144595,0.8679576529588009
ar,mean_frame,Last third,extrapolation,0.5983897504726673,0.8689720634923483
ar,mean_frame,Last third,extrapolation,0.601563991630875,0.8699786808538292
ar,mean_frame,Last third,extrapolation,0.6047382327890828,0.8709775649140047
ar,mean_frame,Last third,extrapolation,0.6079124739472906,0.8719687750836811
ar,mean_frame,Last third,extrapolation,0.6110867151054984,0.8729523703172434
ar,mean_frame,Last third,extrapolation,0.6142609562637061,0.8739284091161614
ar,mean_frame,Last third,extrapolation,0.6174351974219139,0.8748969495324701
ar,mean_frame,Last third,extrapolation,0.6206094385801217,0.8758580491722211
ar,mean_frame,Last third,extrapolation,0.6237836797383295,0.8768117651989101
ar,mean_frame,Last third,extrapolation,0.6269579208965372,0.8777581543368762
ar,mean_frame,Last third,extrapolation,0.630132162054745,0.8786972728746758
ar,mean_frame,Last third,extrapolation,0.6333064032129527,0.8796291766684303
ar,mean_frame,Last third,extrapolation,0.6364806443711606,0.8805539211451492
ar,mean_frame,Last third,extrapolation,0.6396548855293683,0.8814715613060249
ar,mean_frame,Last third,extrapolation,0.6428291266875761,0.8823821517297061
ar,mean_frame,Last third,extrapolation,0.6460033678457838,0.8832857465755425
ar,mean_frame,Last third,extrapolation,0.6491776090039916,0.8841823995868068
ar,mean_frame,Last third,extrapolation,0.6523518501621994,0.8850721640938908
ar,mean_frame,Last third,extrapolation,0.6555260913204072,0.8859550930174777
ar,mean_frame,Last third,extrapolation,0.6587003324786149,0.8868312388716891
ar,mean_frame,Last third,extrapolation,0.6618745736368228,0.8877006537672094
ar,mean_frame,Last third,extrapolation,0.6650488147950305,0.888563389414384
ar,mean_frame,Last third,extrapolation,0.6682230559532383,0.8894194971262955
ar,mean_frame,Last third,extrapolation,0.671397297111446,0.8902690278218159
ar,mean_frame,Last third,extrapolation,0.6745715382696538,0.8911120320286348
ar,mean_frame,Last third,extrapolation,0.6777457794278616,0.8919485598862641
ar,mean_frame,Last third,extrapolation,0.6809200205860694,0.8927786611490214
ar,mean_frame,Last third,extrapolation,0.6840942617442771,0.8936023851889884
ar,mean_frame,Last third,extrapolation,0.6872685029024849,0.8944197809989473
ar,mean_frame,Last third,extrapolation,0.6904427440606926,0.8952308971952951
ar,mean_frame,Last third,extrapolation,0.6936169852189005,0.8960357820209356
ar,mean_frame,Last third,extrapolation,0.6967912263771082,0.8968344833481475
ar,mean_frame,Last third,extrapolation,0.699965467535316,0.8976270486814331
ar,mean_frame,Last third,extrapolation,0.7031397086935238,0.8984135251603425
ar,mean_frame,Last third,extrapolation,0.7063139498517316,0.8991939595622782
ar,mean_frame,Last third,extrapolation,0.7094881910099393,0.8999683983052773
ar,mean_frame,Last third,extrapolation,0.7126624321681471,0.9007368874507715
ar,mean_frame,Last third,extrapolation,0.7158366733263548,0.9014994727063277
ar,mean_frame,Last third,extrapolation,0.7190109144845627,0.9022561994283655
ar,mean_frame,Last third,extrapolation,0.7221851556427704,0.9030071126248561
ar,mean_frame,Last third,extrapolation,0.7253593968009782,0.9037522569579982
ar,mean_frame,Last third,extrapolation,0.7285336379591859,0.9044916767468748
ar,mean_frame,Last third,extrapolation,0.7317078791173937,0.9052254159700893
ar,mean_frame,Last third,extrapolation,0.7348821202756015,0.9059535182683809
ar,mean_frame,Last third,extrapolation,0.7380563614338093,0.9066760269472206
ar,mean_frame,Last third,extrapolation,0.741230602592017,0.9073929849793866
ar,mean_frame,Last third,extrapolation,0.7444048437502249,0.9081044350075202
ar,mean_frame,Last third,extrapolation,0.7475790849084325,0.9088104193466625
ar,mean_frame,Last third,extrapolation,0.7507533260666404,0.9095109799867702
ar,mean_frame,Last third,extrapolation,0.7539275672248481,0.9102061585952145
ar,mean_frame,Last third,extrapolation,0.7571018083830559,0.9108959965192577
ar,mean_frame,Last third,extrapolation,0.7602760495412637,0.911580534788514
ar,mean_frame,Last third,extrapolation,0.7634502906994715,0.9122598141173885
ar,mean_frame,Last third,extrapolation,0.7666245318576792,0.9129338749074998
ar,mean_frame,Last third,extrapolation,0.7697987730158871,0.9136027572500821
ar,mean_frame,Last third,extrapolation,0.7729730141740947,0.9142665009283706
ar,mean_frame,Last third,extrapolation,0.7761472553323026,0.914925145419967
ar,mean_frame,Last third,extrapolation,0.7793214964905103,0.9155787298991876
ar,mean_frame,Last third,extrapolation,0.782495737648718,0.9162272932393939
ar,mean_frame,Last third,extrapolation,0.7856699788069259,0.9168708740153039
ar,mean_frame,Last third,extrapolation,0.7888442199651335,0.9175095105052865
ar,mean_frame,Last third,extrapolation,0.7920184611233414,0.918143240693639
ar,mean_frame,Last third,extrapolation,0.7951927022815491,0.9187721022728452
ar,mean_frame,Last third,extrapolation,0.7983669434397569,0.9193961326458182
ar,mean_frame,Last third,extrapolation,0.8015411845979648,0.9200153689281242
ar,mean_frame,Last third,extrapolation,0.8047154257561725,0.9206298479501904
ar,mean_frame,Last third,extrapolation,0.8078896669143802,0.9212396062594961
ar,mean_frame,Last third,extrapolation,0.8110639080725881,0.9218446801227452
ar,mean_frame,Last third,extrapolation,0.8142381492307957,0.9224451055280247
ar,mean_frame,Last third,extrapolation,0.8174123903890036,0.9230409181869438
ar,mean_frame,Last third,extrapolation,0.8205866315472113,0.9236321535367589
ar,mean_frame,Last third,extrapolation,0.8237608727054191,0.9242188467424807
ar,mean_frame,Last third,extrapolation,0.826935113863627,0.9248010326989664
ar,mean_frame,Last third,extrapolation,0.8301093550218346,0.9253787460329944
ar,mean_frame,Last third,extrapolation,0.8332835961800424,0.9259520211053244
ar,mean_frame,Last third,extrapolation,0.8364578373382502,0.9265208920127403
ar,mean_frame,Last third,extrapolation,0.8396320784964579,0.9270853925900793
ar,mean_frame,Last third,extrapolation,0.8428063196546658,0.9276455564122432
ar,mean_frame,Last third,extrapolation,0.8459805608128735,0.9282014167961963
ar,mean_frame,Last third,extrapolation,0.8491548019710813,0.9287530068029461
ar,mean_frame,Last third,extrapolation,0.8523290431292891,0.9293003592395105
ar,mean_frame,Last third,extrapolation,0.8555032842874968,0.9298435066608682
ar,mean_frame,Last third,extrapolation,0.8586775254457046,0.930382481371896
ar,mean_frame,Last third,extrapolation,0.8618517666039124,0.9309173154292893
ar,mean_frame,Last third,extrapolation,0.8650260077621201,0.9314480406434694
ar,mean_frame,Last third,extrapolation,0.868200248920328,0.9319746885804746
ar,mean_frame,Last third,extrapolation,0.8713744900785356,0.9324972905638389
ar,mean_frame,Last third,extrapolation,0.8745487312367435,0.9330158776764542
ar,mean_frame,Last third,extrapolation,0.8777229723949512,0.933530480762419
ar,mean_frame,Last third,extrapolation,0.880897213553159,0.9340411304288733
ar,mean_frame,Last third,extrapolation,0.8840714547113668,0.934547857047819
ar,mean_frame,Last third,extrapolation,0.8872456958695746,0.9350506907579258
ar,mean_frame,Last third,extrapolation,0.8904199370277823,0.9355496614663247
ar,mean_frame,Last third,extrapolation,0.8935941781859902,0.9360447988503857
ar,mean_frame,Last third,extrapolation,0.8967684193441978,0.9365361323594839
ar,mean_frame,Last third,extrapolation,0.8999426605024057,0.9370236912167504
ar,mean_frame,Last third,extrapolation,0.9031169016606134,0.9375075044208109
ar,mean_frame,Last third,extrapolation,0.9062911428188212,0.9379876007475099
ar,mean_frame,Last third,extrapolation,0.909465383977029,0.9384640087516227
ar,mean_frame,Last third,extrapolation,0.9126396251352367,0.9389367567685537
ar,mean_frame,Last third,extrapolation,0.9158138662934445,0.9394058729160213
ar,mean_frame,Last third,extrapolation,0.9189881074516523,0.9398713850957308
ar,mean_frame,Last third,extrapolation,0.92216234860986,0.9403333209950334
ar,mean_frame,Last third,extrapolation,0.9253365897680679,0.9407917080885736
ar,mean_frame,Last third,extrapolation,0.9285108309262756,0.9412465736399225
ar,mean_frame,Last third,extrapolation,0.9316850720844834,0.9416979447032001
ar,mean_frame,Last third,extrapolation,0.9348593132426912,0.9421458481246843
ar,mean_frame,Last third,extrapolation,0.9380335544008989,0.9425903105444068
ar,mean_frame,Last third,extrapolation,0.9412077955591067,0.9430313583977388
ar,mean_frame,Last third,extrapolation,0.9443820367173145,0.9434690179169625
ar,mean_frame,Last third,extrapolation,0.9475562778755222,0.9439033151328315
ar,mean_frame,Last third,extrapolation,0.9507305190337301,0.9443342758761194
ar,mean_frame,Last third,extrapolation,0.9539047601919377,0.9447619257791554
ar,mean_frame,Last third,extrapolation,0.9570790013501456,0.9451862902773495
ar,mean_frame,Last third,extrapolation,0.9602532425083533,0.9456073946107049
ar,mean_frame,Last third,extrapolation,0.9634274836665611,0.9460252638253196
ar,mean_frame,Last third,extrapolation,0.9666017248247689,0.9464399227748758
ar,mean_frame,Last third,extrapolation,0.9697759659829767,0.9468513961221181
ar,mean_frame,Last third,extrapolation,0.9729502071411844,0.9472597083403207
ar,mean_frame,Last third,extrapolation,0.9761244482993923,0.9476648837147424
ar,mean_frame,Last third,extrapolation,0.9792986894575999,0.9480669463440717
ar,mean_frame,Last third,extrapolation,0.9824729306158078,0.9484659201418596
ar,mean_frame,Last third,extrapolation,0.9856471717740155,0.9488618288379422
ar,mean_frame,Last third,extrapolation,0.9888214129322233,0.9492546959798521
ar,mean_frame,Last third,extrapolation,0.9919956540904311,0.9496445449342186
ar,mean_frame,Last third,extrapolation,0.9951698952486387,0.9500313988881578
ar,mean_frame,Last third,extrapolation,0.9983441364068466,0.9504152808506517
ar,mean_frame,Last third,extrapolation,1.0015183775650545,0.9507962136539168
ar,mean_frame,Last third,extrapolation,1.004692618723262,0.9511742199547614
ar,mean_frame,Last third,extrapolation,1.00786685988147,0.9515493222359341
ar,mean_frame,Last third,extrapolation,1.0110411010396776,0.9519215428074607
ar,mean_frame,Last third,extrapolation,1.0142153421978854,0.9522909038079707
ar,mean_frame,Last third,extrapolation,1.0173895833560933,0.9526574272060144
ar,mean_frame,Last third,extrapolation,1.020563824514301,0.95302113480137
ar,mean_frame,Last third,extrapolation,1.0237380656725088,0.9533820482263391
ar,mean_frame,Last third,extrapolation,1.0269123068307164,0.9537401889470342
ar,mean_frame,Last third,extrapolation,1.0300865479889243,0.9540955782646552
ar,mean_frame,Last third,extrapolation,1.0332607891471322,0.9544482373167561
ar,mean_frame,Last third,extrapolation,1.0364350303053398,0.9547981870785027
ar,mean_frame,Last third,extrapolation,1.0396092714635476,0.9551454483639198
ar,mean_frame,Last third,extrapolation,1.0427835126217555,0.9554900418271289
ar,mean_frame,Last third,extrapolation,1.0459577537799631,0.9558319879635773
ar,mean_frame,Last third,extrapolation,1.049131994938171,0.9561713071112566
ar,mean_frame,Last third,extrapolation,1.0523062360963786,0.9565080194519127
ar,mean_frame,Last third,extrapolation,1.0554804772545865,0.9568421450122456
ar,mean_frame,Last third,extrapolation,1.0586547184127943,0.9571737036651013
ar,mean_frame,Last third,extrapolation,1.061828959571002,0.9575027151306533
ar,mean_frame,Last third,extrapolation,1.0650032007292098,0.9578291989775755
ar,mean_frame,Last third,extrapolation,1.0681774418874175,0.9581531746242059
ar,mean_frame,Last third,extrapolation,1.0713516830456253,0.9584746613397024
ar,mean_frame,Last third,extrapolation,1.0745259242038332,0.9587936782451879
ar,mean_frame,Last third,extrapolation,1.0777001653620408,0.9591102443148882
ar,mean_frame,Last third,extrapolation,1.0808744065202487,0.95942437837726
ar,mean_frame,Last third,extrapolation,1.0840486476784565,0.9597360991161112
ar,mean_frame,Last third,extrapolation,1.0872228888366642,0.9600454250717123
ar,mean_frame,Last third,extrapolation,1.090397129994872,0.9603523746418985
ar,mean_frame,Last third,extrapolation,1.0935713711530797,0.9606569660831643
ar,mean_frame,Last third,extrapolation,1.0967456123112875,0.9609592175117496
ar,mean_frame,Last third,extrapolation,1.0999198534694954,0.9612591469047167
ar,mean_frame,Last third,extrapolation,1.103094094627703,0.9615567721010199
ar,mean_frame,Last third,extrapolation,1.1062683357859109,0.9618521108025663
ar,mean_frame,Last third,extrapolation,1.1094425769441185,0.9621451805752688
ar,mean_frame,Last third,extrapolation,1.1126168181023264,0.9624359988500909
ar,mean_frame,Last third,extrapolation,1.1157910592605342,0.9627245829240832
ar,mean_frame,Last third,extrapolation,1.1189653004187419,0.9630109499614125
ar,mean_frame,Last third,extrapolation,1.1221395415769497,0.9632951169943822
ar,mean_frame,Last third,extrapolation,1.1253137827351576,0.963577100924446
ar,mean_frame,Last third,extrapolation,1.1284880238933652,0.9638569185232126
ar,mean_frame,Last third,extrapolation,1.131662265051573,0.9641345864334435
ar,mean_frame,Last third,extrapolation,1.1348365062097807,0.9644101211700428
ar,mean_frame,Last third,extrapolation,1.1380107473679886,0.9646835391210394
ar,mean_frame,Last third,extrapolation,1.1411849885261964,0.9649548565485618
ar,mean_frame,Last third,extrapolation,1.144359229684404,0.9652240895898052
ar,mean_frame,Last third,extrapolation,1.147533470842612,0.9654912542579915
ar,mean_frame,Last third,extrapolation,1.1507077120008196,0.9657563664433215
ar,mean_frame,Last third,extrapolation,1.1538819531590274,0.9660194419139204
ar,mean_frame,Last third,extrapolation,1.1570561943172353,0.9662804963167748
ar,mean_frame,Last third,extrapolation,1.160230435475443,0.9665395451786645
ar,mean_frame,Last third,extrapolation,1.1634046766336508,0.9667966039070848
ar,mean_frame,Last third,extrapolation,1.1665789177918586,0.967051687791164
ar,mean_frame,Last third,extrapolation,1.1697531589500663,0.9673048120025719
ar,mean_frame,Last third,extrapolation,1.1729274001082741,0.9675559915964226
ar,mean_frame,Last third,extrapolation,1.1761016412664818,0.9678052415121698
ar,mean_frame,Last third,extrapolation,1.1792758824246896,0.9680525765744956
ar,mean_frame,Last third,extrapolation,1.1824501235828975,0.9682980114941916
ar,mean_frame,Last third,extrapolation,1.185624364741105,0.9685415608690346
ar,mean_frame,Last third,extrapolation,1.188798605899313,0.9687832391846546
ar,mean_frame,Last third,extrapolation,1.1919728470575206,0.9690230608153958
ar,mean_frame,Last third,extrapolation,1.1951470882157285,0.9692610400251724
ar,mean_frame,Last third,extrapolation,1.1983213293739363,0.9694971909683167
ar,mean_frame,Last third,extrapolation,1.201495570532144,0.9697315276904205
ar,mean_frame,Last third,extrapolation,1.2046698116903518,0.969964064129171
ar,mean_frame,Last third,extrapolation,1.2078440528485597,0.9701948141151798
ar,mean_frame,Last third,extrapolation,1.2110182940067673,0.9704237913728051
ar,mean_frame,Last third,extrapolation,1.2141925351649752,0.9706510095209683
ar,mean_frame,Last third,extrapolation,1.2173667763231828,0.9708764820739639
ar,mean_frame,Last third,extrapolation,1.2205410174813907,0.9711002224422635
ar,mean_frame,Last third,extrapolation,1.2237152586395985,0.9713222439333128
ar,mean_frame,Last third,extrapolation,1.2268894997978061,0.9715425597523241
ar,mean_frame,Last third,extrapolation,1.230063740956014,0.9717611830030607
ar,mean_frame,Last third,extrapolation,1.2332379821142216,0.9719781266886169
ar,mean_frame,Last third,extrapolation,1.2364122232724295,0.9721934037121912
ar,mean_frame,Last third,extrapolation,1.2395864644306374,0.9724070268778539
ar,mean_frame,Last third,extrapolation,1.242760705588845,0.9726190088913079
ar,mean_frame,Last third,extrapolation,1.2459349467470529,0.9728293623606458
ar,mean_frame,Last third,extrapolation,1.2491091879052607,0.9730380997970983
ar,mean_frame,Last third,extrapolation,1.2522834290634683,0.9732452336157795
ar,mean_frame,Last third,extrapolation,1.2554576702216762,0.9734507761364247
ar,mean_frame,Last third,extrapolation,1.2586319113798838,0.9736547395841232
ar,mean_frame,Last third,extrapolation,1.2618061525380917,0.9738571360900454
ar,mean_frame,Last third,extrapolation,1.2649803936962996,0.9740579776921648
ar,mean_frame,Last third,extrapolation,1.2681546348545072,0.9742572763359733
ar,mean_frame,Last third,extrapolation,1.271328876012715,0.9744550438751919
ar,mean_frame,Last third,extrapolation,1.2745031171709227,0.9746512920724761
ar,mean_frame,Last third,extrapolation,1.2776773583291305,0.9748460326001152
ar,mean_frame,Last third,extrapolation,1.2808515994873384,0.9750392770407262
ar,mean_frame,Last third,extrapolation,1.284025840645546,0.9752310368879435
ar,mean_frame,Last third,extrapolation,1.287200081803754,0.9754213235471021
ar,mean_frame,Last third,extrapolation,1.2903743229619618,0.9756101483359154
ar,mean_frame,Last third,extrapolation,1.2935485641201694,0.9757975224851495
ar,mean_frame,Last third,extrapolation,1.2967228052783772,0.97598345713929
ar,mean_frame,Last third,extrapolation,1.2998970464365849,0.9761679633572058
ar,mean_frame,Last third,extrapolation,1.3030712875947927,0.9763510521128063
ar,mean_frame,Last third,extrapolation,1.3062455287530006,0.9765327342956942
ar,mean_frame,Last third,extrapolation,1.3094197699112082,0.9767130207118132
ar,mean_frame,Last third,extrapolation,1.312594011069416,0.9768919220840909
ar,mean_frame,Last third,extrapolation,1.3157682522276237,0.9770694490530762
ar,mean_frame,Last third,extrapolation,1.3189424933858316,0.9772456121775726
ar,mean_frame,Last third,extrapolation,1.3221167345440394,0.9774204219352656
ar,mean_frame,Last third,extrapolation,1.325290975702247,0.9775938887233466
ar,mean_frame,Last third,extrapolation,1.328465216860455,0.9777660228591311
ar,mean_frame,Last third,extrapolation,1.3316394580186628,0.9779368345806715
ar,mean_frame,Last third,extrapolation,1.3348136991768704,0.9781063340473675
ar,mean_frame,Last third,extrapolation,1.3379879403350783,0.9782745313405691
ar,mean_frame,Last third,extrapolation,1.341162181493286,0.9784414364641769
ar,mean_frame,Last third,extrapolation,1.3443364226514938,0.978607059345237
ar,mean_frame,Last third,extrapolation,1.3475106638097016,0.9787714098345309
ar,mean_frame,Last third,extrapolation,1.3506849049679093,0.9789344977071623
ar,mean_frame,Last third,extrapolation,1.3538591461261171,0.9790963326631379
ar,mean_frame,Last third,extrapolation,1.3570333872843248,0.9792569243279443
ar,mean_frame,Last third,extrapolation,1.3602076284425326,0.9794162822531207
ar,mean_frame,Last third,extrapolation,1.3633818696007405,0.9795744159168269
ar,mean_frame,Last third,extrapolation,1.3665561107589481,0.9797313347244074
ar,mean_frame,Last third,extrapolation,1.369730351917156,0.9798870480089501
ar,mean_frame,Last third,extrapolation,1.3729045930753638,0.9800415650318419
ar,mean_frame,Last third,extrapolation,1.3760788342335715,0.9801948949833196
ar,mean_frame,Last third,extrapolation,1.3792530753917793,0.980347046983016
ar,mean_frame,Last third,extrapolation,1.382427316549987,0.9804980300805031
ar,mean_frame,Last third,extrapolation,1.3856015577081948,0.9806478532558295
ar,mean_frame,Last third,extrapolation,1.3887757988664027,0.980796525420055
ar,mean_frame,Last third,extrapolation,1.3919500400246103,0.9809440554157808
ar,mean_frame,Last third,extrapolation,1.3951242811828182,0.9810904520176748
ar,mean_frame,Last third,extrapolation,1.3982985223410258,0.9812357239329937
ar,mean_frame,Last third,extrapolation,1.4014727634992337,0.9813798798021016
ar,mean_frame,Last third,extrapolation,1.4046470046574415,0.9815229281989827
ar,mean_frame,Last third,extrapolation,1.4078212458156492,0.9816648776317524
ar,mean_frame,Last third,extrapolation,1.410995486973857,0.9818057365431623
ar,mean_frame,Last third,extrapolation,1.4141697281320649,0.9819455133111031
ar,mean_frame,Last third,extrapolation,1.4173439692902725,0.982084216249103
ar,mean_frame,Last third,extrapolation,1.4205182104484804,0.9822218536068212
ar,mean_frame,Last third,extrapolation,1.423692451606688,0.9823584335705398
ar,mean_frame,Last third,extrapolation,1.4268666927648959,0.9824939642636494
ar,mean_frame,Last third,extrapolation,1.4300409339231037,0.9826284537471336
ar,mean_frame,Last third,extrapolation,1.4332151750813114,0.9827619100200474
ar,mean_frame,Last third,extrapolation,1.4363894162395192,0.9828943410199936
ar,mean_frame,Last third,extrapolation,1.4395636573977268,0.9830257546235943
ar,mean_frame,Last third,extrapolation,1.4427378985559347,0.9831561586469603
ar,mean_frame,Last third,extrapolation,1.4459121397141426,0.9832855608461547
ar,mean_frame,Last third,extrapolation,1.4490863808723502,0.9834139689176554
ar,mean_frame,Last third,extrapolation,1.452260622030558,0.9835413904988125
ar,mean_frame,Last third,extrapolation,1.455434863188766,0.983667833168302
ar,mean_frame,Last third,extrapolation,1.4586091043469736,0.9837933044465773
ar,mean_frame,Last third,extrapolation,1.4617833455051814,0.9839178117963161
ar,mean_frame,Last third,extrapolation,1.464957586663389,0.9840413626228643
ar,mean_frame,Last third,extrapolation,1.468131827821597,0.9841639642746767
ar,mean_frame,Last third,extrapolation,1.4713060689798048,0.9842856240437535
ar,mean_frame,Last third,extrapolation,1.4744803101380124,0.9844063491660748
ar,mean_frame,Last third,extrapolation,1.4776545512962203,0.9845261468220303
ar,mean_frame,Last third,extrapolation,1.480828792454428,0.9846450241368466
ar,mean_frame,Last third,extrapolation,1.4840030336126357,0.984762988181011
ar,mean_frame,Last third,extrapolation,1.4871772747708436,0.9848800459706923
ar,mean_frame,Last third,extrapolation,1.4903515159290512,0.9849962044681575
ar,mean_frame,Last third,extrapolation,1.493525757087259,0.9851114705821864
ar,mean_frame,Last third,extrapolation,1.496699998245467,0.9852258511684824
ar,mean_frame,Last third,extrapolation,1.4998742394036746,0.9853393530300799
ar,mean_frame,Last third,extrapolation,1.5030484805618824,0.9854519829177497
ar,mean_frame,Last third,extrapolation,1.5062227217200903,0.9855637475303998
ar,mean_frame,Last third,extrapolation,1.509396962878298,0.985674653515474
ar,mean_frame,Last third,extrapolation,1.5125712040365058,0.9857847074693474
ar,mean_frame,Last third,extrapolation,1.5157454451947134,0.985893915937719
ar,mean_frame,Last third,extrapolation,1.5189196863529213,0.9860022854160002
ar,mean_frame,Last third,extrapolation,1.5220939275111292,0.986109822349702
ar,mean_frame,Last third,extrapolation,1.5252681686693368,0.9862165331348178
ar,mean_frame,Last third,extrapolation,1.5284424098275446,0.9863224241182043
ar,mean_frame,Last third,extrapolation,1.5316166509857525,0.9864275015979582
ar,mean_frame,Last third,extrapolation,1.5347908921439601,0.9865317718237919
ar,mean_frame,Last third,extrapolation,1.537965133302168,0.9866352409974041
ar,mean_frame,Last third,extrapolation,1.5411393744603756,0.9867379152728494
ar,mean_frame,Last third,extrapolation,1.5443136156185835,0.9868398007569041
ar,mean_frame,Last third,extrapolation,1.5474878567767913,0.9869409035094295
ar,mean_frame,Last third,extrapolation,1.550662097934999,0.9870412295437321
ar,mean_frame,Last third,extrapolation,1.5538363390932068,0.9871407848269214
ar,mean_frame,Last third,extrapolation,1.5570105802514145,0.9872395752802647
ar,mean_frame,Last third,extrapolation,1.5601848214096223,0.9873376067795397
ar,mean_frame,Last third,extrapolation,1.5633590625678302,0.9874348851553835
ar,mean_frame,Last third,extrapolation,1.5665333037260378,0.9875314161936392
ar,mean_frame,Last third,extrapolation,1.5697075448842457,0.9876272056357009
ar,mean_frame,Last third,extrapolation,1.5728817860424535,0.9877222591788544
ar,mean_frame,Last third,extrapolation,1.5760560272006612,0.9878165824766161
ar,mean_frame,Last third,extrapolation,1.579230268358869,0.98791018113907
ar,mean_frame,Last third,extrapolation,1.5824045095170767,0.9880030607332004
ar,mean_frame,Last third,extrapolation,1.5855787506752845,0.9880952267832235
ar,mean_frame,Last third,extrapolation,1.5887529918334924,0.9881866847709161
ar,mean_frame,Last third,extrapolation,1.5919272329917,0.9882774401359412
ar,mean_frame,Last third,extrapolation,1.5951014741499079,0.988367498276172
ar,mean_frame,Last third,extrapolation,1.5982757153081155,0.9884568645480126
ar,mean_frame,Last third,extrapolation,1.6014499564663234,0.9885455442667169
ar,mean_frame,Last third,extrapolation,1.6046241976245312,0.9886335427067042
ar,mean_frame,Last third,extrapolation,1.6077984387827389,0.9887208651018737
ar,mean_frame,Last third,extrapolation,1.6109726799409467,0.988807516645915
ar,mean_frame,Last third,extrapolation,1.6141469210991546,0.9888935024926176
ar,mean_frame,Last third,extrapolation,1.6173211622573622,0.9889788277561772
ar,mean_frame,Last third,extrapolation,1.62049540341557,0.9890634975114996
ar,mean_frame,Last third,extrapolation,1.6236696445737777,0.9891475167945031
ar,mean_frame,Last third,extrapolation,1.6268438857319856,0.9892308906024176
ar,mean_frame,Last third,extrapolation,1.6300181268901934,0.9893136238940823
ar,mean_frame,Last third,extrapolation,1.633192368048401,0.9893957215902396
ar,mean_frame,Last third,extrapolation,1.636366609206609,0.9894771885738292
ar,mean_frame,Last third,extrapolation,1.6395408503648166,0.9895580296902773
ar,mean_frame,Last third,extrapolation,1.6427150915230244,0.9896382497477856
ar,mean_frame,Last third,extrapolation,1.6458893326812323,0.9897178535176167
ar,mean_frame,Last third,extrapolation,1.64906357383944,0.9897968457343784
ar,mean_frame,Last third,extrapolation,1.6522378149976478,0.989875231096305
ar,mean_frame,Last third,extrapolation,1.6554120561558556,0.9899530142655366
ar,mean_frame,Last third,extrapolation,1.6585862973140633,0.9900301998683967
ar,mean_frame,Last third,extrapolation,1.6617605384722711,0.9901067924956674
ar,mean_frame,Last third,extrapolation,1.6649347796304788,0.9901827967028618
ar,mean_frame,Last third,extrapolation,1.6681090207886866,0.990258217010496
ar,mean_frame,Last third,extrapolation,1.6712832619468945,0.9903330579043571
ar,mean_frame,Last third,extrapolation,1.674457503105102,0.9904073238357705
ar,mean_frame,Last third,extrapolation,1.67763174426331,0.990481019221864
ar,mean_frame,Last third,extrapolation,1.6808059854215176,0.9905541484458316
ar,mean_frame,Last third,extrapolation,1.6839802265797255,0.9906267158571931
ar,mean_frame,Last third,extrapolation,1.6871544677379333,0.9906987257720534
ar,mean_frame,Last third,extrapolation,1.690328708896141,0.9907701824733592
ar,mean_frame,Last third,extrapolation,1.6935029500543488,0.9908410902111535
ar,mean_frame,Last third,extrapolation,1.6966771912125567,0.9909114532028287
ar,mean_frame,Last third,extrapolation,1.6998514323707643,0.9909812756333767
ar,mean_frame,Last third,extrapolation,1.7030256735289722,0.991050561655639
ar,mean_frame,Last third,extrapolation,1.7061999146871798,0.9911193153905528
ar,mean_frame,Last third,extrapolation,1.7093741558453877,0.991187540927396
ar,mean_frame,Last third,extrapolation,1.7125483970035955,0.9912552423240314
ar,mean_frame,Last third,extrapolation,1.7157226381618031,0.9913224236071471
ar,mean_frame,Last third,extrapolation,1.718896879320011,0.991389088772496
ar,mean_frame,Last third,extrapolation,1.7220711204782186,0.9914552417851344
ar,mean_frame,Last third,extrapolation,1.7252453616364265,0.9915208865796569
ar,mean_frame,Last third,extrapolation,1.7284196027946344,0.9915860270604304
ar,mean_frame,Last third,extrapolation,1.731593843952842,0.9916506671018274
ar,mean_frame,Last third,extrapolation,1.7347680851110499,0.9917148105484548
ar,mean_frame,Last third,extrapolation,1.7379423262692577,0.991778461215384
ar,mean_frame,Last third,extrapolation,1.7411165674274653,0.9918416228883774
ar,mean_frame,Last third,extrapolation,1.7442908085856732,0.9919042993241128
ar,mean_frame,Last third,extrapolation,1.7474650497438808,0.991966494250408
ar,mean_frame,Last third,extrapolation,1.7506392909020887,0.9920282113664416
ar,mean_frame,Last third,extrapolation,1.7538135320602966,0.9920894543429738
ar,mean_frame,Last third,extrapolation,1.7569877732185042,0.9921502268225639
ar,mean_frame,Last third,extrapolation,1.760162014376712,0.9922105324197877
ar,mean_frame,Last third,extrapolation,1.7633362555349197,0.992270374721452
ar,mean_frame,Last third,extrapolation,1.7665104966931275,0.992329757286808
ar,mean_frame,Last third,extrapolation,1.7696847378513354,0.9923886836477632
ar,mean_frame,Last third,extrapolation,1.772858979009543,0.9924471573090914
ar,mean_frame,Last third,extrapolation,1.776033220167751,0.9925051817486411
ar,mean_frame,Last third,extrapolation,1.7792074613259588,0.9925627604175421
ar,mean_frame,Last third,extrapolation,1.7823817024841664,0.9926198967404114
ar,mean_frame,Last third,extrapolation,1.7855559436423742,0.9926765941155562
ar,mean_frame,Last third,extrapolation,1.7887301848005819,0.9927328559151765
ar,mean_frame,Last third,extrapolation,1.7919044259587897,0.9927886854855653
ar,mean_frame,Last third,extrapolation,1.7950786671169976,0.9928440861473082
ar,mean_frame,Last third,extrapolation,1.7982529082752052,0.9928990611954802
ar,mean_frame,Last third,extrapolation,1.801427149433413,0.992953613899842
ar,mean_frame,Last third,extrapolation,1.8046013905916207,0.9930077475050347
ar,mean_frame,Last third,extrapolation,1.8077756317498286,0.9930614652307723
ar,mean_frame,Last third,extrapolation,1.8109498729080364,0.9931147702720338
ar,mean_frame,Last third,extrapolation,1.814124114066244,0.9931676657992525
ar,mean_frame,Last third,extrapolation,1.817298355224452,0.9932201549585054
ar,mean_frame,Last third,extrapolation,1.8204725963826598,0.9932722408716992
ar,mean_frame,Last third,extrapolation,1.8236468375408674,0.9933239266367575
ar,mean_frame,Last third,extrapolation,1.8268210786990753,0.9933752153278037
ar,mean_frame,Last third,extrapolation,1.829995319857283,0.9934261099953444
ar,mean_frame,Last third,extrapolation,1.8331695610154908,0.993476613666451
ar,mean_frame,Last third,extrapolation,1.8363438021736986,0.9935267293449392
ar,mean_frame,Last third,extrapolation,1.8395180433319063,0.9935764600115484
ar,mean_frame,Last third,extrapolation,1.8426922844901141,0.9936258086241182
ar,mean_frame,Last third,extrapolation,1.8458665256483218,0.9936747781177651
ar,mean_frame,Last third,extrapolation,1.8490407668065296,0.9937233714050562
ar,mean_frame,Last third,extrapolation,1.8522150079647375,0.9937715913761832
ar,mean_frame,Last third,extrapolation,1.8553892491229451,0.9938194408991341
ar,mean_frame,Last third,extrapolation,1.858563490281153,0.9938669228198634
ar,mean_frame,Last third,extrapolation,1.8617377314393608,0.9939140399624621
ar,mean_frame,Last third,extrapolation,1.8649119725975685,0.9939607951293246
ar,mean_frame,Last third,extrapolation,1.8680862137557763,0.9940071911013164
ar,mean_frame,Last third,extrapolation,1.871260454913984,0.9940532306379392
ar,mean_frame,Last third,extrapolation,1.8744346960721918,0.9940989164774947
ar,mean_frame,Last third,extrapolation,1.8776089372303997,0.9941442513372477
ar,mean_frame,Last third,extrapolation,1.8807831783886073,0.9941892379135878
ar,mean_frame,Last third,extrapolation,1.8839574195468152,0.9942338788821898
ar,mean_frame,Last third,extrapolation,1.8871316607050228,0.9942781768981724
ar,mean_frame,Last third,extrapolation,1.8903059018632307,0.9943221345962568
ar,mean_frame,Last third,extrapolation,1.8934801430214385,0.9943657545909228
ar,mean_frame,Last third,extrapolation,1.8966543841796462,0.9944090394765647
ar,mean_frame,Last third,extrapolation,1.899828625337854,0.9944519918276452
ar,mean_frame,Last third,extrapolation,1.9030028664960619,0.9944946141988493
ar,mean_frame,Last third,extrapolation,1.9061771076542695,0.9945369091252352
ar,mean_frame,Last third,extrapolation,1.9093513488124774,0.9945788791223859
ar,mean_frame,Last third,extrapolation,1.912525589970685,0.9946205266865584
ar,mean_frame,Last third,extrapolation,1.9156998311288929,0.9946618542948323
ar,mean_frame,Last third,extrapolation,1.9188740722871007,0.9947028644052573
ar,mean_frame,Last third,extrapolation,1.9220483134453084,0.994743559456999
ar,full_trajectory,Middle third,fit,-0.009016287656596206,0.047600630838130376
ar,full_trajectory,Middle third,fit,-0.008143488171607836,0.04782734754020779
ar,full_trajectory,Middle third,fit,-0.007270688686619466,0.04805401027284273
ar,full_trajectory,Middle third,fit,-0.006397889201631097,0.04828061904888237
ar,full_trajectory,Middle third,fit,-0.0055250897166427265,0.048507173881171206
ar,full_trajectory,Middle third,fit,-0.004652290231654357,0.048733674782550196
ar,full_trajectory,Middle third,fit,-0.0037794907466659877,0.04896012176585762
ar,full_trajectory,Middle third,fit,-0.0029066912616776174,0.04918651484392855
ar,full_trajectory,Middle third,fit,-0.002033891776689248,0.049412854029594944
ar,full_trajectory,Middle third,fit,-0.0011610922917008777,0.04963913933568587
ar,full_trajectory,Middle third,fit,-0.0002882928067125083,0.049865370775027174
ar,full_trajectory,Middle third,fit,0.0005845066782758611,0.05009154836044172
ar,full_trajectory,Middle third,fit,0.0014573061632642305,0.05031767210474947
ar,full_trajectory,Middle third,fit,0.0023301056482526,0.050543742020766946
ar,full_trajectory,Middle third,fit,0.003202905133240971,0.05076975812130813
ar,full_trajectory,Middle third,fit,0.00407570461822934,0.05099572041918354
ar,full_trajectory,Middle third,fit,0.00494850410321771,0.051221628927200724
ar,full_trajectory,Middle third,fit,0.005821303588206079,0.05144748365816443
ar,full_trajectory,Middle third,fit,0.00669410307319445,0.05167328462487597
ar,full_trajectory,Middle third,fit,0.00756690255818282,0.05189903184013389
ar,full_trajectory,Middle third,fit,0.00843970204317119,0.05212472531673373
ar,full_trajectory,Middle third,fit,0.009312501528159559,0.05235036506746771
ar,full_trajectory,Middle third,fit,0.010185301013147928,0.05257595110512525
ar,full_trajectory,Middle third,fit,0.011058100498136297,0.05280148344249258
ar,full_trajectory,Middle third,fit,0.011930899983124667,0.053026962092353025
ar,full_trajectory,Middle third,fit,0.012803699468113036,0.053252387067486695
ar,full_trajectory,Middle third,fit,0.013676498953101406,0.053477758380670815
ar,full_trajectory,Middle third,fit,0.014549298438089778,0.05370307604467939
ar,full_trajectory,Middle third,fit,0.015422097923078148,0.05392834007228364
ar,full_trajectory,Middle third,fit,0.016294897408066517,0.05415355047625148
ar,full_trajectory,Middle third,fit,0.017167696893054887,0.054378707269348014
ar,full_trajectory,Middle third,fit,0.018040496378043256,0.054603810464335156
ar,full_trajectory,Middle third,fit,0.018913295863031625,0.05482886007397181
ar,full_trajectory,Middle third,fit,0.019786095348019995,0.05505385611101388
ar,full_trajectory,Middle third,fit,0.020658894833008364,0.05527879858821416
ar,full_trajectory,Middle third,fit,0.021531694317996734,0.055503687518322464
ar,full_trajectory,Middle third,fit,0.022404493802985107,0.0557285229140857
ar,full_trajectory,Middle third,fit,0.023277293287973476,0.05595330478824745
ar,full_trajectory,Middle third,fit,0.024150092772961845,0.05617803315354841
ar,full_trajectory,Middle third,fit,0.025022892257950215,0.0564027080227264
ar,full_trajectory,Middle third,fit,0.025895691742938584,0.056627329408516
ar,full_trajectory,Middle third,fit,0.026768491227926954,0.056851897323648815
ar,full_trajectory,Middle third,fit,0.027641290712915323,0.05707641178085332
ar,full_trajectory,Middle third,fit,0.028514090197903692,0.05730087279285523
ar,full_trajectory,Middle third,fit,0.02938688968289206,0.05752528037237703
ar,full_trajectory,Middle third,fit,0.03025968916788043,0.057749634532138105
ar,full_trajectory,Middle third,fit,0.0311324886528688,0.05797393528485495
ar,full_trajectory,Middle third,fit,0.03200528813785717,0.05819818264324106
ar,full_trajectory,Middle third,fit,0.03287808762284554,0.05842237662000682
ar,full_trajectory,Middle third,fit,0.03375088710783391,0.05864651722785974
ar,full_trajectory,Middle third,fit,0.03462368659282228,0.058870604479503874
ar,full_trajectory,Middle third,fit,0.03549648607781065,0.05909463838764084
ar,full_trajectory,Middle third,fit,0.03636928556279902,0.05931861896496893
ar,full_trajectory,Middle third,fit,0.037242085047787386,0.0595425462241832
ar,full_trajectory,Middle third,fit,0.03811488453277576,0.059766420177976176
ar,full_trajectory,Middle third,fit,0.03898768401776413,0.059990240839036924
ar,full_trajectory,Middle third,fit,0.0398604835027525,0.06021400822005174
ar,full_trajectory,Middle third,fit,0.04073328298774087,0.060437722333703925
ar,full_trajectory,Middle third,fit,0.04160608247272924,0.060661383192673446
ar,full_trajectory,Middle third,fit,0.04247888195771761,0.06088499080963772
ar,full_trajectory,Middle third,fit,0.04335168144270598,0.061108545197270714
ar,full_trajectory,Middle third,fit,0.04422448092769435,0.06133204636824363
ar,full_trajectory,Middle third,fit,0.04509728041268272,0.06155549433522456
ar,full_trajectory,Middle third,fit,0.04597007989767109,0.06177888911087859
ar,full_trajectory,Middle third,fit,0.04684287938265946,0.06200223070786781
ar,full_trajectory,Middle third,fit,0.047715678867647826,0.062225519138851326
ar,full_trajectory,Middle third,fit,0.048588478352636195,0.06244875441648523
ar,full_trajectory,Middle third,fit,0.049461277837624565,0.06267193655342251
ar,full_trajectory,Middle third,fit,0.050334077322612934,0.06289506556231317
ar,full_trajectory,Middle third,fit,0.051206876807601304,0.0631181414558043
ar,full_trajectory,Middle third,fit,0.05207967629258967,0.0633411642465399
ar,full_trajectory,Middle third,fit,0.05295247577757804,0.06356413394716098
ar,full_trajectory,Middle third,fit,0.05382527526256642,0.06378705057030543
ar,full_trajectory,Middle third,fit,0.05469807474755478,0.06400991412860835
ar,full_trajectory,Middle third,fit,0.05557087423254316,0.06423272463470164
ar,full_trajectory,Middle third,fit,0.05644367371753152,0.06445548210121432
ar,full_trajectory,Middle third,fit,0.057316473202519896,0.0646781865407724
ar,full_trajectory,Middle third,fit,0.05818927268750826,0.06490083796599866
ar,full_trajectory,Middle third,fit,0.059062072172496635,0.06512343638951323
ar,full_trajectory,Middle third,fit,0.059934871657485,0.06534598182393292
ar,full_trajectory,Middle third,fit,0.060807671142473374,0.06556847428187185
ar,full_trajectory,Middle third,fit,0.061680470627461736,0.06579091377594082
ar,full_trajectory,Middle third,fit,0.06255327011245011,0.06601330031874786
ar,full_trajectory,Middle third,fit,0.06342606959743848,0.06623563392289777
ar,full_trajectory,Middle third,fit,0.06429886908242685,0.0664579146009926
ar,full_trajectory,Middle third,fit,0.06517166856741521,0.06668014236563125
ar,full_trajectory,Middle third,fit,0.06604446805240359,0.06690231722940976
ar,full_trajectory,Middle third,fit,0.06691726753739197,0.06712443920492084
ar,full_trajectory,Middle third,fit,0.06779006702238033,0.06734650830475475
ar,full_trajectory,Middle third,fit,0.0686628665073687,0.06756852454149809
ar,full_trajectory,Middle third,fit,0.06953566599235707,0.06779048792773501
ar,full_trajectory,Middle third,fit,0.07040846547734544,0.06801239847604656
ar,full_trajectory,Middle third,fit,0.0712812649623338,0.06823425619901047
ar,full_trajectory,Middle third,fit,0.07215406444732218,0.06845606110920188
ar,full_trajectory,Middle third,fit,0.07302686393231055,0.06867781321919264
ar,full_trajectory,Middle third,fit,0.07389966341729892,0.06889951254155169
ar,full_trajectory,Middle third,fit,0.07477246290228728,0.0691211590888452
ar,full_trajectory,Middle third,fit,0.07564526238727566,0.06934275287363612
ar,full_trajectory,Middle third,fit,0.07651806187226402,0.06956429390848429
ar,full_trajectory,Middle third,fit,0.0773908613572524,0.06978578220594689
ar,full_trajectory,Middle third,fit,0.07826366084224076,0.07000721777857799
ar,full_trajectory,Middle third,fit,0.07913646032722914,0.07022860063892844
ar,full_trajectory,Middle third,fit,0.0800092598122175,0.07044993079954631
ar,full_trajectory,Middle third,fit,0.08088205929720588,0.0706712082729769
ar,full_trajectory,Middle third,fit,0.08175485878219424,0.07089243307176196
ar,full_trajectory,Middle third,fit,0.08262765826718262,0.0711136052084409
ar,full_trajectory,Middle third,fit,0.08350045775217098,0.07133472469554958
ar,full_trajectory,Middle third,fit,0.08437325723715935,0.0715557915456212
ar,full_trajectory,Middle third,fit,0.08524605672214773,0.07177680577118595
ar,full_trajectory,Middle third,fit,0.0861188562071361,0.07199776738477082
ar,full_trajectory,Middle third,fit,0.08699165569212447,0.07221867639890023
ar,full_trajectory,Middle third,fit,0.08786445517711283,0.07243953282609528
ar,full_trajectory,Middle third,fit,0.08873725466210121,0.07266033667887406
ar,full_trajectory,Middle third,fit,0.08961005414708957,0.0728810879697519
ar,full_trajectory,Middle third,fit,0.09048285363207795,0.07310178671124101
ar,full_trajectory,Middle third,fit,0.09135565311706631,0.07332243291585072
ar,full_trajectory,Middle third,fit,0.09222845260205469,0.07354302659608736
ar,full_trajectory,Middle third,fit,0.09310125208704305,0.07376356776445414
ar,full_trajectory,Middle third,fit,0.09397405157203143,0.0739840564334514
ar,full_trajectory,Middle third,fit,0.09484685105701979,0.07420449261557671
ar,full_trajectory,Middle third,fit,0.09571965054200816,0.07442487632332417
ar,full_trajectory,Middle third,fit,0.09659245002699653,0.07464520756918536
ar,full_trajectory,Middle third,fit,0.0974652495119849,0.07486548636564871
ar,full_trajectory,Middle third,fit,0.09833804899697327,0.0750857127251997
ar,full_trajectory,Middle third,fit,0.09921084848196164,0.07530588666032079
ar,full_trajectory,Middle third,fit,0.10008364796695,0.07552600818349153
ar,full_trajectory,Middle third,fit,0.10095644745193838,0.07574607730718841
ar,full_trajectory,Middle third,fit,0.10182924693692674,0.07596609404388521
ar,full_trajectory,Middle third,fit,0.10270204642191512,0.0761860584060523
ar,full_trajectory,Middle third,fit,0.1035748459069035,0.07640597040615749
ar,full_trajectory,Middle third,fit,0.10444764539189186,0.07662583005666546
ar,full_trajectory,Middle third,fit,0.10532044487688023,0.0768456373700378
ar,full_trajectory,Middle third,fit,0.1061932443618686,0.07706539235873333
ar,full_trajectory,Middle third,fit,0.10706604384685697,0.07728509503520786
ar,full_trajectory,Middle third,fit,0.10793884333184534,0.07750474541191421
ar,full_trajectory,Middle third,fit,0.10881164281683371,0.0777243435013022
ar,full_trajectory,Middle third,fit,0.10968444230182207,0.07794388931581875
ar,full_trajectory,Middle third,fit,0.11055724178681045,0.0781633828679077
ar,full_trajectory,Middle third,fit,0.11143004127179881,0.07838282417001008
ar,full_trajectory,Middle third,fit,0.11230284075678719,0.07860221323456384
ar,full_trajectory,Middle third,fit,0.11317564024177555,0.07882155007400415
ar,full_trajectory,Middle third,fit,0.11404843972676393,0.07904083470076295
ar,full_trajectory,Middle third,fit,0.11492123921175229,0.07926006712726952
ar,full_trajectory,Middle third,fit,0.11579403869674067,0.0794792473659498
ar,full_trajectory,Middle third,fit,0.11666683818172904,0.07969837542922709
ar,full_trajectory,Middle third,fit,0.1175396376667174,0.07991745132952177
ar,full_trajectory,Middle third,fit,0.11841243715170577,0.08013647507925092
ar,full_trajectory,Middle third,fit,0.11928523663669413,0.08035544669082895
ar,full_trajectory,Middle third,fit,0.12015803612168252,0.08057436617666736
ar,full_trajectory,Middle third,fit,0.12103083560667088,0.08079323354917445
ar,full_trajectory,Middle third,fit,0.12190363509165925,0.08101204882075574
ar,full_trajectory,Middle third,fit,0.12277643457664764,0.08123081200381366
ar,full_trajectory,Middle third,fit,0.123649234061636,0.08144952311074782
ar,full_trajectory,Middle third,fit,0.12452203354662436,0.08166818215395488
ar,full_trajectory,Middle third,fit,0.12539483303161272,0.08188678914582848
ar,full_trajectory,Middle third,fit,0.1262676325166011,0.08210534409875936
ar,full_trajectory,Middle third,fit,0.12714043200158948,0.08232384702513529
ar,full_trajectory,Middle third,fit,0.12801323148657784,0.08254229793734091
ar,full_trajectory,Middle third,fit,0.1288860309715662,0.08276069684775833
ar,full_trajectory,Middle third,fit,0.1297588304565546,0.0829790437687663
ar,full_trajectory,Middle third,fit,0.13063162994154295,0.08319733871274093
ar,full_trajectory,Middle third,fit,0.13150442942653132,0.0834155816920551
ar,full_trajectory,Middle third,fit,0.13237722891151968,0.0836337727190789
ar,full_trajectory,Middle third,fit,0.13325002839650807,0.08385191180617957
ar,full_trajectory,Middle third,fit,0.13412282788149643,0.08406999896572132
ar,full_trajectory,Middle third,fit,0.1349956273664848,0.08428803421006525
ar,full_trajectory,Middle third,fit,0.13586842685147316,0.08450601755156983
ar,full_trajectory,Middle third,fit,0.13674122633646155,0.08472394900259028
ar,full_trajectory,Middle third,fit,0.1376140258214499,0.08494182857547905
ar,full_trajectory,Middle third,fit,0.13848682530643827,0.0851596562825857
ar,full_trajectory,Middle third,fit,0.13935962479142663,0.0853774321362567
ar,full_trajectory,Middle third,fit,0.14023242427641502,0.08559515614883573
ar,full_trajectory,Middle third,fit,0.1411052237614034,0.08581282833266335
ar,full_trajectory,Middle third,fit,0.14197802324639175,0.08603044870007737
ar,full_trajectory,Middle third,fit,0.14285082273138014,0.08624801726341258
ar,full_trajectory,Middle third,fit,0.1437236222163685,0.08646553403500079
ar,full_trajectory,Middle third,fit,0.14459642170135686,0.08668299902717091
ar,full_trajectory,Middle third,fit,0.14546922118634523,0.08690041225224898
ar,full_trajectory,Middle third,fit,0.14634202067133362,0.08711777372255802
ar,full_trajectory,Middle third,fit,0.14721482015632198,0.08733508345041807
ar,full_trajectory,Middle third,fit,0.14808761964131034,0.0875523414481465
ar,full_trajectory,Middle third,fit,0.1489604191262987,0.08776954772805734
ar,full_trajectory,Middle third,fit,0.1498332186112871,0.08798670230246208
ar,full_trajectory,Middle third,fit,0.15070601809627546,0.08820380518366899
ar,full_trajectory,Middle third,fit,0.15157881758126382,0.08842085638398367
ar,full_trajectory,Middle third,fit,0.15245161706625218,0.0886378559157085
ar,full_trajectory,Middle third,fit,0.15332441655124057,0.08885480379114319
ar,full_trajectory,Middle third,fit,0.15419721603622893,0.08907170002258435
ar,full_trajectory,Middle third,fit,0.1550700155212173,0.08928854462232572
ar,full_trajectory,Middle third,fit,0.15594281500620566,0.08950533760265811
ar,full_trajectory,Middle third,fit,0.15681561449119405,0.08972207897586948
ar,full_trajectory,Middle third,fit,0.1576884139761824,0.08993876875424478
ar,full_trajectory,Middle third,fit,0.15856121346117077,0.09015540695006607
ar,full_trajectory,Middle third,fit,0.15943401294615916,0.09037199357561243
ar,full_trajectory,Middle third,fit,0.16030681243114753,0.09058852864316003
ar,full_trajectory,Middle third,fit,0.1611796119161359,0.09080501216498227
ar,full_trajectory,Middle third,fit,0.16205241140112425,0.09102144415334934
ar,full_trajectory,Middle third,fit,0.16292521088611264,0.09123782462052876
ar,full_trajectory,Middle third,fit,0.163798010371101,0.09145415357878495
ar,full_trajectory,Middle third,fit,0.16467080985608937,0.09167043104037975
ar,full_trajectory,Middle third,fit,0.16554360934107773,0.0918866570175716
ar,full_trajectory,Middle third,fit,0.16641640882606612,0.09210283152261622
ar,full_trajectory,Middle third,fit,0.16728920831105448,0.09231895456776673
ar,full_trajectory,Middle third,fit,0.16816200779604284,0.09253502616527276
ar,full_trajectory,Middle third,fit,0.1690348072810312,0.0927510463273814
ar,full_trajectory,Middle third,fit,0.1699076067660196,0.09296701506633687
ar,full_trajectory,Middle third,fit,0.17078040625100796,0.09318293239438014
ar,full_trajectory,Middle third,fit,0.17165320573599632,0.09339879832374964
ar,full_trajectory,Middle third,fit,0.17252600522098469,0.09361461286668071
ar,full_trajectory,Middle third,fit,0.17339880470597308,0.09383037603540567
ar,full_trajectory,Middle third,fit,0.17427160419096144,0.09404608784215407
ar,full_trajectory,Middle third,fit,0.1751444036759498,0.09426174829915257
ar,full_trajectory,Middle third,fit,0.17601720316093816,0.09447735741862484
ar,full_trajectory,Middle third,fit,0.17689000264592655,0.09469291521279177
ar,full_trajectory,Middle third,fit,0.17776280213091492,0.09490842169387115
ar,full_trajectory,Middle third,fit,0.17863560161590328,0.09512387687407786
ar,full_trajectory,Middle third,fit,0.17950840110089167,0.09533928076562415
ar,full_trajectory,Middle third,fit,0.18038120058588003,0.09555463338071912
ar,full_trajectory,Middle third,fit,0.1812540000708684,0.09576993473156903
ar,full_trajectory,Middle third,fit,0.18212679955585676,0.0959851848303771
ar,full_trajectory,Middle third,fit,0.18299959904084515,0.09620038368934392
ar,full_trajectory,Middle third,fit,0.1838723985258335,0.09641553132066705
ar,full_trajectory,Middle third,fit,0.18474519801082187,0.09663062773654096
ar,full_trajectory,Middle third,fit,0.18561799749581023,0.09684567294915758
ar,full_trajectory,Middle third,fit,0.18649079698079862,0.09706066697070559
ar,full_trajectory,Middle third,fit,0.18736359646578699,0.09727560981337102
ar,full_trajectory,Middle third,fit,0.18823639595077535,0.0974905014893368
ar,full_trajectory,Middle third,fit,0.1891091954357637,0.09770534201078307
ar,full_trajectory,Middle third,fit,0.1899819949207521,0.09792013138988709
ar,full_trajectory,Middle third,fit,0.19085479440574046,0.09813486963882323
ar,full_trajectory,Middle third,fit,0.19172759389072883,0.09834955676976287
ar,full_trajectory,Middle third,fit,0.1926003933757172,0.0985641927948746
ar,full_trajectory,Middle third,fit,0.19347319286070558,0.09877877772632393
ar,full_trajectory,Middle third,fit,0.19434599234569394,0.09899331157627378
ar,full_trajectory,Middle third,fit,0.1952187918306823,0.09920779435688387
ar,full_trajectory,Middle third,fit,0.1960915913156707,0.09942222608031115
ar,full_trajectory,Middle third,fit,0.19696439080065906,0.09963660675870967
ar,full_trajectory,Middle third,fit,0.19783719028564742,0.0998509364042307
ar,full_trajectory,Middle third,fit,0.19870998977063578,0.10006521502902233
ar,full_trajectory,Middle third,fit,0.19958278925562417,0.10027944264523014
ar,full_trajectory,Middle third,fit,0.20045558874061253,0.10049361926499656
ar,full_trajectory,Middle third,fit,0.2013283882256009,0.10070774490046108
ar,full_trajectory,Middle third,fit,0.20220118771058926,0.10092181956376056
ar,full_trajectory,Middle third,fit,0.20307398719557765,0.10113584326702862
ar,full_trajectory,Middle third,fit,0.203946786680566,0.10134981602239646
ar,full_trajectory,Middle third,fit,0.20481958616555437,0.1015637378419918
ar,full_trajectory,Middle third,fit,0.20569238565054274,0.10177760873794006
ar,full_trajectory,Middle third,fit,0.20656518513553113,0.10199142872236344
ar,full_trajectory,Middle third,fit,0.2074379846205195,0.10220519780738135
ar,full_trajectory,Middle third,fit,0.20831078410550785,0.1024189160051101
ar,full_trajectory,Middle third,fit,0.2091835835904962,0.10263258332766356
ar,full_trajectory,Middle third,fit,0.2100563830754846,0.10284619978715226
ar,full_trajectory,Middle third,fit,0.21092918256047297,0.10305976539568418
ar,full_trajectory,Middle third,fit,0.21180198204546133,0.1032732801653643
ar,full_trajectory,Middle third,fit,0.2126747815304497,0.1034867441082945
ar,full_trajectory,Middle third,fit,0.21354758101543808,0.10370015723657422
ar,full_trajectory,Middle third,fit,0.21442038050042644,0.10391351956229966
ar,full_trajectory,Middle third,fit,0.2152931799854148,0.10412683109756427
ar,full_trajectory,Middle third,fit,0.2161659794704032,0.1043400918544587
ar,full_trajectory,Middle third,fit,0.21703877895539156,0.1045533018450705
ar,full_trajectory,Middle third,fit,0.21791157844037992,0.10476646108148457
ar,full_trajectory,Middle third,fit,0.21878437792536828,0.1049795695757828
ar,full_trajectory,Middle third,fit,0.21965717741035667,0.10519262734004431
ar,full_trajectory,Middle third,fit,0.22052997689534504,0.1054056343863452
ar,full_trajectory,Middle third,fit,0.2214027763803334,0.10561859072675883
ar,full_trajectory,Middle third,fit,0.22227557586532176,0.10583149637335554
ar,full_trajectory,Middle third,fit,0.22314837535031015,0.10604435133820311
ar,full_trajectory,Middle third,fit,0.22402117483529851,0.10625715563336591
ar,full_trajectory,Middle third,fit,0.22489397432028688,0.10646990927090605
ar,full_trajectory,Middle third,fit,0.22576677380527524,0.10668261226288234
ar,full_trajectory,Middle third,fit,0.22663957329026363,0.1068952646213508
ar,full_trajectory,Middle third,fit,0.227512372775252,0.10710786635836467
ar,full_trajectory,Middle third,fit,0.22838517226024035,0.10732041748597432
ar,full_trajectory,Middle third,fit,0.22925797174522872,0.10753291801622722
ar,full_trajectory,Middle third,fit,0.2301307712302171,0.10774536796116796
ar,full_trajectory,Middle third,fit,0.23100357071520547,0.10795776733283824
ar,full_trajectory,Middle third,fit,0.23187637020019383,0.10817011614327687
ar,full_trajectory,Middle third,fit,0.2327491696851822,0.1083824144045199
ar,full_trajectory,Middle third,fit,0.23362196917017058,0.10859466212860058
ar,full_trajectory,Middle third,fit,0.23449476865515895,0.10880685932754897
ar,full_trajectory,Middle third,fit,0.2353675681401473,0.10901900601339265
ar,full_trajectory,Middle third,fit,0.2362403676251357,0.10923110219815602
ar,full_trajectory,Middle third,fit,0.23711316711012406,0.10944314789386078
ar,full_trajectory,Middle third,fit,0.23798596659511242,0.10965514311252589
ar,full_trajectory,Middle third,fit,0.2388587660801008,0.10986708786616717
ar,full_trajectory,Middle third,fit,0.23973156556508918,0.11007898216679768
ar,full_trajectory,Middle third,fit,0.24060436505007754,0.1102908260264277
ar,full_trajectory,Middle third,fit,0.24147716453506593,0.11050261945706474
ar,full_trajectory,Middle third,fit,0.2423499640200543,0.1107143624707132
ar,full_trajectory,Middle third,fit,0.24322276350504266,0.1109260550793747
ar,full_trajectory,Middle third,fit,0.24409556299003102,0.11113769729504808
ar,full_trajectory,Middle third,fit,0.24496836247501938,0.1113492891297293
ar,full_trajectory,Middle third,fit,0.24584116196000774,0.11156083059541144
ar,full_trajectory,Middle third,fit,0.2467139614449961,0.11177232170408469
ar,full_trajectory,Middle third,fit,0.24758676092998447,0.11198376246773656
ar,full_trajectory,Middle third,fit,0.24845956041497289,0.11219515289835147
ar,full_trajectory,Middle third,fit,0.24933235989996125,0.11240649300791117
ar,full_trajectory,Middle third,fit,0.2502051593849496,0.1126177828083943
ar,full_trajectory,Middle third,fit,0.251077958869938,0.11282902231177705
ar,full_trajectory,Middle third,fit,0.2519507583549263,0.11304021153003252
ar,full_trajectory,Middle third,fit,0.2528235578399147,0.11325135047513091
ar,full_trajectory,Middle third,fit,0.25369635732490303,0.11346243915903953
ar,full_trajectory,Middle third,fit,0.25456915680989145,0.11367347759372326
ar,full_trajectory,Middle third,fit,0.25544195629487987,0.11388446579114353
ar,full_trajectory,Middle third,fit,0.2563147557798682,0.11409540376325933
ar,full_trajectory,Middle third,fit,0.2571875552648566,0.11430629152202676
ar,full_trajectory,Middle third,fit,0.2580603547498449,0.11451712907939882
ar,full_trajectory,Middle third,fit,0.2589331542348333,0.11472791644732605
ar,full_trajectory,Middle third,fit,0.2598059537198216,0.1149386536377558
ar,full_trajectory,Middle third,fit,0.26067875320481004,0.11514934066263272
ar,full_trajectory,Middle third,fit,0.26155155268979846,0.11535997753389882
ar,full_trajectory,Middle third,fit,0.26242435217478677,0.11557056426349277
ar,full_trajectory,Middle third,fit,0.2632971516597752,0.11578110086335092
ar,full_trajectory,Middle third,fit,0.2641699511447635,0.11599158734540638
ar,full_trajectory,Middle third,fit,0.2650427506297519,0.11620202372158972
ar,full_trajectory,Middle third,fit,0.2659155501147402,0.11641241000382851
ar,full_trajectory,Middle third,fit,0.26678834959972864,0.11662274620404756
ar,full_trajectory,Middle third,fit,0.26766114908471694,0.11683303233416864
ar,full_trajectory,Middle third,fit,0.26853394856970536,0.1170432684061109
ar,full_trajectory,Middle third,fit,0.2694067480546938,0.11725345443179058
ar,full_trajectory,Middle third,fit,0.2702795475396821,0.11746359042312116
ar,full_trajectory,Middle third,fit,0.2711523470246705,0.1176736763920132
ar,full_trajectory,Middle third,fit,0.2720251465096588,0.11788371235037431
ar,full_trajectory,Middle third,fit,0.27289794599464723,0.11809369831010952
ar,full_trajectory,Middle third,fit,0.27377074547963554,0.11830363428312096
ar,full_trajectory,Middle third,fit,0.27464354496462395,0.11851352028130768
ar,full_trajectory,Middle third,fit,0.27551634444961237,0.11872335631656616
ar,full_trajectory,Middle third,fit,0.2763891439346007,0.11893314240079
ar,full_trajectory,Middle third,fit,0.2772619434195891,0.11914287854587002
ar,full_trajectory,Middle third,fit,0.2781347429045774,0.11935256476369394
ar,full_trajectory,Middle third,fit,0.2790075423895658,0.11956220106614701
ar,full_trajectory,Middle third,fit,0.27988034187455413,0.11977178746511141
ar,full_trajectory,Middle third,fit,0.28075314135954255,0.11998132397246652
ar,full_trajectory,Middle third,fit,0.28162594084453096,0.12019081060008896
ar,full_trajectory,Middle third,fit,0.28249874032951927,0.12040024735985255
ar,full_trajectory,Middle third,fit,0.2833715398145077,0.12060963426362814
ar,full_trajectory,Middle third,fit,0.284244339299496,0.12081897132328401
ar,full_trajectory,Middle third,fit,0.2851171387844844,0.12102825855068522
ar,full_trajectory,Middle third,fit,0.2859899382694727,0.1212374959576944
ar,full_trajectory,Middle third,fit,0.28686273775446114,0.12144668355617116
ar,full_trajectory,Middle third,fit,0.28773553723944945,0.12165582135797226
ar,full_trajectory,Middle third,fit,0.28860833672443786,0.12186490937495187
ar,full_trajectory,Middle third,fit,0.2894811362094263,0.12207394761896095
ar,full_trajectory,Middle third,fit,0.2903539356944146,0.12228293610184793
ar,full_trajectory,Middle third,fit,0.291226735179403,0.12249187483545831
ar,full_trajectory,Middle third,fit,0.2920995346643913,0.12270076383163486
ar,full_trajectory,Middle third,fit,0.29297233414937973,0.12290960310221755
ar,full_trajectory,Middle third,fit,0.29384513363436804,0.12311839265904323
ar,full_trajectory,Middle third,fit,0.29471793311935646,0.12332713251394645
ar,full_trajectory,Middle third,fit,0.2955907326043449,0.1235358226787584
ar,full_trajectory,Middle third,fit,0.2964635320893332,0.12374446316530774
ar,full_trajectory,Middle third,fit,0.2973363315743216,0.12395305398542034
ar,full_trajectory,Middle third,fit,0.2982091310593099,0.12416159515091918
ar,full_trajectory,Middle third,fit,0.2990819305442983,0.12437008667362448
ar,full_trajectory,Middle third,fit,0.29995473002928663,0.12457852856535356
ar,full_trajectory,Middle third,fit,0.30082752951427505,0.12478692083792098
ar,full_trajectory,Middle third,fit,0.30170032899926347,0.1249952635031385
ar,full_trajectory,Middle third,fit,0.3025731284842518,0.1252035565728149
ar,full_trajectory,Middle third,fit,0.3034459279692402,0.12541180005875652
ar,full_trajectory,Middle third,fit,0.3043187274542285,0.12561999397276657
ar,full_trajectory,Middle third,fit,0.3051915269392169,0.12582813832664552
ar,full_trajectory,Middle third,fit,0.3060643264242052,0.12603623313219103
ar,full_trajectory,Middle third,fit,0.30693712590919364,0.12624427840119812
ar,full_trajectory,Middle third,fit,0.30780992539418206,0.12645227414545868
ar,full_trajectory,Middle third,fit,0.30868272487917037,0.12666022037676217
ar,full_trajectory,Middle third,fit,0.3095555243641588,0.12686811710689483
ar,full_trajectory,Middle third,fit,0.3104283238491471,0.12707596434764046
ar,full_trajectory,Middle third,fit,0.3113011233341355,0.12728376211077985
ar,full_trajectory,Middle third,fit,0.3121739228191238,0.12749151040809104
ar,full_trajectory,Middle third,fit,0.31304672230411223,0.12769920925134925
ar,full_trajectory,Middle third,fit,0.31391952178910054,0.12790685865232698
ar,full_trajectory,Middle third,fit,0.31479232127408896,0.12811445862279391
ar,full_trajectory,Middle third,fit,0.3156651207590774,0.12832200917451675
ar,full_trajectory,Middle third,fit,0.3165379202440657,0.12852951031925952
ar,full_trajectory,Middle third,fit,0.3174107197290541,0.1287369620687835
ar,full_trajectory,Middle third,fit,0.3182835192140424,0.12894436443484714
ar,full_trajectory,Middle third,fit,0.3191563186990308,0.12915171742920606
ar,full_trajectory,Middle third,fit,0.32002911818401913,0.12935902106361308
ar,full_trajectory,Middle third,fit,0.32090191766900755,0.12956627534981835
ar,full_trajectory,Middle third,fit,0.32177471715399597,0.1297734802995688
ar,full_trajectory,Middle third,fit,0.3226475166389843,0.12998063592460918
ar,full_trajectory,Middle third,fit,0.3235203161239727,0.13018774223668106
ar,full_trajectory,Middle third,fit,0.324393115608961,0.13039479924752317
ar,full_trajectory,Middle third,fit,0.3252659150939494,0.1306018069688717
ar,full_trajectory,Middle third,fit,0.3261387145789377,0.13080876541245978
ar,full_trajectory,Middle third,fit,0.32701151406392615,0.13101567459001806
ar,full_trajectory,Middle third,fit,0.32788431354891456,0.13122253451327415
ar,full_trajectory,Middle third,fit,0.32875711303390287,0.13142934519395277
ar,full_trajectory,Middle third,fit,0.3296299125188913,0.13163610664377623
ar,full_trajectory,Middle third,fit,0.3305027120038796,0.1318428188744637
ar,full_trajectory,Middle third,fit,0.331375511488868,0.1320494818977318
ar,full_trajectory,Middle third,fit,0.3322483109738563,0.13225609572529418
ar,full_trajectory,Middle third,fit,0.33312111045884474,0.13246266036886178
ar,full_trajectory,Middle third,fit,0.33399390994383304,0.1326691758401427
ar,full_trajectory,Middle third,fit,0.33486670942882146,0.13287564215084247
ar,full_trajectory,Middle third,fit,0.3357395089138099,0.13308205931266348
ar,full_trajectory,Middle third,fit,0.3366123083987982,0.13328842733730561
ar,full_trajectory,Middle third,fit,0.3374851078837866,0.13349474623646596
ar,full_trajectory,Middle third,fit,0.3383579073687749,0.13370101602183848
ar,full_trajectory,Middle third,fit,0.33923070685376333,0.13390723670511484
ar,full_trajectory,Middle third,fit,0.34010350633875164,0.13411340829798357
ar,full_trajectory,Middle third,fit,0.34097630582374006,0.13431953081213066
ar,full_trajectory,Middle third,fit,0.3418491053087285,0.1345256042592391
ar,full_trajectory,Middle third,fit,0.3427219047937168,0.1347316286509893
ar,full_trajectory,Middle third,fit,0.3435947042787052,0.13493760399905863
ar,full_trajectory,Middle third,fit,0.3444675037636935,0.13514353031512183
ar,full_trajectory,Middle third,fit,0.3453403032486819,0.13534940761085112
ar,full_trajectory,Middle third,fit,0.34621310273367023,0.1355552358979154
ar,full_trajectory,Middle third,fit,0.34708590221865865,0.13576101518798134
ar,full_trajectory,Middle third,fit,0.34795870170364707,0.13596674549271237
ar,full_trajectory,Middle third,fit,0.3488315011886354,0.1361724268237694
ar,full_trajectory,Middle third,fit,0.3497043006736238,0.13637805919281054
ar,full_trajectory,Middle third,fit,0.3505771001586121,0.13658364261149103
ar,full_trajectory,Middle third,fit,0.3514498996436005,0.13678917709146354
ar,full_trajectory,Middle third,fit,0.3523226991285888,0.13699466264437765
ar,full_trajectory,Middle third,fit,0.35319549861357724,0.1372000992818806
ar,full_trajectory,Middle third,fit,0.35406829809856555,0.13740548701561628
ar,full_trajectory,Middle third,fit,0.35494109758355397,0.1376108258572264
ar,full_trajectory,Middle third,fit,0.3558138970685424,0.13781611581834952
ar,full_trajectory,Middle third,fit,0.3566866965535307,0.13802135691062145
ar,full_trajectory,Middle third,fit,0.3575594960385191,0.13822654914567556
ar,full_trajectory,Middle third,fit,0.3584322955235074,0.13843169253514198
ar,full_trajectory,Middle third,fit,0.35930509500849583,0.13863678709064842
ar,full_trajectory,Middle third,fit,0.36017789449348414,0.13884183282381957
ar,full_trajectory,Middle third,fit,0.36105069397847256,0.1390468297462777
ar,full_trajectory,Middle third,fit,0.361923493463461,0.13925177786964194
ar,full_trajectory,Middle third,fit,0.3627962929484493,0.1394566772055289
ar,full_trajectory,Middle third,fit,0.3636690924334377,0.13966152776555218
ar,full_trajectory,Middle third,fit,0.364541891918426,0.13986632956132294
ar,full_trajectory,Middle third,fit,0.3654146914034144,0.14007108260444945
ar,full_trajectory,Middle third,fit,0.36628749088840273,0.14027578690653697
ar,full_trajectory,Middle third,fit,0.36716029037339115,0.14048044247918834
ar,full_trajectory,Middle third,fit,0.36803308985837957,0.1406850493340035
ar,full_trajectory,Middle third,fit,0.3689058893433679,0.14088960748257962
ar,full_trajectory,Middle third,fit,0.3697786888283563,0.14109411693651108
ar,full_trajectory,Middle third,fit,0.3706514883133446,0.14129857770738952
ar,full_trajectory,Middle third,fit,0.371524287798333,0.14150298980680398
ar,full_trajectory,Middle third,fit,0.3723970872833213,0.14170735324634054
ar,full_trajectory,Middle third,fit,0.37326988676830974,0.14191166803758248
ar,full_trajectory,Middle third,fit,0.37414268625329805,0.14211593419211044
ar,full_trajectory,Middle third,fit,0.37501548573828647,0.14232015172150247
ar,full_trajectory,Middle third,fit,0.3758882852232749,0.14252432063733356
ar,full_trajectory,Middle third,fit,0.3767610847082632,0.14272844095117598
ar,full_trajectory,Middle third,fit,0.3776338841932516,0.1429325126745994
ar,full_trajectory,Middle third,fit,0.3785066836782399,0.14313653581917074
ar,full_trajectory,Middle third,fit,0.37937948316322834,0.14334051039645412
ar,full_trajectory,Middle third,fit,0.38025228264821664,0.14354443641801073
ar,full_trajectory,Middle third,fit,0.38112508213320506,0.14374831389539933
ar,full_trajectory,Middle third,fit,0.3819978816181935,0.14395214284017555
ar,full_trajectory,Middle third,fit,0.3828706811031818,0.1441559232638927
ar,full_trajectory,Middle third,extrapolation,0.3828706811031818,0.1441559232638927
ar,full_trajectory,Middle third,extrapolation,0.41476597770338763,0.15156962441576205
ar,full_trajectory,Middle third,extrapolation,0.4466612743035935,0.15891910479861138
ar,full_trajectory,Middle third,extrapolation,0.47855657090379927,0.16620492072123827
ar,full_trajectory,Middle third,extrapolation,0.5104518675040051,0.17342762367344666
ar,full_trajectory,Middle third,extrapolation,0.542347164104211,0.18058776036779112
ar,full_trajectory,Middle third,extrapolation,0.5742424607044168,0.18768587278095938
ar,full_trajectory,Middle third,extrapolation,0.6061377573046226,0.1947224981947968
ar,full_trajectory,Middle third,extrapolation,0.6380330539048285,0.20169816923697503
ar,full_trajectory,Middle third,extrapolation,0.6699283505050343,0.20861341392130794
ar,full_trajectory,Middle third,extrapolation,0.7018236471052401,0.21546875568772017
ar,full_trajectory,Middle third,extrapolation,0.7337189437054459,0.22226471344186705
ar,full_trajectory,Middle third,extrapolation,0.7656142403056518,0.22900180159441308
ar,full_trajectory,Middle third,extrapolation,0.7975095369058576,0.23568053009996903
ar,full_trajectory,Middle third,extrapolation,0.8294048335060634,0.24230140449569293
ar,full_trajectory,Middle third,extrapolation,0.8613001301062693,0.24886492593955534
ar,full_trajectory,Middle third,extrapolation,0.8931954267064751,0.25537159124827424
ar,full_trajectory,Middle third,extrapolation,0.925090723306681,0.26182189293492075
ar,full_trajectory,Middle third,extrapolation,0.9569860199068868,0.26821631924619915
ar,full_trajectory,Middle third,extrapolation,0.9888813165070927,0.27455535419940413
ar,full_trajectory,Middle third,extrapolation,1.0207766131072984,0.2808394776190579
ar,full_trajectory,Middle third,extrapolation,1.0526719097075041,0.28706916517322967
ar,full_trajectory,Middle third,extrapolation,1.08456720630771,0.29324488840954077
ar,full_trajectory,Middle third,extrapolation,1.116462502907916,0.29936711479085787
ar,full_trajectory,Middle third,extrapolation,1.1483577995081218,0.30543630773067665
ar,full_trajectory,Middle third,extrapolation,1.1802530961083275,0.3114529266281998
ar,full_trajectory,Middle third,extrapolation,1.2121483927085335,0.31741742690311003
ar,full_trajectory,Middle third,extrapolation,1.2440436893087394,0.3233302600300427
ar,full_trajectory,Middle third,extrapolation,1.2759389859089452,0.3291918735727596
ar,full_trajectory,Middle third,extrapolation,1.307834282509151,0.3350027112180266
ar,full_trajectory,Middle third,extrapolation,1.3397295791093566,0.34076321280919797
ar,full_trajectory,Middle third,extrapolation,1.3716248757095626,0.3464738143795095
ar,full_trajectory,Middle third,extrapolation,1.4035201723097686,0.35213494818508406
ar,full_trajectory,Middle third,extrapolation,1.4354154689099743,0.35774704273764946
ar,full_trajectory,Middle third,extrapolation,1.46731076551018,0.3633105228369755
ar,full_trajectory,Middle third,extrapolation,1.4992060621103858,0.36882580960302747
ar,full_trajectory,Middle third,extrapolation,1.531101358710592,0.3742933205078428
ar,full_trajectory,Middle third,extrapolation,1.5629966553107977,0.3797134694071307
ar,full_trajectory,Middle third,extrapolation,1.5948919519110034,0.38508666657159896
ar,full_trajectory,Middle third,extrapolation,1.6267872485112091,0.3904133187180081
ar,full_trajectory,Middle third,extrapolation,1.6586825451114153,0.39569382903995787
ar,full_trajectory,Middle third,extrapolation,1.690577841711621,0.4009285972384059
ar,full_trajectory,Middle third,extrapolation,1.7224731383118268,0.4061180195519227
ar,full_trajectory,Middle third,extrapolation,1.7543684349120325,0.4112624887866849
ar,full_trajectory,Middle third,extrapolation,1.7862637315122383,0.41636239434620737
ar,full_trajectory,Middle third,extrapolation,1.8181590281124445,0.4214181222608191
ar,full_trajectory,Middle third,extrapolation,1.8500543247126502,0.42643005521688293
ar,full_trajectory,Middle third,extrapolation,1.881949621312856,0.43139857258576264
ar,full_trajectory,Middle third,extrapolation,1.9138449179130617,0.4363240504525392
ar,full_trajectory,Middle third,extrapolation,1.9457402145132674,0.4412068616444773
ar,full_trajectory,Middle third,extrapolation,1.9776355111134736,0.4460473757592469
ar,full_trajectory,Middle third,extrapolation,2.0095308077136793,0.4508459591928985
ar,full_trajectory,Middle third,extrapolation,2.041426104313885,0.4556029751675976
ar,full_trajectory,Middle third,extrapolation,2.073321400914091,0.4603187837591184
ar,full_trajectory,Middle third,extrapolation,2.105216697514297,0.46499374192409837
ar,full_trajectory,Middle third,extrapolation,2.1371119941145027,0.4696282035270589
ar,full_trajectory,Middle third,extrapolation,2.1690072907147084,0.4742225193671892
ar,full_trajectory,Middle third,extrapolation,2.200902587314914,0.47877703720490083
ar,full_trajectory,Middle third,extrapolation,2.23279788391512,0.48329210178814996
ar,full_trajectory,Middle third,extrapolation,2.264693180515326,0.48776805487853325
ar,full_trajectory,Middle third,extrapolation,2.296588477115532,0.49220523527715654
ar,full_trajectory,Middle third,extrapolation,2.3284837737157376,0.4966039788502803
ar,full_trajectory,Middle third,extrapolation,2.3603790703159433,0.5009646185547423
ar,full_trajectory,Middle third,extrapolation,2.3922743669161495,0.5052874844631607
ar,full_trajectory,Middle third,extrapolation,2.424169663516355,0.5095729037889178
ar,full_trajectory,Middle third,extrapolation,2.456064960116561,0.5138212009109286
ar,full_trajectory,Middle third,extrapolation,2.4879602567167667,0.5180326973981941
ar,full_trajectory,Middle third,extrapolation,2.519855553316973,0.5222077120341417
ar,full_trajectory,Middle third,extrapolation,2.5517508499171786,0.5263465608407557
ar,full_trajectory,Middle third,extrapolation,2.5836461465173843,0.530449557102497
ar,full_trajectory,Middle third,extrapolation,2.61554144311759,0.5345170113900184
ar,full_trajectory,Middle third,extrapolation,2.6474367397177963,0.5385492315836711
ar,full_trajectory,Middle third,extrapolation,2.679332036318002,0.5425465228968106
ar,full_trajectory,Middle third,extrapolation,2.7112273329182077,0.5465091878988987
ar,full_trajectory,Middle third,extrapolation,2.7431226295184135,0.5504375265384062
ar,full_trajectory,Middle third,extrapolation,2.775017926118619,0.5543318361655174
ar,full_trajectory,Middle third,extrapolation,2.8069132227188254,0.558192411554637
ar,full_trajectory,Middle third,extrapolation,2.838808519319031,0.5620195449267033
ar,full_trajectory,Middle third,extrapolation,2.870703815919237,0.5658135259713069
ar,full_trajectory,Middle third,extrapolation,2.9025991125194426,0.5695746418686191
ar,full_trajectory,Middle third,extrapolation,2.9344944091196488,0.5733031773111286
ar,full_trajectory,Middle third,extrapolation,2.9663897057198545,0.5769994145251918
ar,full_trajectory,Middle third,extrapolation,2.9982850023200602,0.5806636332923947
ar,full_trajectory,Middle third,extrapolation,3.030180298920266,0.5842961109707318
ar,full_trajectory,Middle third,extrapolation,3.0620755955204717,0.5878971225155989
ar,full_trajectory,Middle third,extrapolation,3.093970892120678,0.5914669405006066
ar,full_trajectory,Middle third,extrapolation,3.1258661887208836,0.5950058351382115
ar,full_trajectory,Middle third,extrapolation,3.1577614853210894,0.5985140743001703
ar,full_trajectory,Middle third,extrapolation,3.189656781921295,0.6019919235378159
ar,full_trajectory,Middle third,extrapolation,3.221552078521501,0.6054396461021573
ar,full_trajectory,Middle third,extrapolation,3.253447375121707,0.6088575029638066
ar,full_trajectory,Middle third,extrapolation,3.2853426717219127,0.6122457528327327
ar,full_trajectory,Middle third,extrapolation,3.3172379683221185,0.6156046521778439
ar,full_trajectory,Middle third,extrapolation,3.349133264922324,0.6189344552464011
ar,full_trajectory,Middle third,extrapolation,3.3810285615225304,0.6222354140832624
ar,full_trajectory,Middle third,extrapolation,3.412923858122736,0.6255077785499618
ar,full_trajectory,Middle third,extrapolation,3.444819154722942,0.6287517963436215
ar,full_trajectory,Middle third,extrapolation,3.4767144513231476,0.6319677130157018
ar,full_trajectory,Middle third,extrapolation,3.5086097479233533,0.6351557719905865
ar,full_trajectory,Middle third,extrapolation,3.5405050445235595,0.6383162145840104
ar,full_trajectory,Middle third,extrapolation,3.5724003411237653,0.6414492800213234
ar,full_trajectory,Middle third,extrapolation,3.604295637723971,0.6445552054555999
ar,full_trajectory,Middle third,extrapolation,3.6361909343241767,0.6476342259855887
ar,full_trajectory,Middle third,extrapolation,3.668086230924383,0.6506865746735092
ar,full_trajectory,Middle third,extrapolation,3.6999815275245886,0.6537124825626923
ar,full_trajectory,Middle third,extrapolation,3.7318768241247944,0.6567121786950691
ar,full_trajectory,Middle third,extrapolation,3.763772120725,0.659685890128508
ar,full_trajectory,Middle third,extrapolation,3.795667417325206,0.6626338419540011
ar,full_trajectory,Middle third,extrapolation,3.827562713925412,0.6655562573127027
ar,full_trajectory,Middle third,extrapolation,3.8594580105256178,0.6684533574128193
ar,full_trajectory,Middle third,extrapolation,3.8913533071258235,0.6713253615463536
ar,full_trajectory,Middle third,extrapolation,3.9232486037260292,0.674172487105704
ar,full_trajectory,Middle third,extrapolation,3.955143900326235,0.6769949496001193
ar,full_trajectory,Middle third,extrapolation,3.987039196926441,0.6797929626720116
ar,full_trajectory,Middle third,extrapolation,4.018934493526647,0.6825667381131276
ar,full_trajectory,Middle third,extrapolation,4.050829790126852,0.6853164858805798
ar,full_trajectory,Middle third,extrapolation,4.082725086727058,0.6880424141127393
ar,full_trajectory,Middle third,extrapolation,4.1146203833272645,0.6907447291449902
ar,full_trajectory,Middle third,extrapolation,4.14651567992747,0.6934236355253476
ar,full_trajectory,Middle third,extrapolation,4.178410976527676,0.6960793360299413
ar,full_trajectory,Middle third,extrapolation,4.210306273127881,0.6987120316783642
ar,full_trajectory,Middle third,extrapolation,4.2422015697280875,0.7013219217488884
ar,full_trajectory,Middle third,extrapolation,4.274096866328294,0.7039092037935489
ar,full_trajectory,Middle third,extrapolation,4.305992162928499,0.7064740736530976
ar,full_trajectory,Middle third,extrapolation,4.337887459528705,0.7090167254718266
ar,full_trajectory,Middle third,extrapolation,4.36978275612891,0.7115373517122643
ar,full_trajectory,Middle third,extrapolation,4.401678052729117,0.7140361431697432
ar,full_trajectory,Middle third,extrapolation,4.433573349329322,0.7165132889868417
ar,full_trajectory,Middle third,extrapolation,4.465468645929528,0.7189689766677019
ar,full_trajectory,Middle third,extrapolation,4.497363942529734,0.7214033920922209
ar,full_trajectory,Middle third,extrapolation,4.5292592391299396,0.7238167195301225
ar,full_trajectory,Middle third,extrapolation,4.561154535730146,0.7262091416549039
ar,full_trajectory,Middle third,extrapolation,4.593049832330351,0.7285808395576636
ar,full_trajectory,Middle third,extrapolation,4.624945128930557,0.7309319927608087
ar,full_trajectory,Middle third,extrapolation,4.656840425530763,0.7332627792316432
ar,full_trajectory,Middle third,extrapolation,4.688735722130969,0.7355733753958398
ar,full_trajectory,Middle third,extrapolation,4.720631018731175,0.7378639561507934
ar,full_trajectory,Middle third,extrapolation,4.75252631533138,0.7401346948788602
ar,full_trajectory,Middle third,extrapolation,4.784421611931586,0.7423857634604817
ar,full_trajectory,Middle third,extrapolation,4.8163169085317925,0.7446173322871944
ar,full_trajectory,Middle third,extrapolation,4.848212205131998,0.7468295702745278
ar,full_trajectory,Middle third,extrapolation,4.880107501732204,0.7490226448747902
ar,full_trajectory,Middle third,extrapolation,4.91200279833241,0.7511967220897438
ar,full_trajectory,Middle third,extrapolation,4.9438980949326155,0.7533519664831694
ar,full_trajectory,Middle third,extrapolation,4.975793391532822,0.7554885411933241
ar,full_trajectory,Middle third,extrapolation,5.007688688133027,0.7576066079452883
ar,full_trajectory,Middle third,extrapolation,5.039583984733233,0.7597063270632085
ar,full_trajectory,Middle third,extrapolation,5.071479281333439,0.7617878574824319
ar,full_trajectory,Middle third,extrapolation,5.103374577933645,0.7638513567615376
ar,full_trajectory,Middle third,extrapolation,5.135269874533851,0.765896981094262
ar,full_trajectory,Middle third,extrapolation,5.167165171134056,0.7679248853213221
ar,full_trajectory,Middle third,extrapolation,5.199060467734262,0.7699352229421362
ar,full_trajectory,Middle third,extrapolation,5.230955764334468,0.7719281461264423
ar,full_trajectory,Middle third,extrapolation,5.262851060934674,0.7739038057258167
ar,full_trajectory,Middle third,extrapolation,5.29474635753488,0.7758623512850923
ar,full_trajectory,Middle third,extrapolation,5.326641654135085,0.7778039310536782
ar,full_trajectory,Middle third,extrapolation,5.358536950735291,0.7797286919967819
ar,full_trajectory,Middle third,extrapolation,5.3904322473354975,0.7816367798065322
ar,full_trajectory,Middle third,extrapolation,5.422327543935703,0.7835283389130088
ar,full_trajectory,Middle third,extrapolation,5.454222840535909,0.7854035124951735
ar,full_trajectory,Middle third,extrapolation,5.486118137136115,0.7872624424917086
ar,full_trajectory,Middle third,extrapolation,5.5180134337363205,0.7891052696117605
ar,full_trajectory,Middle third,extrapolation,5.549908730336527,0.7909321333455905
ar,full_trajectory,Middle third,extrapolation,5.581804026936732,0.7927431719751336
ar,full_trajectory,Middle third,extrapolation,5.613699323536938,0.7945385225844649
ar,full_trajectory,Middle third,extrapolation,5.645594620137144,0.7963183210701766
ar,full_trajectory,Middle third,extrapolation,5.67748991673735,0.7980827021516645
ar,full_trajectory,Middle third,extrapolation,5.709385213337556,0.7998317993813252
ar,full_trajectory,Middle third,extrapolation,5.741280509937761,0.8015657451546647
ar,full_trajectory,Middle third,extrapolation,5.773175806537967,0.8032846707203211
ar,full_trajectory,Middle third,extrapolation,5.805071103138173,0.8049887061899978
ar,full_trajectory,Middle third,extrapolation,5.836966399738379,0.8066779805483136
ar,full_trajectory,Middle third,extrapolation,5.868861696338585,0.8083526216625649
ar,full_trajectory,Middle third,extrapolation,5.90075699293879,0.8100127562924048
ar,full_trajectory,Middle third,extrapolation,5.932652289538996,0.8116585100994382
ar,full_trajectory,Middle third,extrapolation,5.9645475861392026,0.8132900076567335
ar,full_trajectory,Middle third,extrapolation,5.996442882739408,0.8149073724582517
ar,full_trajectory,Middle third,extrapolation,6.028338179339614,0.8165107269281944
ar,full_trajectory,Middle third,extrapolation,6.060233475939819,0.8181001924302703
ar,full_trajectory,Middle third,extrapolation,6.0921287725400255,0.8196758892768822
ar,full_trajectory,Middle third,extrapolation,6.124024069140232,0.8212379367382331
ar,full_trajectory,Middle third,extrapolation,6.155919365740437,0.8227864530513546
ar,full_trajectory,Middle third,extrapolation,6.187814662340643,0.8243215554290568
ar,full_trajectory,Middle third,extrapolation,6.219709958940849,0.8258433600688007
ar,full_trajectory,Middle third,extrapolation,6.251605255541055,0.8273519821614925
ar,full_trajectory,Middle third,extrapolation,6.283500552141261,0.8288475359002048
ar,full_trajectory,Middle third,extrapolation,6.315395848741466,0.8303301344888179
ar,full_trajectory,Middle third,extrapolation,6.347291145341672,0.8317998901505909
ar,full_trajectory,Middle third,extrapolation,6.3791864419418784,0.8332569141366547
ar,full_trajectory,Middle third,extrapolation,6.411081738542084,0.8347013167344336
ar,full_trajectory,Middle third,extrapolation,6.44297703514229,0.8361332072759934
ar,full_trajectory,Middle third,extrapolation,6.474872331742495,0.837552694146317
ar,full_trajectory,Middle third,extrapolation,6.506767628342701,0.8389598847915083
ar,full_trajectory,Middle third,extrapolation,6.538662924942908,0.8403548857269258
ar,full_trajectory,Middle third,extrapolation,6.570558221543113,0.8417378025452443
ar,full_trajectory,Middle third,extrapolation,6.602453518143319,0.8431087399244481
ar,full_trajectory,Middle third,extrapolation,6.634348814743524,0.8444678016357544
ar,full_trajectory,Middle third,extrapolation,6.6662441113437305,0.8458150905514681
ar,full_trajectory,Middle third,extrapolation,6.698139407943937,0.8471507086527685
ar,full_trajectory,Middle third,extrapolation,6.730034704544142,0.8484747570374287
ar,full_trajectory,Middle third,extrapolation,6.761930001144348,0.8497873359274678
ar,full_trajectory,Middle third,extrapolation,6.7938252977445535,0.8510885446767378
ar,full_trajectory,Middle third,extrapolation,6.82572059434476,0.8523784817784431
ar,full_trajectory,Middle third,extrapolation,6.857615890944966,0.8536572448725964
ar,full_trajectory,Middle third,extrapolation,6.889511187545171,0.8549249307534094
ar,full_trajectory,Middle third,extrapolation,6.921406484145377,0.8561816353766192
ar,full_trajectory,Middle third,extrapolation,6.9533017807455835,0.8574274538667518
ar,full_trajectory,Middle third,extrapolation,6.985197077345789,0.8586624805243224
ar,full_trajectory,Middle third,extrapolation,7.017092373945995,0.8598868088329733
ar,full_trajectory,Middle third,extrapolation,7.0489876705462,0.8611005314665499
ar,full_trajectory,Middle third,extrapolation,7.080882967146406,0.8623037402961157
ar,full_trajectory,Middle third,extrapolation,7.112778263746613,0.8634965263969063
ar,full_trajectory,Middle third,extrapolation,7.144673560346818,0.8646789800552231
ar,full_trajectory,Middle third,extrapolation,7.176568856947024,0.8658511907752677
ar,full_trajectory,Middle third,extrapolation,7.208464153547229,0.8670132472859163
ar,full_trajectory,Middle third,extrapolation,7.2403594501474355,0.8681652375474366
ar,full_trajectory,Middle third,extrapolation,7.272254746747642,0.869307248758145
ar,full_trajectory,Middle third,extrapolation,7.304150043347847,0.8704393673610076
ar,full_trajectory,Middle third,extrapolation,7.336045339948053,0.8715616790501832
ar,full_trajectory,Middle third,extrapolation,7.3679406365482585,0.8726742687775096
ar,full_trajectory,Middle third,extrapolation,7.399835933148465,0.8737772207589345
ar,full_trajectory,Middle third,extrapolation,7.431731229748671,0.8748706184808891
ar,full_trajectory,Middle third,extrapolation,7.463626526348876,0.8759545447066086
ar,full_trajectory,Middle third,extrapolation,7.495521822949082,0.877029081482396
ar,full_trajectory,Middle third,extrapolation,7.527417119549288,0.878094310143833
ar,full_trajectory,Middle third,extrapolation,7.559312416149494,0.8791503113219363
ar,full_trajectory,Middle third,extrapolation,7.5912077127497,0.880197164949261
ar,full_trajectory,Middle third,extrapolation,7.623103009349905,0.8812349502659511
ar,full_trajectory,Middle third,extrapolation,7.654998305950111,0.8822637458257371
ar,full_trajectory,Middle third,extrapolation,7.686893602550318,0.883283629501882
ar,full_trajectory,Middle third,extrapolation,7.718788899150523,0.8842946784930765
ar,full_trajectory,Middle third,extrapolation,7.750684195750729,0.885296969329282
ar,full_trajectory,Middle third,extrapolation,7.782579492350934,0.886290577877523
ar,full_trajectory,Middle third,extrapolation,7.814474788951141,0.8872755793476303
ar,full_trajectory,Middle third,extrapolation,7.846370085551347,0.8882520482979342
ar,full_trajectory,Middle third,extrapolation,7.878265382151552,0.8892200586409071
ar,full_trajectory,Middle third,extrapolation,7.910160678751758,0.8901796836487591
ar,full_trajectory,Middle third,extrapolation,7.9420559753519635,0.8911309959589837
ar,full_trajectory,Middle third,extrapolation,7.97395127195217,0.8920740675798563
ar,full_trajectory,Middle third,extrapolation,8.005846568552377,0.8930089698958847
ar,full_trajectory,Middle third,extrapolation,8.037741865152581,0.8939357736732124
ar,full_trajectory,Middle third,extrapolation,8.069637161752787,0.8948545490649752
ar,full_trajectory,Middle third,extrapolation,8.101532458352994,0.8957653656166111
ar,full_trajectory,Middle third,extrapolation,8.1334277549532,0.8966682922711249
ar,full_trajectory,Middle third,extrapolation,8.165323051553406,0.8975633973743065
ar,full_trajectory,Middle third,extrapolation,8.19721834815361,0.898450748679904
ar,full_trajectory,Middle third,extrapolation,8.229113644753816,0.8993304133547527
ar,full_trajectory,Middle third,extrapolation,8.261008941354023,0.9002024579838589
ar,full_trajectory,Middle third,extrapolation,8.292904237954229,0.9010669485754401
ar,full_trajectory,Middle third,extrapolation,8.324799534554435,0.9019239505659211
ar,full_trajectory,Middle third,extrapolation,8.35669483115464,0.9027735288248875
ar,full_trajectory,Middle third,extrapolation,8.388590127754846,0.903615747659996
ar,full_trajectory,Middle third,extrapolation,8.420485424355052,0.9044506708218413
ar,full_trajectory,Middle third,extrapolation,8.452380720955258,0.9052783615087827
ar,full_trajectory,Middle third,extrapolation,8.484276017555462,0.906098882371727
ar,full_trajectory,Middle third,extrapolation,8.516171314155669,0.9069122955188711
ar,full_trajectory,Middle third,extrapolation,8.548066610755875,0.9077186625204031
ar,full_trajectory,Middle third,extrapolation,8.57996190735608,0.9085180444131629
ar,full_trajectory,Middle third,extrapolation,8.611857203956287,0.9093105017052621
ar,full_trajectory,Middle third,extrapolation,8.643752500556491,0.9100960943806642
ar,full_trajectory,Middle third,extrapolation,8.675647797156698,0.910874881903725
ar,full_trajectory,Middle third,extrapolation,8.707543093756904,0.9116469232236938
ar,full_trajectory,Middle third,extrapolation,8.73943839035711,0.9124122767791752
ar,full_trajectory,Middle third,extrapolation,8.771333686957316,0.9131710005025528
ar,full_trajectory,Middle third,extrapolation,8.80322898355752,0.913923151824374
ar,full_trajectory,Middle third,extrapolation,8.835124280157727,0.9146687876776974
ar,full_trajectory,Middle third,extrapolation,8.867019576757933,0.9154079645024022
ar,full_trajectory,Middle third,extrapolation,8.89891487335814,0.9161407382494605
ar,full_trajectory,Middle third,extrapolation,8.930810169958345,0.9168671643851719
ar,full_trajectory,Middle third,extrapolation,8.96270546655855,0.9175872978953624
ar,full_trajectory,Middle third,extrapolation,8.994600763158756,0.9183011932895467
ar,full_trajectory,Middle third,extrapolation,9.026496059758962,0.9190089046050536
ar,full_trajectory,Middle third,extrapolation,9.058391356359168,0.9197104854111166
ar,full_trajectory,Middle third,extrapolation,9.090286652959374,0.9204059888129286
ar,full_trajectory,Middle third,extrapolation,9.122181949559579,0.921095467455662
ar,full_trajectory,Middle third,extrapolation,9.154077246159785,0.9217789735284534
ar,full_trajectory,Middle third,extrapolation,9.185972542759991,0.9224565587683538
ar,full_trajectory,Middle third,extrapolation,9.217867839360197,0.9231282744642447
ar,full_trajectory,Middle third,extrapolation,9.249763135960404,0.9237941714607211
ar,full_trajectory,Middle third,extrapolation,9.28165843256061,0.9244543001619389
ar,full_trajectory,Middle third,extrapolation,9.313553729160814,0.9251087105354314
ar,full_trajectory,Middle third,extrapolation,9.34544902576102,0.9257574521158907
ar,full_trajectory,Middle third,extrapolation,9.377344322361227,0.9264005740089172
ar,full_trajectory,Middle third,extrapolation,9.409239618961433,0.9270381248947374
ar,full_trajectory,Middle third,extrapolation,9.441134915561639,0.9276701530318874
ar,full_trajectory,Middle third,extrapolation,9.473030212161843,0.9282967062608669
ar,full_trajectory,Middle third,extrapolation,9.50492550876205,0.9289178320077599
ar,full_trajectory,Middle third,extrapolation,9.536820805362256,0.9295335772878245
ar,full_trajectory,Middle third,extrapolation,9.568716101962462,0.9301439887090517
ar,full_trajectory,Middle third,extrapolation,9.600611398562668,0.9307491124756936
ar,full_trajectory,Middle third,extrapolation,9.632506695162872,0.9313489943917603
ar,full_trajectory,Middle third,extrapolation,9.664401991763079,0.9319436798644878
ar,full_trajectory,Middle third,extrapolation,9.696297288363285,0.9325332139077739
ar,full_trajectory,Middle third,extrapolation,9.728192584963491,0.9331176411455862
ar,full_trajectory,Middle third,extrapolation,9.760087881563697,0.9336970058153397
ar,full_trajectory,Middle third,extrapolation,9.791983178163902,0.9342713517712453
ar,full_trajectory,Middle third,extrapolation,9.823878474764108,0.9348407224876294
ar,full_trajectory,Middle third,extrapolation,9.855773771364314,0.9354051610622243
ar,full_trajectory,Middle third,extrapolation,9.88766906796452,0.9359647102194307
ar,full_trajectory,Middle third,extrapolation,9.919564364564726,0.9365194123135516
ar,full_trajectory,Middle third,extrapolation,9.95145966116493,0.9370693093319983
ar,full_trajectory,Middle third,extrapolation,9.983354957765137,0.9376144428984682
ar,full_trajectory,Middle third,extrapolation,10.015250254365343,0.9381548542760961
ar,full_trajectory,Middle third,extrapolation,10.04714555096555,0.9386905843705771
ar,full_trajectory,Middle third,extrapolation,10.079040847565755,0.939221673733263
ar,full_trajectory,Middle third,extrapolation,10.11093614416596,0.9397481625642318
ar,full_trajectory,Middle third,extrapolation,10.142831440766166,0.9402700907153306
ar,full_trajectory,Middle third,extrapolation,10.174726737366372,0.9407874976931924
ar,full_trajectory,Middle third,extrapolation,10.206622033966578,0.9413004226622255
ar,full_trajectory,Middle third,extrapolation,10.238517330566784,0.9418089044475793
ar,full_trajectory,Middle third,extrapolation,10.270412627166989,0.9423129815380825
ar,full_trajectory,Middle third,extrapolation,10.302307923767195,0.9428126920891563
ar,full_trajectory,Middle third,extrapolation,10.334203220367401,0.9433080739257027
ar,full_trajectory,Middle third,extrapolation,10.366098516967607,0.9437991645449678
ar,full_trajectory,Middle third,extrapolation,10.397993813567814,0.9442860011193798
ar,full_trajectory,Middle third,extrapolation,10.429889110168018,0.9447686204993628
ar,full_trajectory,Middle third,extrapolation,10.461784406768224,0.9452470592161262
ar,full_trajectory,Middle third,extrapolation,10.49367970336843,0.94572135348443
ar,full_trajectory,Middle third,extrapolation,10.525574999968637,0.9461915392053255
ar,full_trajectory,Middle third,extrapolation,10.557470296568843,0.9466576519688737
ar,full_trajectory,Middle third,extrapolation,10.589365593169049,0.9471197270568383
ar,full_trajectory,Middle third,extrapolation,10.621260889769253,0.9475777994453567
ar,full_trajectory,Middle third,extrapolation,10.65315618636946,0.9480319038075878
ar,full_trajectory,Middle third,extrapolation,10.685051482969666,0.9484820745163359
ar,full_trajectory,Middle third,extrapolation,10.716946779569872,0.948928345646653
ar,full_trajectory,Middle third,extrapolation,10.748842076170078,0.9493707509784176
ar,full_trajectory,Middle third,extrapolation,10.780737372770282,0.9498093239988924
ar,full_trajectory,Middle third,extrapolation,10.812632669370489,0.9502440979052581
ar,full_trajectory,Middle third,extrapolation,10.844527965970695,0.950675105607127
ar,full_trajectory,Middle third,extrapolation,10.876423262570901,0.9511023797290334
ar,full_trajectory,Middle third,extrapolation,10.908318559171107,0.9515259526129038
ar,full_trajectory,Middle third,extrapolation,10.940213855771312,0.9519458563205044
ar,full_trajectory,Middle third,extrapolation,10.972109152371518,0.9523621226358681
ar,full_trajectory,Middle third,extrapolation,11.004004448971724,0.9527747830677005
ar,full_trajectory,Middle third,extrapolation,11.03589974557193,0.9531838688517646
ar,full_trajectory,Middle third,extrapolation,11.067795042172136,0.9535894109532457
ar,full_trajectory,Middle third,extrapolation,11.09969033877234,0.9539914400690948
ar,full_trajectory,Middle third,extrapolation,11.131585635372547,0.954389986630352
ar,full_trajectory,Middle third,extrapolation,11.163480931972753,0.9547850808044508
ar,full_trajectory,Middle third,extrapolation,11.19537622857296,0.9551767524975004
ar,full_trajectory,Middle third,extrapolation,11.227271525173165,0.9555650313565505
ar,full_trajectory,Middle third,extrapolation,11.25916682177337,0.9559499467718344
ar,full_trajectory,Middle third,extrapolation,11.291062118373576,0.9563315278789947
ar,full_trajectory,Middle third,extrapolation,11.322957414973782,0.9567098035612879
ar,full_trajectory,Middle third,extrapolation,11.354852711573988,0.9570848024517706
ar,full_trajectory,Middle third,extrapolation,11.386748008174195,0.9574565529354678
ar,full_trajectory,Middle third,extrapolation,11.418643304774399,0.9578250831515204
ar,full_trajectory,Middle third,extrapolation,11.450538601374605,0.9581904209953154
ar,full_trajectory,Middle third,extrapolation,11.482433897974811,0.9585525941205981
ar,full_trajectory,Middle third,extrapolation,11.514329194575017,0.9589116299415644
ar,full_trajectory,Middle third,extrapolation,11.546224491175224,0.9592675556349365
ar,full_trajectory,Middle third,extrapolation,11.578119787775428,0.9596203981420195
ar,full_trajectory,Middle third,extrapolation,11.610015084375634,0.9599701841707412
ar,full_trajectory,Middle third,extrapolation,11.64191038097584,0.9603169401976734
ar,full_trajectory,Middle third,extrapolation,11.673805677576047,0.9606606924700362
ar,full_trajectory,Middle third,extrapolation,11.705700974176253,0.9610014670076843
ar,full_trajectory,Middle third,extrapolation,11.737596270776457,0.9613392896050772
ar,full_trajectory,Middle third,extrapolation,11.769491567376663,0.9616741858332313
ar,full_trajectory,Middle third,extrapolation,11.80138686397687,0.9620061810416554
ar,full_trajectory,Middle third,extrapolation,11.833282160577076,0.9623353003602696
ar,full_trajectory,Middle third,extrapolation,11.865177457177282,0.9626615687013076
ar,full_trajectory,Middle third,extrapolation,11.897072753777486,0.9629850107612021
ar,full_trajectory,Middle third,extrapolation,11.928968050377692,0.9633056510224547
ar,full_trajectory,Middle third,extrapolation,11.960863346977899,0.9636235137554883
ar,full_trajectory,Middle third,extrapolation,11.992758643578105,0.9639386230204847
ar,full_trajectory,Middle third,extrapolation,12.024653940178311,0.964251002669206
ar,full_trajectory,Middle third,extrapolation,12.056549236778517,0.9645606763467995
ar,full_trajectory,Middle third,extrapolation,12.088444533378722,0.9648676674935879
ar,full_trajectory,Middle third,extrapolation,12.120339829978928,0.9651719993468432
ar,full_trajectory,Middle third,extrapolation,12.152235126579134,0.965473694942546
ar,full_trajectory,Middle third,extrapolation,12.18413042317934,0.9657727771171289
ar,full_trajectory,Middle third,extrapolation,12.216025719779546,0.9660692685092056
ar,full_trajectory,Middle third,extrapolation,12.24792101637975,0.9663631915612835
ar,full_trajectory,Middle third,extrapolation,12.279816312979957,0.9666545685214634
ar,full_trajectory,Middle third,extrapolation,12.311711609580163,0.966943421445123
ar,full_trajectory,Middle third,extrapolation,12.34360690618037,0.9672297721965868
ar,full_trajectory,Middle third,extrapolation,12.375502202780575,0.9675136424507804
ar,full_trajectory,Middle third,extrapolation,12.40739749938078,0.9677950536948718
ar,full_trajectory,Middle third,extrapolation,12.439292795980986,0.968074027229898
ar,full_trajectory,Middle third,extrapolation,12.471188092581192,0.9683505841723763
ar,full_trajectory,Middle third,extrapolation,12.503083389181398,0.9686247454559036
ar,full_trajectory,Middle third,extrapolation,12.534978685781605,0.9688965318327409
ar,full_trajectory,Middle third,extrapolation,12.566873982381809,0.9691659638753837
ar,full_trajectory,Middle third,extrapolation,12.598769278982015,0.9694330619781194
ar,full_trajectory,Middle third,extrapolation,12.630664575582221,0.9696978463585713
ar,full_trajectory,Middle third,extrapolation,12.662559872182428,0.9699603370592282
ar,full_trajectory,Middle third,extrapolation,12.694455168782634,0.9702205539489626
ar,full_trajectory,Middle third,extrapolation,12.726350465382838,0.9704785167245332
ar,full_trajectory,Middle third,extrapolation,12.758245761983044,0.9707342449120775
ar,full_trajectory,Middle third,extrapolation,12.79014105858325,0.9709877578685883
ar,full_trajectory,Middle third,extrapolation,12.822036355183457,0.9712390747833799
ar,full_trajectory,Middle third,extrapolation,12.853931651783663,0.97148821467954
ar,full_trajectory,Middle third,extrapolation,12.885826948383867,0.9717351964153701
ar,full_trajectory,Middle third,extrapolation,12.917722244984073,0.9719800386858124
ar,full_trajectory,Middle third,extrapolation,12.94961754158428,0.9722227600238657
ar,full_trajectory,Middle third,extrapolation,12.981512838184486,0.9724633788019872
ar,full_trajectory,Middle third,extrapolation,13.013408134784692,0.9727019132334842
ar,full_trajectory,Middle third,extrapolation,13.045303431384896,0.9729383813738919
ar,full_trajectory,Middle third,extrapolation,13.077198727985103,0.9731728011223406
ar,full_trajectory,Middle third,extrapolation,13.109094024585309,0.9734051902229105
ar,full_trajectory,Middle third,extrapolation,13.140989321185515,0.9736355662659745
ar,full_trajectory,Middle third,extrapolation,13.172884617785721,0.9738639466895298
ar,full_trajectory,Middle third,extrapolation,13.204779914385925,0.9740903487805183
ar,full_trajectory,Middle third,extrapolation,13.236675210986132,0.9743147896761344
ar,full_trajectory,Middle third,extrapolation,13.268570507586338,0.9745372863651227
ar,full_trajectory,Middle third,extrapolation,13.300465804186544,0.9747578556890637
ar,full_trajectory,Middle third,extrapolation,13.33236110078675,0.9749765143436487
ar,full_trajectory,Middle third,extrapolation,13.364256397386956,0.9751932788799434
ar,full_trajectory,Middle third,extrapolation,13.39615169398716,0.9754081657056409
ar,full_trajectory,Middle third,extrapolation,13.428046990587367,0.9756211910863037
ar,full_trajectory,Middle third,extrapolation,13.459942287187573,0.9758323711465945
ar,full_trajectory,Middle third,extrapolation,13.49183758378778,0.9760417218714973
ar,full_trajectory,Middle third,extrapolation,13.523732880387985,0.9762492591075268
ar,full_trajectory,Middle third,extrapolation,13.55562817698819,0.9764549985639285
ar,full_trajectory,Middle third,extrapolation,13.587523473588396,0.9766589558138672
ar,full_trajectory,Middle third,extrapolation,13.619418770188602,0.9768611462956059
ar,full_trajectory,Middle third,extrapolation,13.651314066788808,0.977061585313675
ar,full_trajectory,Middle third,extrapolation,13.683209363389015,0.9772602880400298
ar,full_trajectory,Middle third,extrapolation,13.715104659989219,0.9774572695151996
ar,full_trajectory,Middle third,extrapolation,13.746999956589425,0.9776525446494259
ar,full_trajectory,Middle third,extrapolation,13.778895253189631,0.9778461282237911
ar,full_trajectory,Middle third,extrapolation,13.810790549789838,0.9780380348913374
ar,full_trajectory,Middle third,extrapolation,13.842685846390044,0.9782282791781757
ar,full_trajectory,Middle third,extrapolation,13.874581142990248,0.9784168754845852
ar,full_trajectory,Middle third,extrapolation,13.906476439590454,0.9786038380861038
ar,full_trajectory,Middle third,extrapolation,13.93837173619066,0.9787891811346082
ar,full_trajectory,Middle third,extrapolation,13.970267032790867,0.9789729186593851
ar,full_trajectory,Middle third,extrapolation,14.002162329391073,0.9791550645681935
ar,full_trajectory,Middle third,extrapolation,14.034057625991277,0.979335632648317
ar,full_trajectory,Middle third,extrapolation,14.065952922591483,0.9795146365676082
ar,full_trajectory,Middle third,extrapolation,14.09784821919169,0.9796920898755219
ar,full_trajectory,Middle third,extrapolation,14.129743515791896,0.979868006004142
ar,full_trajectory,Middle third,extrapolation,14.161638812392102,0.9800423982691977
ar,full_trajectory,Middle third,extrapolation,14.193534108992306,0.9802152798710714
ar,full_trajectory,Middle third,extrapolation,14.225429405592513,0.9803866638957978
ar,full_trajectory,Middle third,extrapolation,14.257324702192719,0.9805565633160546
ar,full_trajectory,Middle third,extrapolation,14.289219998792925,0.9807249909921446
ar,full_trajectory,Middle third,extrapolation,14.321115295393131,0.9808919596729688
ar,full_trajectory,Middle third,extrapolation,14.353010591993336,0.9810574819969916
ar,full_trajectory,Middle third,extrapolation,14.384905888593542,0.9812215704931972
ar,full_trajectory,Middle third,extrapolation,14.416801185193748,0.9813842375820387
ar,full_trajectory,Middle third,extrapolation,14.448696481793954,0.9815454955763773
ar,full_trajectory,Middle third,extrapolation,14.48059177839416,0.9817053566824147
ar,full_trajectory,Middle third,extrapolation,14.512487074994365,0.9818638330006173
ar,full_trajectory,Middle third,extrapolation,14.54438237159457,0.9820209365266317
ar,full_trajectory,Middle third,extrapolation,14.576277668194777,0.9821766791521931
ar,full_trajectory,Middle third,extrapolation,14.608172964794983,0.982331072666025
ar,full_trajectory,Middle third,extrapolation,14.64006826139519,0.9824841287547319
ar,full_trajectory,Middle third,extrapolation,14.671963557995394,0.9826358590036837
ar,full_trajectory,Middle third,extrapolation,14.7038588545956,0.9827862748978925
ar,full_trajectory,Last third,fit,0.397111120217792,0.2302432346422667
ar,full_trajectory,Last third,fit,0.3973331757037435,0.23055532548676305
ar,full_trajectory,Last third,fit,0.397555231189695,0.2308672897968791
ar,full_trajectory,Last third,fit,0.3977772866756465,0.231179127623917
ar,full_trajectory,Last third,fit,0.397999342161598,0.23149083901915857
ar,full_trajectory,Last third,fit,0.39822139764754955,0.23180242403386409
ar,full_trajectory,Last third,fit,0.39844345313350105,0.23211388271927347
ar,full_trajectory,Last third,fit,0.39866550861945255,0.23242521512660563
ar,full_trajectory,Last third,fit,0.39888756410540405,0.23273642130705907
ar,full_trajectory,Last third,fit,0.39910961959135555,0.23304750131181118
ar,full_trajectory,Last third,fit,0.39933167507730705,0.23335845519201892
ar,full_trajectory,Last third,fit,0.39955373056325855,0.23366928299881817
ar,full_trajectory,Last third,fit,0.39977578604921005,0.23397998478332427
ar,full_trajectory,Last third,fit,0.3999978415351616,0.234290560596632
ar,full_trajectory,Last third,fit,0.4002198970211131,0.23460101048981485
ar,full_trajectory,Last third,fit,0.4004419525070646,0.23491133451392632
ar,full_trajectory,Last third,fit,0.4006640079930161,0.2352215327199988
ar,full_trajectory,Last third,fit,0.4008860634789676,0.23553160515904392
ar,full_trajectory,Last third,fit,0.4011081189649191,0.2358415518820528
ar,full_trajectory,Last third,fit,0.4013301744508706,0.236151372939996
ar,full_trajectory,Last third,fit,0.4015522299368221,0.2364610683838233
ar,full_trajectory,Last third,fit,0.40177428542277366,0.23677063826446365
ar,full_trajectory,Last third,fit,0.40199634090872516,0.23708008263282543
ar,full_trajectory,Last third,fit,0.40221839639467666,0.2373894015397966
ar,full_trajectory,Last third,fit,0.40244045188062816,0.23769859503624435
ar,full_trajectory,Last third,fit,0.40266250736657966,0.23800766317301514
ar,full_trajectory,Last third,fit,0.40288456285253116,0.23831660600093485
ar,full_trajectory,Last third,fit,0.40310661833848266,0.23862542357080907
ar,full_trajectory,Last third,fit,0.40332867382443416,0.2389341159334223
ar,full_trajectory,Last third,fit,0.4035507293103857,0.23924268313953867
ar,full_trajectory,Last third,fit,0.4037727847963372,0.23955112523990185
ar,full_trajectory,Last third,fit,0.4039948402822887,0.2398594422852347
ar,full_trajectory,Last third,fit,0.4042168957682402,0.24016763432623978
ar,full_trajectory,Last third,fit,0.4044389512541917,0.24047570141359886
ar,full_trajectory,Last third,fit,0.4046610067401432,0.24078364359797333
ar,full_trajectory,Last third,fit,0.4048830622260947,0.2410914609300039
ar,full_trajectory,Last third,fit,0.4051051177120462,0.24139915346031082
ar,full_trajectory,Last third,fit,0.40532717319799777,0.24170672123949377
ar,full_trajectory,Last third,fit,0.40554922868394927,0.24201416431813205
ar,full_trajectory,Last third,fit,0.40577128416990077,0.24232148274678422
ar,full_trajectory,Last third,fit,0.40599333965585227,0.24262867657598863
ar,full_trajectory,Last third,fit,0.40621539514180377,0.24293574585626287
ar,full_trajectory,Last third,fit,0.40643745062775527,0.24324269063810422
ar,full_trajectory,Last third,fit,0.40665950611370677,0.2435495109719895
ar,full_trajectory,Last third,fit,0.40688156159965827,0.24385620690837484
ar,full_trajectory,Last third,fit,0.4071036170856098,0.2441627784976962
ar,full_trajectory,Last third,fit,0.4073256725715613,0.2444692257903689
ar,full_trajectory,Last third,fit,0.4075477280575128,0.24477554883678787
ar,full_trajectory,Last third,fit,0.4077697835434643,0.2450817476873276
ar,full_trajectory,Last third,fit,0.4079918390294158,0.24538782239234225
ar,full_trajectory,Last third,fit,0.4082138945153673,0.24569377300216555
ar,full_trajectory,Last third,fit,0.4084359500013188,0.24599959956711048
ar,full_trajectory,Last third,fit,0.4086580054872703,0.24630530213747015
ar,full_trajectory,Last third,fit,0.4088800609732218,0.246610880763517
ar,full_trajectory,Last third,fit,0.4091021164591734,0.24691633549550318
ar,full_trajectory,Last third,fit,0.4093241719451249,0.24722166638366017
ar,full_trajectory,Last third,fit,0.4095462274310764,0.24752687347819946
ar,full_trajectory,Last third,fit,0.4097682829170279,0.24783195682931203
ar,full_trajectory,Last third,fit,0.4099903384029794,0.24813691648716862
ar,full_trajectory,Last third,fit,0.4102123938889309,0.24844175250191936
ar,full_trajectory,Last third,fit,0.4104344493748824,0.24874646492369423
ar,full_trajectory,Last third,fit,0.4106565048608339,0.24905105380260306
ar,full_trajectory,Last third,fit,0.41087856034678544,0.2493555191887351
ar,full_trajectory,Last third,fit,0.41110061583273694,0.2496598611321591
ar,full_trajectory,Last third,fit,0.41132267131868844,0.24996407968292422
ar,full_trajectory,Last third,fit,0.41154472680463994,0.25026817489105857
ar,full_trajectory,Last third,fit,0.41176678229059144,0.25057214680657036
ar,full_trajectory,Last third,fit,0.41198883777654294,0.2508759954794475
ar,full_trajectory,Last third,fit,0.41221089326249444,0.25117972095965757
ar,full_trajectory,Last third,fit,0.41243294874844594,0.25148332329714795
ar,full_trajectory,Last third,fit,0.4126550042343975,0.2517868025418457
ar,full_trajectory,Last third,fit,0.412877059720349,0.2520901587436576
ar,full_trajectory,Last third,fit,0.4130991152063005,0.25239339195247035
ar,full_trajectory,Last third,fit,0.413321170692252,0.2526965022181503
ar,full_trajectory,Last third,fit,0.4135432261782035,0.25299948959054375
ar,full_trajectory,Last third,fit,0.413765281664155,0.2533023541194763
ar,full_trajectory,Last third,fit,0.4139873371501065,0.2536050958547541
ar,full_trajectory,Last third,fit,0.414209392636058,0.2539077148461626
ar,full_trajectory,Last third,fit,0.41443144812200955,0.2542102111434671
ar,full_trajectory,Last third,fit,0.41465350360796105,0.2545125847964129
ar,full_trajectory,Last third,fit,0.41487555909391255,0.254814835854725
ar,full_trajectory,Last third,fit,0.41509761457986405,0.25511696436810816
ar,full_trajectory,Last third,fit,0.41531967006581555,0.25541897038624717
ar,full_trajectory,Last third,fit,0.41554172555176705,0.2557208539588067
ar,full_trajectory,Last third,fit,0.41576378103771855,0.2560226151354311
ar,full_trajectory,Last third,fit,0.41598583652367005,0.25632425396574476
ar,full_trajectory,Last third,fit,0.4162078920096216,0.25662577049935176
ar,full_trajectory,Last third,fit,0.4164299474955731,0.2569271647858363
ar,full_trajectory,Last third,fit,0.4166520029815246,0.25722843687476227
ar,full_trajectory,Last third,fit,0.4168740584674761,0.2575295868156735
ar,full_trajectory,Last third,fit,0.4170961139534276,0.257830614658094
ar,full_trajectory,Last third,fit,0.4173181694393791,0.2581315204515273
ar,full_trajectory,Last third,fit,0.4175402249253306,0.25843230424545716
ar,full_trajectory,Last third,fit,0.4177622804112821,0.2587329660893469
ar,full_trajectory,Last third,fit,0.4179843358972336,0.2590335060326405
ar,full_trajectory,Last third,fit,0.41820639138318516,0.2593339241247612
ar,full_trajectory,Last third,fit,0.41842844686913666,0.2596342204151124
ar,full_trajectory,Last third,fit,0.41865050235508816,0.25993439495307746
ar,full_trajectory,Last third,fit,0.41887255784103966,0.26023444778801985
ar,full_trajectory,Last third,fit,0.41909461332699116,0.2605343789692831
ar,full_trajectory,Last third,fit,0.41931666881294266,0.26083418854619045
ar,full_trajectory,Last third,fit,0.41953872429889416,0.2611338765680451
ar,full_trajectory,Last third,fit,0.4197607797848457,0.26143344308413086
ar,full_trajectory,Last third,fit,0.4199828352707972,0.26173288814371076
ar,full_trajectory,Last third,fit,0.4202048907567487,0.2620322117960282
ar,full_trajectory,Last third,fit,0.4204269462427002,0.262331414090307
ar,full_trajectory,Last third,fit,0.4206490017286517,0.2626304950757504
ar,full_trajectory,Last third,fit,0.4208710572146032,0.26292945480154206
ar,full_trajectory,Last third,fit,0.4210931127005547,0.2632282933168454
ar,full_trajectory,Last third,fit,0.4213151681865062,0.2635270106708044
ar,full_trajectory,Last third,fit,0.4215372236724577,0.26382560691254275
ar,full_trajectory,Last third,fit,0.4217592791584093,0.2641240820911642
ar,full_trajectory,Last third,fit,0.4219813346443608,0.2644224362557527
ar,full_trajectory,Last third,fit,0.4222033901303123,0.2647206694553722
ar,full_trajectory,Last third,fit,0.4224254456162638,0.265018781739067
ar,full_trajectory,Last third,fit,0.4226475011022153,0.26531677315586133
ar,full_trajectory,Last third,fit,0.4228695565881668,0.2656146437547594
ar,full_trajectory,Last third,fit,0.4230916120741183,0.26591239358474605
ar,full_trajectory,Last third,fit,0.4233136675600698,0.26621002269478566
ar,full_trajectory,Last third,fit,0.42353572304602133,0.2665075311338231
ar,full_trajectory,Last third,fit,0.42375777853197283,0.2668049189507833
ar,full_trajectory,Last third,fit,0.42397983401792433,0.2671021861945714
ar,full_trajectory,Last third,fit,0.42420188950387583,0.2673993329140727
ar,full_trajectory,Last third,fit,0.42442394498982733,0.2676963591581527
ar,full_trajectory,Last third,fit,0.42464600047577883,0.267993264975657
ar,full_trajectory,Last third,fit,0.42486805596173033,0.26829005041541154
ar,full_trajectory,Last third,fit,0.42509011144768183,0.26858671552622226
ar,full_trajectory,Last third,fit,0.4253121669336334,0.2688832603568755
ar,full_trajectory,Last third,fit,0.4255342224195849,0.26917968495613775
ar,full_trajectory,Last third,fit,0.4257562779055364,0.26947598937275574
ar,full_trajectory,Last third,fit,0.4259783333914879,0.26977217365545647
ar,full_trajectory,Last third,fit,0.4262003888774394,0.27006823785294687
ar,full_trajectory,Last third,fit,0.4264224443633909,0.27036418201391477
ar,full_trajectory,Last third,fit,0.4266444998493424,0.2706600061870277
ar,full_trajectory,Last third,fit,0.4268665553352939,0.2709557104209336
ar,full_trajectory,Last third,fit,0.42708861082124544,0.2712512947642607
ar,full_trajectory,Last third,fit,0.42731066630719694,0.27154675926561767
ar,full_trajectory,Last third,fit,0.42753272179314844,0.2718421039735933
ar,full_trajectory,Last third,fit,0.42775477727909994,0.2721373289367567
ar,full_trajectory,Last third,fit,0.42797683276505144,0.27243243420365726
ar,full_trajectory,Last third,fit,0.42819888825100294,0.2727274198228248
ar,full_trajectory,Last third,fit,0.42842094373695444,0.27302228584276944
ar,full_trajectory,Last third,fit,0.42864299922290594,0.27331703231198146
ar,full_trajectory,Last third,fit,0.4288650547088575,0.27361165927893183
ar,full_trajectory,Last third,fit,0.429087110194809,0.27390616679207136
ar,full_trajectory,Last third,fit,0.4293091656807605,0.27420055489983175
ar,full_trajectory,Last third,fit,0.429531221166712,0.2744948236506246
ar,full_trajectory,Last third,fit,0.4297532766526635,0.27478897309284234
ar,full_trajectory,Last third,fit,0.429975332138615,0.27508300327485746
ar,full_trajectory,Last third,fit,0.4301973876245665,0.27537691424502275
ar,full_trajectory,Last third,fit,0.430419443110518,0.27567070605167177
ar,full_trajectory,Last third,fit,0.4306414985964695,0.2759643787431182
ar,full_trajectory,Last third,fit,0.43086355408242105,0.2762579323676564
ar,full_trajectory,Last third,fit,0.43108560956837255,0.27655136697356053
ar,full_trajectory,Last third,fit,0.43130766505432405,0.2768446826090859
ar,full_trajectory,Last third,fit,0.43152972054027555,0.2771378793224679
ar,full_trajectory,Last third,fit,0.43175177602622705,0.27743095716192256
ar,full_trajectory,Last third,fit,0.43197383151217855,0.27772391617564607
ar,full_trajectory,Last third,fit,0.43219588699813005,0.2780167564118152
ar,full_trajectory,Last third,fit,0.4324179424840816,0.2783094779185875
ar,full_trajectory,Last third,fit,0.4326399979700331,0.2786020807441004
ar,full_trajectory,Last third,fit,0.4328620534559846,0.27889456493647213
ar,full_trajectory,Last third,fit,0.4330841089419361,0.2791869305438017
ar,full_trajectory,Last third,fit,0.4333061644278876,0.2794791776141681
ar,full_trajectory,Last third,fit,0.4335282199138391,0.27977130619563106
ar,full_trajectory,Last third,fit,0.4337502753997906,0.28006331633623105
ar,full_trajectory,Last third,fit,0.4339723308857421,0.2803552080839886
ar,full_trajectory,Last third,fit,0.4341943863716936,0.28064698148690503
ar,full_trajectory,Last third,fit,0.43441644185764516,0.28093863659296237
ar,full_trajectory,Last third,fit,0.43463849734359666,0.2812301734501227
ar,full_trajectory,Last third,fit,0.43486055282954816,0.2815215921063292
ar,full_trajectory,Last third,fit,0.43508260831549966,0.28181289260950526
ar,full_trajectory,Last third,fit,0.43530466380145116,0.28210407500755486
ar,full_trajectory,Last third,fit,0.43552671928740266,0.2823951393483628
ar,full_trajectory,Last third,fit,0.43574877477335416,0.28268608567979425
ar,full_trajectory,Last third,fit,0.4359708302593057,0.28297691404969516
ar,full_trajectory,Last third,fit,0.4361928857452572,0.2832676245058917
ar,full_trajectory,Last third,fit,0.4364149412312087,0.2835582170961911
ar,full_trajectory,Last third,fit,0.4366369967171602,0.2838486918683809
ar,full_trajectory,Last third,fit,0.4368590522031117,0.28413904887022934
ar,full_trajectory,Last third,fit,0.4370811076890632,0.28442928814948554
ar,full_trajectory,Last third,fit,0.4373031631750147,0.2847194097538789
ar,full_trajectory,Last third,fit,0.4375252186609662,0.28500941373111965
ar,full_trajectory,Last third,fit,0.4377472741469177,0.2852993001288985
ar,full_trajectory,Last third,fit,0.4379693296328693,0.28558906899488734
ar,full_trajectory,Last third,fit,0.4381913851188208,0.285878720376738
ar,full_trajectory,Last third,fit,0.4384134406047723,0.2861682543220835
ar,full_trajectory,Last third,fit,0.4386354960907238,0.28645767087853713
ar,full_trajectory,Last third,fit,0.4388575515766753,0.28674697009369365
ar,full_trajectory,Last third,fit,0.4390796070626268,0.28703615201512767
ar,full_trajectory,Last third,fit,0.4393016625485783,0.2873252166903949
ar,full_trajectory,Last third,fit,0.4395237180345298,0.28761416416703167
ar,full_trajectory,Last third,fit,0.4397457735204813,0.2879029944925554
ar,full_trajectory,Last third,fit,0.43996782900643283,0.2881917077144637
ar,full_trajectory,Last third,fit,0.44018988449238433,0.28848030388023504
ar,full_trajectory,Last third,fit,0.44041193997833583,0.2887687830373289
ar,full_trajectory,Last third,fit,0.44063399546428733,0.2890571452331855
ar,full_trajectory,Last third,fit,0.44085605095023883,0.28934539051522556
ar,full_trajectory,Last third,fit,0.44107810643619033,0.28963351893085054
ar,full_trajectory,Last third,fit,0.44130016192214183,0.2899215305274433
ar,full_trajectory,Last third,fit,0.4415222174080934,0.2902094253523668
ar,full_trajectory,Last third,fit,0.4417442728940449,0.29049720345296504
ar,full_trajectory,Last third,fit,0.4419663283799964,0.29078486487656274
ar,full_trajectory,Last third,fit,0.4421883838659479,0.29107240967046577
ar,full_trajectory,Last third,fit,0.4424104393518994,0.2913598378819604
ar,full_trajectory,Last third,fit,0.4426324948378509,0.29164714955831383
ar,full_trajectory,Last third,fit,0.4428545503238024,0.2919343447467744
ar,full_trajectory,Last third,fit,0.4430766058097539,0.2922214234945708
ar,full_trajectory,Last third,fit,0.4432986612957054,0.29250838584891314
ar,full_trajectory,Last third,fit,0.44352071678165694,0.29279523185699186
ar,full_trajectory,Last third,fit,0.44374277226760844,0.29308196156597854
ar,full_trajectory,Last third,fit,0.44396482775355994,0.2933685750230255
ar,full_trajectory,Last third,fit,0.44418688323951144,0.2936550722752662
ar,full_trajectory,Last third,fit,0.44440893872546294,0.2939414533698147
ar,full_trajectory,Last third,fit,0.44463099421141444,0.29422771835376604
ar,full_trajectory,Last third,fit,0.44485304969736594,0.2945138672741964
ar,full_trajectory,Last third,fit,0.4450751051833175,0.2947999001781625
ar,full_trajectory,Last third,fit,0.445297160669269,0.2950858171127021
ar,full_trajectory,Last third,fit,0.4455192161552205,0.29537161812483415
ar,full_trajectory,Last third,fit,0.445741271641172,0.29565730326155815
ar,full_trajectory,Last third,fit,0.4459633271271235,0.29594287256985474
ar,full_trajectory,Last third,fit,0.446185382613075,0.2962283260966856
ar,full_trajectory,Last third,fit,0.4464074380990265,0.29651366388899325
ar,full_trajectory,Last third,fit,0.446629493584978,0.2967988859937011
ar,full_trajectory,Last third,fit,0.4468515490709295,0.2970839924577138
ar,full_trajectory,Last third,fit,0.44707360455688105,0.2973689833279166
ar,full_trajectory,Last third,fit,0.44729566004283255,0.2976538586511761
ar,full_trajectory,Last third,fit,0.44751771552878405,0.29793861847433967
ar,full_trajectory,Last third,fit,0.44773977101473555,0.29822326284423584
ar,full_trajectory,Last third,fit,0.44796182650068705,0.29850779180767395
ar,full_trajectory,Last third,fit,0.44818388198663855,0.2987922054114447
ar,full_trajectory,Last third,fit,0.44840593747259005,0.29907650370231953
ar,full_trajectory,Last third,fit,0.44862799295854155,0.29936068672705085
ar,full_trajectory,Last third,fit,0.44885004844449305,0.2996447545323725
ar,full_trajectory,Last third,fit,0.4490721039304446,0.2999287071649991
ar,full_trajectory,Last third,fit,0.4492941594163961,0.30021254467162617
ar,full_trajectory,Last third,fit,0.4495162149023476,0.3004962670989305
ar,full_trajectory,Last third,fit,0.4497382703882991,0.30077987449357024
ar,full_trajectory,Last third,fit,0.4499603258742506,0.30106336690218405
ar,full_trajectory,Last third,fit,0.4501823813602021,0.3013467443713921
ar,full_trajectory,Last third,fit,0.4504044368461536,0.3016300069477955
ar,full_trajectory,Last third,fit,0.45062649233210517,0.30191315467797664
ar,full_trajectory,Last third,fit,0.45084854781805667,0.30219618760849853
ar,full_trajectory,Last third,fit,0.45107060330400817,0.30247910578590587
ar,full_trajectory,Last third,fit,0.45129265878995967,0.3027619092567242
ar,full_trajectory,Last third,fit,0.45151471427591117,0.3030445980674603
ar,full_trajectory,Last third,fit,0.45173676976186267,0.30332717226460204
ar,full_trajectory,Last third,fit,0.45195882524781417,0.3036096318946183
ar,full_trajectory,Last third,fit,0.45218088073376567,0.30389197700395953
ar,full_trajectory,Last third,fit,0.45240293621971717,0.304174207639057
ar,full_trajectory,Last third,fit,0.4526249917056687,0.30445632384632315
ar,full_trajectory,Last third,fit,0.4528470471916202,0.30473832567215187
ar,full_trajectory,Last third,fit,0.4530691026775717,0.30502021316291783
ar,full_trajectory,Last third,fit,0.4532911581635232,0.3053019863649774
ar,full_trajectory,Last third,fit,0.4535132136494747,0.30558364532466764
ar,full_trajectory,Last third,fit,0.4537352691354262,0.30586519008830726
ar,full_trajectory,Last third,fit,0.4539573246213777,0.3061466207021959
ar,full_trajectory,Last third,fit,0.4541793801073293,0.30642793721261474
ar,full_trajectory,Last third,fit,0.4544014355932808,0.3067091396658256
ar,full_trajectory,Last third,fit,0.4546234910792323,0.3069902281080723
ar,full_trajectory,Last third,fit,0.4548455465651838,0.3072712025855794
ar,full_trajectory,Last third,fit,0.4550676020511353,0.30755206314455275
ar,full_trajectory,Last third,fit,0.4552896575370868,0.3078328098311798
ar,full_trajectory,Last third,fit,0.4555117130230383,0.3081134426916289
ar,full_trajectory,Last third,fit,0.4557337685089898,0.3083939617720498
ar,full_trajectory,Last third,fit,0.4559558239949413,0.30867436711857377
ar,full_trajectory,Last third,fit,0.45617787948089283,0.3089546587773131
ar,full_trajectory,Last third,fit,0.45639993496684433,0.30923483679436126
ar,full_trajectory,Last third,fit,0.45662199045279583,0.3095149012157935
ar,full_trajectory,Last third,fit,0.45684404593874733,0.309794852087666
ar,full_trajectory,Last third,fit,0.45706610142469883,0.31007468945601635
ar,full_trajectory,Last third,fit,0.45728815691065033,0.31035441336686365
ar,full_trajectory,Last third,fit,0.45751021239660183,0.3106340238662081
ar,full_trajectory,Last third,fit,0.4577322678825534,0.31091352100003145
ar,full_trajectory,Last third,fit,0.4579543233685049,0.3111929048142966
ar,full_trajectory,Last third,fit,0.4581763788544564,0.3114721753549481
ar,full_trajectory,Last third,fit,0.4583984343404079,0.31175133266791144
ar,full_trajectory,Last third,fit,0.4586204898263594,0.31203037679909384
ar,full_trajectory,Last third,fit,0.4588425453123109,0.31230930779438404
ar,full_trajectory,Last third,fit,0.4590646007982624,0.31258812569965166
ar,full_trajectory,Last third,fit,0.4592866562842139,0.31286683056074827
ar,full_trajectory,Last third,fit,0.4595087117701654,0.3131454224235063
ar,full_trajectory,Last third,fit,0.45973076725611695,0.3134239013337403
ar,full_trajectory,Last third,fit,0.45995282274206845,0.3137022673372455
ar,full_trajectory,Last third,fit,0.46017487822801995,0.31398052047979885
ar,full_trajectory,Last third,fit,0.46039693371397145,0.31425866080715914
ar,full_trajectory,Last third,fit,0.46061898919992295,0.314536688365066
ar,full_trajectory,Last third,fit,0.46084104468587445,0.3148146031992408
ar,full_trajectory,Last third,fit,0.46106310017182595,0.3150924053553864
ar,full_trajectory,Last third,fit,0.4612851556577775,0.3153700948791871
ar,full_trajectory,Last third,fit,0.46150721114372895,0.3156476718163086
ar,full_trajectory,Last third,fit,0.4617292666296805,0.31592513621239815
ar,full_trajectory,Last third,fit,0.461951322115632,0.3162024881130845
ar,full_trajectory,Last third,fit,0.4621733776015835,0.3164797275639778
ar,full_trajectory,Last third,fit,0.462395433087535,0.31675685461066994
ar,full_trajectory,Last third,fit,0.4626174885734865,0.3170338692987341
ar,full_trajectory,Last third,fit,0.462839544059438,0.317310771673725
ar,full_trajectory,Last third,fit,0.4630615995453895,0.3175875617811791
ar,full_trajectory,Last third,fit,0.46328365503134106,0.31786423966661415
ar,full_trajectory,Last third,fit,0.46350571051729256,0.31814080537552947
ar,full_trajectory,Last third,fit,0.46372776600324406,0.3184172589534061
ar,full_trajectory,Last third,fit,0.46394982148919556,0.3186936004457065
ar,full_trajectory,Last third,fit,0.46417187697514706,0.3189698298978748
ar,full_trajectory,Last third,fit,0.46439393246109856,0.3192459473553366
ar,full_trajectory,Last third,fit,0.46461598794705006,0.31952195286349916
ar,full_trajectory,Last third,fit,0.4648380434330016,0.31979784646775133
ar,full_trajectory,Last third,fit,0.46506009891895306,0.3200736282134634
ar,full_trajectory,Last third,fit,0.4652821544049046,0.32034929814598756
ar,full_trajectory,Last third,fit,0.4655042098908561,0.3206248563106573
ar,full_trajectory,Last third,fit,0.4657262653768076,0.3209003027527879
ar,full_trajectory,Last third,fit,0.4659483208627591,0.3211756375176763
ar,full_trajectory,Last third,fit,0.4661703763487106,0.321450860650601
ar,full_trajectory,Last third,fit,0.4663924318346621,0.3217259721968222
ar,full_trajectory,Last third,fit,0.4666144873206136,0.32200097220158164
ar,full_trajectory,Last third,fit,0.46683654280656517,0.3222758607101027
ar,full_trajectory,Last third,fit,0.4670585982925166,0.32255063776759074
ar,full_trajectory,Last third,fit,0.46728065377846817,0.32282530341923243
ar,full_trajectory,Last third,fit,0.46750270926441967,0.32309985771019634
ar,full_trajectory,Last third,fit,0.46772476475037117,0.32337430068563233
ar,full_trajectory,Last third,fit,0.46794682023632267,0.32364863239067265
ar,full_trajectory,Last third,fit,0.46816887572227417,0.32392285287043066
ar,full_trajectory,Last third,fit,0.46839093120822567,0.3241969621700018
ar,full_trajectory,Last third,fit,0.46861298669417717,0.32447096033446277
ar,full_trajectory,Last third,fit,0.4688350421801287,0.32474484740887266
ar,full_trajectory,Last third,fit,0.4690570976660802,0.3250186234382716
ar,full_trajectory,Last third,fit,0.4692791531520317,0.3252922884676819
ar,full_trajectory,Last third,fit,0.4695012086379832,0.3255658425421074
ar,full_trajectory,Last third,fit,0.4697232641239347,0.325839285706534
ar,full_trajectory,Last third,fit,0.4699453196098862,0.32611261800592894
ar,full_trajectory,Last third,fit,0.4701673750958377,0.32638583948524147
ar,full_trajectory,Last third,fit,0.4703894305817893,0.3266589501894027
ar,full_trajectory,Last third,fit,0.4706114860677407,0.3269319501633252
ar,full_trajectory,Last third,fit,0.4708335415536923,0.3272048394519038
ar,full_trajectory,Last third,fit,0.4710555970396438,0.32747761810001463
ar,full_trajectory,Last third,fit,0.4712776525255953,0.327750286152516
ar,full_trajectory,Last third,fit,0.4714997080115468,0.3280228436542477
ar,full_trajectory,Last third,fit,0.4717217634974983,0.3282952906500317
ar,full_trajectory,Last third,fit,0.4719438189834498,0.3285676271846716
ar,full_trajectory,Last third,fit,0.4721658744694013,0.32883985330295284
ar,full_trajectory,Last third,fit,0.47238792995535284,0.3291119690496428
ar,full_trajectory,Last third,fit,0.47260998544130434,0.3293839744694904
ar,full_trajectory,Last third,fit,0.47283204092725584,0.3296558696072269
ar,full_trajectory,Last third,fit,0.47305409641320734,0.3299276545075651
ar,full_trajectory,Last third,fit,0.47327615189915884,0.3301993292151998
ar,full_trajectory,Last third,fit,0.47349820738511034,0.33047089377480743
ar,full_trajectory,Last third,fit,0.47372026287106184,0.33074234823104665
ar,full_trajectory,Last third,fit,0.4739423183570134,0.33101369262855784
ar,full_trajectory,Last third,fit,0.47416437384296484,0.3312849270119633
ar,full_trajectory,Last third,fit,0.4743864293289164,0.3315560514258673
ar,full_trajectory,Last third,fit,0.4746084848148679,0.3318270659148558
ar,full_trajectory,Last third,fit,0.4748305403008194,0.3320979705234971
ar,full_trajectory,Last third,fit,0.4750525957867709,0.33236876529634096
ar,full_trajectory,Last third,fit,0.4752746512727224,0.3326394502779193
ar,full_trajectory,Last third,fit,0.4754967067586739,0.3329100255127463
ar,full_trajectory,Last third,fit,0.4757187622446254,0.33318049104531744
ar,full_trajectory,Last third,fit,0.47594081773057695,0.3334508469201106
ar,full_trajectory,Last third,fit,0.47616287321652845,0.3337210931815855
ar,full_trajectory,Last third,fit,0.47638492870247995,0.33399122987418395
ar,full_trajectory,Last third,fit,0.47660698418843145,0.33426125704232956
ar,full_trajectory,Last third,fit,0.47682903967438295,0.33453117473042804
ar,full_trajectory,Last third,fit,0.47705109516033445,0.3348009829828671
ar,full_trajectory,Last third,fit,0.47727315064628595,0.33507068184401645
ar,full_trajectory,Last third,fit,0.47749520613223745,0.33534027135822775
ar,full_trajectory,Last third,fit,0.47771726161818895,0.3356097515698345
ar,full_trajectory,Last third,fit,0.4779393171041405,0.335879122523153
ar,full_trajectory,Last third,fit,0.478161372590092,0.3361483842624805
ar,full_trajectory,Last third,fit,0.4783834280760435,0.3364175368320971
ar,full_trajectory,Last third,fit,0.478605483561995,0.3366865802762643
ar,full_trajectory,Last third,fit,0.4788275390479465,0.33695551463922646
ar,full_trajectory,Last third,fit,0.479049594533898,0.3372243399652094
ar,full_trajectory,Last third,fit,0.4792716500198495,0.3374930562984211
ar,full_trajectory,Last third,fit,0.47949370550580106,0.3377616636830517
ar,full_trajectory,Last third,fit,0.4797157609917525,0.3380301621632734
ar,full_trajectory,Last third,fit,0.47993781647770406,0.33829855178324064
ar,full_trajectory,Last third,fit,0.48015987196365556,0.33856683258708964
ar,full_trajectory,Last third,fit,0.48038192744960706,0.3388350046189389
ar,full_trajectory,Last third,fit,0.48060398293555856,0.33910306792288913
ar,full_trajectory,Last third,fit,0.48082603842151006,0.3393710225430231
ar,full_trajectory,Last third,fit,0.48104809390746156,0.3396388685234054
ar,full_trajectory,Last third,fit,0.48127014939341306,0.3399066059080834
ar,full_trajectory,Last third,fit,0.4814922048793646,0.3401742347410861
ar,full_trajectory,Last third,fit,0.4817142603653161,0.3404417550664246
ar,full_trajectory,Last third,fit,0.4819363158512676,0.3407091669280925
ar,full_trajectory,Last third,fit,0.4821583713372191,0.3409764703700654
ar,full_trajectory,Last third,fit,0.4823804268231706,0.34124366543630114
ar,full_trajectory,Last third,fit,0.4826024823091221,0.34151075217073945
ar,full_trajectory,Last third,fit,0.4828245377950736,0.34177773061730266
ar,full_trajectory,Last third,fit,0.48304659328102517,0.3420446008198952
ar,full_trajectory,Last third,fit,0.4832686487669766,0.34231136282240315
ar,full_trajectory,Last third,fit,0.48349070425292817,0.3425780166686958
ar,full_trajectory,Last third,fit,0.48371275973887967,0.34284456240262373
ar,full_trajectory,Last third,fit,0.48393481522483117,0.3431110000680202
ar,full_trajectory,Last third,fit,0.48415687071078267,0.3433773297087007
ar,full_trajectory,Last third,fit,0.48437892619673417,0.3436435513684627
ar,full_trajectory,Last third,fit,0.48460098168268567,0.3439096650910862
ar,full_trajectory,Last third,fit,0.48482303716863717,0.3441756709203333
ar,full_trajectory,Last third,fit,0.4850450926545887,0.3444415688999485
ar,full_trajectory,Last third,fit,0.4852671481405402,0.3447073590736581
ar,full_trajectory,Last third,fit,0.4854892036264917,0.3449730414851714
ar,full_trajectory,Last third,fit,0.4857112591124432,0.3452386161781794
ar,full_trajectory,Last third,fit,0.4859333145983947,0.3455040831963556
ar,full_trajectory,Last third,fit,0.48615537008434623,0.34576944258335585
ar,full_trajectory,Last third,fit,0.48637742557029773,0.3460346943828181
ar,full_trajectory,Last third,fit,0.4865994810562493,0.346299838638363
ar,full_trajectory,Last third,fit,0.48682153654220073,0.3465648753935927
ar,full_trajectory,Last third,fit,0.4870435920281523,0.3468298046920929
ar,full_trajectory,Last third,fit,0.4872656475141038,0.3470946265774306
ar,full_trajectory,Last third,fit,0.4874877030000553,0.34735934109315547
ar,full_trajectory,Last third,fit,0.4877097584860068,0.3476239482827995
ar,full_trajectory,Last third,fit,0.4879318139719583,0.3478884481898772
ar,full_trajectory,Last third,fit,0.4881538694579098,0.3481528408578852
ar,full_trajectory,Last third,fit,0.4883759249438613,0.34841712633030275
ar,full_trajectory,Last third,fit,0.48859798042981284,0.3486813046505912
ar,full_trajectory,Last third,fit,0.4888200359157643,0.34894537586219443
ar,full_trajectory,Last third,fit,0.48904209140171584,0.34920934000853876
ar,full_trajectory,Last third,fit,0.48926414688766734,0.3494731971330326
ar,full_trajectory,Last third,fit,0.48948620237361884,0.34973694727906723
ar,full_trajectory,Last third,fit,0.48970825785957034,0.35000059049001586
ar,full_trajectory,Last third,fit,0.48993031334552184,0.3502641268092346
ar,full_trajectory,Last third,fit,0.49015236883147334,0.3505275562800614
ar,full_trajectory,Last third,fit,0.49037442431742484,0.3507908789458173
ar,full_trajectory,Last third,fit,0.4905964798033764,0.3510540948498053
ar,full_trajectory,Last third,fit,0.4908185352893279,0.35131720403531097
ar,full_trajectory,Last third,fit,0.4910405907752794,0.3515802065456022
ar,full_trajectory,Last third,fit,0.4912626462612309,0.3518431024239297
ar,full_trajectory,Last third,fit,0.4914847017471824,0.35210589171352646
ar,full_trajectory,Last third,fit,0.4917067572331339,0.3523685744576077
ar,full_trajectory,Last third,fit,0.4919288127190854,0.35263115069937134
ar,full_trajectory,Last third,fit,0.49215086820503695,0.352893620481998
ar,full_trajectory,Last third,fit,0.4923729236909884,0.3531559838486503
ar,full_trajectory,Last third,fit,0.49259497917693995,0.35341824084247386
ar,full_trajectory,Last third,fit,0.49281703466289145,0.35368039150659647
ar,full_trajectory,Last third,fit,0.49303909014884295,0.35394243588412844
ar,full_trajectory,Last third,fit,0.49326114563479445,0.35420437401816274
ar,full_trajectory,Last third,fit,0.49348320112074595,0.3544662059517749
ar,full_trajectory,Last third,fit,0.49370525660669745,0.35472793172802286
ar,full_trajectory,Last third,fit,0.49392731209264895,0.35498955138994726
ar,full_trajectory,Last third,fit,0.4941493675786005,0.355251064980571
ar,full_trajectory,Last third,fit,0.494371423064552,0.35551247254289986
ar,full_trajectory,Last third,fit,0.4945934785505035,0.35577377411992195
ar,full_trajectory,Last third,fit,0.494815534036455,0.356034969754608
ar,full_trajectory,Last third,fit,0.4950375895224065,0.3562960594899116
ar,full_trajectory,Last third,fit,0.495259645008358,0.35655704336876837
ar,full_trajectory,Last third,fit,0.4954817004943095,0.3568179214340971
ar,full_trajectory,Last third,fit,0.49570375598026106,0.35707869372879886
ar,full_trajectory,Last third,fit,0.4959258114662125,0.3573393602957572
ar,full_trajectory,Last third,fit,0.49614786695216406,0.3575999211778387
ar,full_trajectory,Last third,fit,0.49636992243811556,0.35786037641789226
ar,full_trajectory,Last third,fit,0.49659197792406706,0.35812072605874945
ar,full_trajectory,Last third,fit,0.49681403341001856,0.35838097014322434
ar,full_trajectory,Last third,extrapolation,0.49681403341001856,0.35838097014322434
ar,full_trajectory,Last third,extrapolation,0.502268697060608,0.36474068978791785
ar,full_trajectory,Last third,extrapolation,0.5077233607111974,0.3710373719725658
ar,full_trajectory,Last third,extrapolation,0.5131780243617868,0.37727164152366854
ar,full_trajectory,Last third,extrapolation,0.5186326880123763,0.38344411707445414
ar,full_trajectory,Last third,extrapolation,0.5240873516629656,0.3895554111262658
ar,full_trajectory,Last third,extrapolation,0.529542015313555,0.39560613010934176
ar,full_trajectory,Last third,extrapolation,0.5349966789641445,0.40159687444299097
ar,full_trajectory,Last third,extrapolation,0.5404513426147339,0.40752823859517395
ar,full_trajectory,Last third,extrapolation,0.5459060062653234,0.4134008111414925
ar,full_trajectory,Last third,extrapolation,0.5513606699159128,0.4192151748235946
ar,full_trajectory,Last third,extrapolation,0.5568153335665021,0.424971906607
ar,full_trajectory,Last third,extrapolation,0.5622699972170916,0.4306715777383542
ar,full_trajectory,Last third,extrapolation,0.567724660867681,0.4363147538021128
ar,full_trajectory,Last third,extrapolation,0.5731793245182705,0.4419019947766656
ar,full_trajectory,Last third,extrapolation,0.5786339881688598,0.44743385508990374
ar,full_trajectory,Last third,extrapolation,0.5840886518194492,0.4529108836742364
ar,full_trajectory,Last third,extrapolation,0.5895433154700387,0.45833362402106137
ar,full_trajectory,Last third,extrapolation,0.5949979791206281,0.4637026142346967
ar,full_trajectory,Last third,extrapolation,0.6004526427712176,0.46901838708577737
ar,full_trajectory,Last third,extrapolation,0.605907306421807,0.4742814700641227
ar,full_trajectory,Last third,extrapolation,0.6113619700723963,0.4794923854310794
ar,full_trajectory,Last third,extrapolation,0.6168166337229858,0.4846516502713468
ar,full_trajectory,Last third,extrapolation,0.6222712973735752,0.48975977654428704
ar,full_trajectory,Last third,extrapolation,0.6277259610241646,0.49481727113472707
ar,full_trajectory,Last third,extrapolation,0.633180624674754,0.4998246359032589
ar,full_trajectory,Last third,extrapolation,0.6386352883253434,0.5047823677360379
ar,full_trajectory,Last third,extrapolation,0.6440899519759329,0.5096909585940909
ar,full_trajectory,Last third,extrapolation,0.6495446156265223,0.5145508955621326
ar,full_trajectory,Last third,extrapolation,0.6549992792771118,0.5193626608969009
ar,full_trajectory,Last third,extrapolation,0.6604539429277012,0.5241267320750103
ar,full_trajectory,Last third,extrapolation,0.6659086065782905,0.5288435818403338
ar,full_trajectory,Last third,extrapolation,0.67136327022888,0.533513678250913
ar,full_trajectory,Last third,extrapolation,0.6768179338794694,0.5381374847254041
ar,full_trajectory,Last third,extrapolation,0.6822725975300588,0.5427154600890637
ar,full_trajectory,Last third,extrapolation,0.6877272611806482,0.5472480586192778
ar,full_trajectory,Last third,extrapolation,0.6931819248312376,0.5517357300906411
ar,full_trajectory,Last third,extrapolation,0.6986365884818271,0.5561789198195886
ar,full_trajectory,Last third,extrapolation,0.7040912521324165,0.5605780687085835
ar,full_trajectory,Last third,extrapolation,0.709545915783006,0.5649336132898704
ar,full_trajectory,Last third,extrapolation,0.7150005794335954,0.5692459857687912
ar,full_trajectory,Last third,extrapolation,0.7204552430841847,0.5735156140666743
ar,full_trajectory,Last third,extrapolation,0.7259099067347742,0.5777429218632972
ar,full_trajectory,Last third,extrapolation,0.7313645703853636,0.5819283286389292
ar,full_trajectory,Last third,extrapolation,0.736819234035953,0.5860722497159556
ar,full_trajectory,Last third,extrapolation,0.7422738976865424,0.5901750963000928
ar,full_trajectory,Last third,extrapolation,0.7477285613371318,0.5942372755211902
ar,full_trajectory,Last third,extrapolation,0.7531832249877213,0.5982591904736323
ar,full_trajectory,Last third,extrapolation,0.7586378886383107,0.6022412402563363
ar,full_trajectory,Last third,extrapolation,0.7640925522889002,0.6061838200123566
ar,full_trajectory,Last third,extrapolation,0.7695472159394896,0.6100873209680946
ar,full_trajectory,Last third,extrapolation,0.7750018795900789,0.6139521304721203
ar,full_trajectory,Last third,extrapolation,0.7804565432406684,0.6177786320336102
ar,full_trajectory,Last third,extrapolation,0.7859112068912577,0.621567205360402
ar,full_trajectory,Last third,extrapolation,0.7913658705418471,0.6253182263966749
ar,full_trajectory,Last third,extrapolation,0.7968205341924366,0.6290320673602535
ar,full_trajectory,Last third,extrapolation,0.802275197843026,0.6327090967795446
ar,full_trajectory,Last third,extrapolation,0.8077298614936155,0.6363496795301058
ar,full_trajectory,Last third,extrapolation,0.8131845251442049,0.6399541768708528
ar,full_trajectory,Last third,extrapolation,0.8186391887947944,0.643522946479908
ar,full_trajectory,Last third,extrapolation,0.8240938524453838,0.6470563424900924
ar,full_trajectory,Last third,extrapolation,0.8295485160959731,0.6505547155240666
ar,full_trajectory,Last third,extrapolation,0.8350031797465626,0.6540184127291249
ar,full_trajectory,Last third,extrapolation,0.8404578433971519,0.6574477778116411
ar,full_trajectory,Last third,extrapolation,0.8459125070477413,0.6608431510711765
ar,full_trajectory,Last third,extrapolation,0.8513671706983308,0.6642048694342471
ar,full_trajectory,Last third,extrapolation,0.8568218343489202,0.6675332664877573
ar,full_trajectory,Last third,extrapolation,0.8622764979995097,0.6708286725121032
ar,full_trajectory,Last third,extrapolation,0.8677311616500991,0.6740914145139448
ar,full_trajectory,Last third,extrapolation,0.8731858253006886,0.6773218162586572
ar,full_trajectory,Last third,extrapolation,0.878640488951278,0.6805201983024565
ar,full_trajectory,Last third,extrapolation,0.8840951526018673,0.6836868780242101
ar,full_trajectory,Last third,extrapolation,0.8895498162524568,0.6868221696569299
ar,full_trajectory,Last third,extrapolation,0.8950044799030461,0.6899263843189543
ar,full_trajectory,Last third,extrapolation,0.9004591435536355,0.6929998300448208
ar,full_trajectory,Last third,extrapolation,0.905913807204225,0.6960428118158322
ar,full_trajectory,Last third,extrapolation,0.9113684708548144,0.6990556315903209
ar,full_trajectory,Last third,extrapolation,0.9168231345054039,0.7020385883336117
ar,full_trajectory,Last third,extrapolation,0.9222777981559933,0.704991978047689
ar,full_trajectory,Last third,extrapolation,0.9277324618065828,0.70791609380057
ar,full_trajectory,Last third,extrapolation,0.9331871254571722,0.7108112257553842
ar,full_trajectory,Last third,extrapolation,0.9386417891077615,0.713677661199169
ar,full_trajectory,Last third,extrapolation,0.944096452758351,0.716515684571376
ar,full_trajectory,Last third,extrapolation,0.9495511164089403,0.7193255774920961
ar,full_trajectory,Last third,extrapolation,0.9550057800595297,0.7221076187900062
ar,full_trajectory,Last third,extrapolation,0.9604604437101192,0.7248620845300363
ar,full_trajectory,Last third,extrapolation,0.9659151073607086,0.7275892480407647
ar,full_trajectory,Last third,extrapolation,0.9713697710112981,0.7302893799415402
ar,full_trajectory,Last third,extrapolation,0.9768244346618875,0.732962748169336
ar,full_trajectory,Last third,extrapolation,0.982279098312477,0.7356096180053375
ar,full_trajectory,Last third,extrapolation,0.9877337619630663,0.7382302521012665
ar,full_trajectory,Last third,extrapolation,0.9931884256136557,0.7408249105054439
ar,full_trajectory,Last third,extrapolation,0.998643089264245,0.7433938506885952
ar,full_trajectory,Last third,extrapolation,1.0040977529148345,0.7459373275693997
ar,full_trajectory,Last third,extrapolation,1.009552416565424,0.7484555935397855
ar,full_trajectory,Last third,extrapolation,1.0150070802160134,0.7509488984899751
ar,full_trajectory,Last third,extrapolation,1.0204617438666028,0.7534174898332828
ar,full_trajectory,Last third,extrapolation,1.0259164075171923,0.7558616125306648
ar,full_trajectory,Last third,extrapolation,1.0313710711677817,0.7582815091150275
ar,full_trajectory,Last third,extrapolation,1.0368257348183711,0.7606774197152943
ar,full_trajectory,Last third,extrapolation,1.0422803984689606,0.7630495820802341
ar,full_trajectory,Last third,extrapolation,1.0477350621195498,0.7653982316020524
ar,full_trajectory,Last third,extrapolation,1.0531897257701393,0.7677236013397507
ar,full_trajectory,Last third,extrapolation,1.0586443894207287,0.7700259220422523
ar,full_trajectory,Last third,extrapolation,1.0640990530713181,0.7723054221713003
ar,full_trajectory,Last third,extrapolation,1.0695537167219076,0.7745623279241278
ar,full_trajectory,Last third,extrapolation,1.075008380372497,0.7767968632559041
ar,full_trajectory,Last third,extrapolation,1.0804630440230865,0.7790092499019571
ar,full_trajectory,Last third,extrapolation,1.085917707673676,0.7811997073997776
ar,full_trajectory,Last third,extrapolation,1.0913723713242653,0.7833684531108033
ar,full_trajectory,Last third,extrapolation,1.0968270349748548,0.7855157022419881
ar,full_trajectory,Last third,extrapolation,1.102281698625444,0.7876416678671572
ar,full_trajectory,Last third,extrapolation,1.1077363622760334,0.7897465609481511
ar,full_trajectory,Last third,extrapolation,1.113191025926623,0.7918305903557591
ar,full_trajectory,Last third,extrapolation,1.1186456895772123,0.7938939628904458
ar,full_trajectory,Last third,extrapolation,1.1241003532278018,0.7959368833028722
ar,full_trajectory,Last third,extrapolation,1.1295550168783912,0.7979595543142132
ar,full_trajectory,Last third,extrapolation,1.1350096805289807,0.7999621766362746
ar,full_trajectory,Last third,extrapolation,1.14046434417957,0.8019449489914087
ar,full_trajectory,Last third,extrapolation,1.1459190078301595,0.8039080681322348
ar,full_trajectory,Last third,extrapolation,1.151373671480749,0.8058517288611625
ar,full_trajectory,Last third,extrapolation,1.1568283351313382,0.8077761240497225
ar,full_trajectory,Last third,extrapolation,1.1622829987819276,0.8096814446577055
ar,full_trajectory,Last third,extrapolation,1.167737662432517,0.8115678797521108
ar,full_trajectory,Last third,extrapolation,1.1731923260831065,0.8134356165259082
ar,full_trajectory,Last third,extrapolation,1.178646989733696,0.8152848403166134
ar,full_trajectory,Last third,extrapolation,1.1841016533842854,0.8171157346246787
ar,full_trajectory,Last third,extrapolation,1.1895563170348749,0.8189284811317024
ar,full_trajectory,Last third,extrapolation,1.1950109806854643,0.8207232597184569
ar,full_trajectory,Last third,extrapolation,1.2004656443360537,0.8225002484827393
ar,full_trajectory,Last third,extrapolation,1.2059203079866432,0.8242596237570426
ar,full_trajectory,Last third,extrapolation,1.2113749716372324,0.8260015601260553
ar,full_trajectory,Last third,extrapolation,1.2168296352878218,0.8277262304439843
ar,full_trajectory,Last third,extrapolation,1.2222842989384113,0.8294338058517077
ar,full_trajectory,Last third,extrapolation,1.2277389625890007,0.8311244557937576
ar,full_trajectory,Last third,extrapolation,1.2331936262395902,0.8327983480351341
ar,full_trajectory,Last third,extrapolation,1.2386482898901796,0.8344556486779525
ar,full_trajectory,Last third,extrapolation,1.244102953540769,0.8360965221779263
ar,full_trajectory,Last third,extrapolation,1.2495576171913585,0.8377211313606859
ar,full_trajectory,Last third,extrapolation,1.255012280841948,0.8393296374379363
ar,full_trajectory,Last third,extrapolation,1.2604669444925374,0.8409222000234539
ar,full_trajectory,Last third,extrapolation,1.2659216081431266,0.8424989771489255
ar,full_trajectory,Last third,extrapolation,1.271376271793716,0.8440601252796299
ar,full_trajectory,Last third,extrapolation,1.2768309354443055,0.845605799329964
ar,full_trajectory,Last third,extrapolation,1.282285599094895,0.8471361526788153
ar,full_trajectory,Last third,extrapolation,1.2877402627454844,0.8486513371847814
ar,full_trajectory,Last third,extrapolation,1.2931949263960738,0.8501515032012397
ar,full_trajectory,Last third,extrapolation,1.2986495900466632,0.8516367995912666
ar,full_trajectory,Last third,extrapolation,1.3041042536972527,0.85310737374241
ar,full_trajectory,Last third,extrapolation,1.3095589173478421,0.8545633715813137
ar,full_trajectory,Last third,extrapolation,1.3150135809984316,0.8560049375881991
ar,full_trajectory,Last third,extrapolation,1.3204682446490208,0.857432214811201
ar,full_trajectory,Last third,extrapolation,1.3259229082996102,0.8588453448805633
ar,full_trajectory,Last third,extrapolation,1.3313775719501997,0.8602444680226924
ar,full_trajectory,Last third,extrapolation,1.3368322356007891,0.8616297230740725
ar,full_trajectory,Last third,extrapolation,1.3422868992513786,0.8630012474950423
ar,full_trajectory,Last third,extrapolation,1.347741562901968,0.8643591773834354
ar,full_trajectory,Last third,extrapolation,1.3531962265525574,0.8657036474880854
ar,full_trajectory,Last third,extrapolation,1.3586508902031469,0.8670347912221972
ar,full_trajectory,Last third,extrapolation,1.3641055538537363,0.8683527406765855
ar,full_trajectory,Last third,extrapolation,1.3695602175043258,0.8696576266327831
ar,full_trajectory,Last third,extrapolation,1.375014881154915,0.8709495785760171
ar,full_trajectory,Last third,extrapolation,1.3804695448055044,0.8722287247080596
ar,full_trajectory,Last third,extrapolation,1.3859242084560939,0.8734951919599475
ar,full_trajectory,Last third,extrapolation,1.3913788721066833,0.8747491060045793
ar,full_trajectory,Last third,extrapolation,1.3968335357572728,0.8759905912691855
ar,full_trajectory,Last third,extrapolation,1.4022881994078622,0.8772197709476752
ar,full_trajectory,Last third,extrapolation,1.4077428630584516,0.878436767012861
ar,full_trajectory,Last third,extrapolation,1.413197526709041,0.8796417002285628
ar,full_trajectory,Last third,extrapolation,1.4186521903596305,0.8808346901615908
ar,full_trajectory,Last third,extrapolation,1.4241068540102197,0.8820158551936106
ar,full_trajectory,Last third,extrapolation,1.4295615176608092,0.8831853125328903
ar,full_trajectory,Last third,extrapolation,1.4350161813113986,0.8843431782259312
ar,full_trajectory,Last third,extrapolation,1.440470844961988,0.8854895671689829
ar,full_trajectory,Last third,extrapolation,1.4459255086125775,0.8866245931194451
ar,full_trajectory,Last third,extrapolation,1.451380172263167,0.8877483687071553
ar,full_trajectory,Last third,extrapolation,1.4568348359137564,0.8888610054455659
ar,full_trajectory,Last third,extrapolation,1.4622894995643458,0.889962613742809
ar,full_trajectory,Last third,extrapolation,1.4677441632149353,0.8910533029126531
ar,full_trajectory,Last third,extrapolation,1.4731988268655247,0.8921331811853495
ar,full_trajectory,Last third,extrapolation,1.478653490516114,0.893202355718373
ar,full_trajectory,Last third,extrapolation,1.4841081541667034,0.8942609326070547
ar,full_trajectory,Last third,extrapolation,1.4895628178172928,0.8953090168951107
ar,full_trajectory,Last third,extrapolation,1.4950174814678823,0.8963467125850639
ar,full_trajectory,Last third,extrapolation,1.5004721451184717,0.897374122648567
ar,full_trajectory,Last third,extrapolation,1.5059268087690612,0.8983913490366177
ar,full_trajectory,Last third,extrapolation,1.5113814724196506,0.8993984926896774
ar,full_trajectory,Last third,extrapolation,1.51683613607024,0.900395653547687
ar,full_trajectory,Last third,extrapolation,1.5222907997208295,0.9013829305599836
ar,full_trajectory,Last third,extrapolation,1.527745463371419,0.90236042169512
ar,full_trajectory,Last third,extrapolation,1.5332001270220084,0.9033282239505857
ar,full_trajectory,Last third,extrapolation,1.5386547906725978,0.9042864333624326
ar,full_trajectory,Last third,extrapolation,1.544109454323187,0.9052351450148044
ar,full_trajectory,Last third,extrapolation,1.5495641179737765,0.9061744530493719
ar,full_trajectory,Last third,extrapolation,1.555018781624366,0.9071044506746749
ar,full_trajectory,Last third,extrapolation,1.5604734452749554,0.9080252301753714
ar,full_trajectory,Last third,extrapolation,1.5659281089255448,0.908936882921395
ar,full_trajectory,Last third,extrapolation,1.5713827725761342,0.9098394993770214
ar,full_trajectory,Last third,extrapolation,1.5768374362267237,0.9107331691098461
ar,full_trajectory,Last third,extrapolation,1.5822920998773131,0.9116179807996715
ar,full_trajectory,Last third,extrapolation,1.5877467635279026,0.9124940222473066
ar,full_trajectory,Last third,extrapolation,1.593201427178492,0.9133613803832805
ar,full_trajectory,Last third,extrapolation,1.5986560908290812,0.9142201412764674
ar,full_trajectory,Last third,extrapolation,1.6041107544796707,0.9150703901426285
ar,full_trajectory,Last third,extrapolation,1.60956541813026,0.915912211352867
ar,full_trajectory,Last third,extrapolation,1.6150200817808495,0.916745688442001
ar,full_trajectory,Last third,extrapolation,1.620474745431439,0.9175709041168526
ar,full_trajectory,Last third,extrapolation,1.6259294090820284,0.9183879402644547
ar,full_trajectory,Last third,extrapolation,1.6313840727326179,0.9191968779601771
ar,full_trajectory,Last third,extrapolation,1.6368387363832073,0.9199977974757718
ar,full_trajectory,Last third,extrapolation,1.6422934000337968,0.920790778287338
ar,full_trajectory,Last third,extrapolation,1.6477480636843862,0.9215758990832087
ar,full_trajectory,Last third,extrapolation,1.6532027273349754,0.9223532377717591
ar,full_trajectory,Last third,extrapolation,1.6586573909855649,0.9231228714891382
ar,full_trajectory,Last third,extrapolation,1.6641120546361543,0.9238848766069216
ar,full_trajectory,Last third,extrapolation,1.6695667182867437,0.9246393287396917
ar,full_trajectory,Last third,extrapolation,1.6750213819373332,0.9253863027525393
ar,full_trajectory,Last third,extrapolation,1.6804760455879226,0.9261258727684938
ar,full_trajectory,Last third,extrapolation,1.685930709238512,0.926858112175878
ar,full_trajectory,Last third,extrapolation,1.6913853728891015,0.9275830936355908
ar,full_trajectory,Last third,extrapolation,1.696840036539691,0.9283008890883168
ar,full_trajectory,Last third,extrapolation,1.7022947001902804,0.9290115697616657
ar,full_trajectory,Last third,extrapolation,1.7077493638408696,0.92971520617724
ar,full_trajectory,Last third,extrapolation,1.713204027491459,0.930411868157633
ar,full_trajectory,Last third,extrapolation,1.7186586911420485,0.9311016248333572
ar,full_trajectory,Last third,extrapolation,1.724113354792638,0.9317845446497046
ar,full_trajectory,Last third,extrapolation,1.7295680184432274,0.932460695373538
ar,full_trajectory,Last third,extrapolation,1.7350226820938168,0.9331301441000164
ar,full_trajectory,Last third,extrapolation,1.7404773457444063,0.9337929572592518
ar,full_trajectory,Last third,extrapolation,1.7459320093949957,0.9344492006229024
ar,full_trajectory,Last third,extrapolation,1.7513866730455852,0.9350989393106981
ar,full_trajectory,Last third,extrapolation,1.7568413366961746,0.935742237796903
ar,full_trajectory,Last third,extrapolation,1.7622960003467638,0.9363791599167135
ar,full_trajectory,Last third,extrapolation,1.7677506639973533,0.9370097688725917
ar,full_trajectory,Last third,extrapolation,1.7732053276479427,0.9376341272405382
ar,full_trajectory,Last third,extrapolation,1.7786599912985321,0.9382522969763007
ar,full_trajectory,Last third,extrapolation,1.7841146549491216,0.9388643394215227
ar,full_trajectory,Last third,extrapolation,1.789569318599711,0.9394703153098299
ar,full_trajectory,Last third,extrapolation,1.7950239822503005,0.9400702847728571
ar,full_trajectory,Last third,extrapolation,1.80047864590089,0.9406643073462151
ar,full_trajectory,Last third,extrapolation,1.8059333095514793,0.9412524419753984
ar,full_trajectory,Last third,extrapolation,1.8113879732020688,0.9418347470216346
ar,full_trajectory,Last third,extrapolation,1.816842636852658,0.9424112802676757
ar,full_trajectory,Last third,extrapolation,1.8222973005032475,0.9429820989235317
ar,full_trajectory,Last third,extrapolation,1.827751964153837,0.9435472596321475
ar,full_trajectory,Last third,extrapolation,1.8332066278044263,0.944106818475024
ar,full_trajectory,Last third,extrapolation,1.8386612914550158,0.9446608309777831
ar,full_trajectory,Last third,extrapolation,1.8441159551056052,0.9452093521156772
ar,full_trajectory,Last third,extrapolation,1.8495706187561947,0.945752436319045
ar,full_trajectory,Last third,extrapolation,1.855025282406784,0.9462901374787123
ar,full_trajectory,Last third,extrapolation,1.8604799460573735,0.9468225089513393
ar,full_trajectory,Last third,extrapolation,1.865934609707963,0.9473496035647164
ar,full_trajectory,Last third,extrapolation,1.8713892733585522,0.947871473623005
ar,full_trajectory,Last third,extrapolation,1.8768439370091416,0.9483881709119284
ar,full_trajectory,Last third,extrapolation,1.882298600659731,0.9488997467039108
ar,full_trajectory,Last third,extrapolation,1.8877532643103205,0.9494062517631645
ar,full_trajectory,Last third,extrapolation,1.89320792796091,0.9499077363507279
ar,full_trajectory,Last third,extrapolation,1.8986625916114994,0.9504042502294521
ar,full_trajectory,Last third,extrapolation,1.9041172552620889,0.9508958426689398
ar,full_trajectory,Last third,extrapolation,1.9095719189126783,0.9513825624504341
ar,full_trajectory,Last third,extrapolation,1.9150265825632677,0.9518644578716589
ar,full_trajectory,Last third,extrapolation,1.920481246213857,0.9523415767516115
ar,full_trajectory,Last third,extrapolation,1.9259359098644464,0.9528139664353084
ar,full_trajectory,Last third,extrapolation,1.9313905735150358,0.9532816737984823
ar,full_trajectory,Last third,extrapolation,1.9368452371656253,0.9537447452522346
ar,full_trajectory,Last third,extrapolation,1.9422999008162147,0.9542032267476406
ar,full_trajectory,Last third,extrapolation,1.9477545644668042,0.9546571637803088
ar,full_trajectory,Last third,extrapolation,1.9532092281173936,0.9551066013948959
ar,full_trajectory,Last third,extrapolation,1.958663891767983,0.9555515841895765
ar,full_trajectory,Last third,extrapolation,1.9641185554185725,0.9559921563204687
ar,full_trajectory,Last third,extrapolation,1.969573219069162,0.9564283615060161
ar,full_trajectory,Last third,extrapolation,1.9750278827197512,0.9568602430313248
ar,full_trajectory,Last third,extrapolation,1.9804825463703406,0.9572878437524602
ar,full_trajectory,Last third,extrapolation,1.98593721002093,0.9577112061006988
ar,full_trajectory,Last third,extrapolation,1.9913918736715195,0.9581303720867386
ar,full_trajectory,Last third,extrapolation,1.996846537322109,0.9585453833048682
ar,full_trajectory,Last third,extrapolation,2.002301200972698,0.9589562809370941
ar,full_trajectory,Last third,extrapolation,2.0077558646232876,0.9593631057572275
ar,full_trajectory,Last third,extrapolation,2.013210528273877,0.9597658981349299
ar,full_trajectory,Last third,extrapolation,2.0186651919244665,0.9601646980397192
ar,full_trajectory,Last third,extrapolation,2.024119855575056,0.960559545044936
ar,full_trajectory,Last third,extrapolation,2.0295745192256454,0.9609504783316706
ar,full_trajectory,Last third,extrapolation,2.035029182876235,0.9613375366926507
ar,full_trajectory,Last third,extrapolation,2.0404838465268242,0.9617207585360907
ar,full_trajectory,Last third,extrapolation,2.0459385101774137,0.962100181889504
ar,full_trajectory,Last third,extrapolation,2.051393173828003,0.962475844403475
ar,full_trajectory,Last third,extrapolation,2.0568478374785926,0.9628477833553964
ar,full_trajectory,Last third,extrapolation,2.062302501129182,0.9632160356531678
ar,full_trajectory,Last third,extrapolation,2.0677571647797715,0.9635806378388581
ar,full_trajectory,Last third,extrapolation,2.073211828430361,0.9639416260923317
ar,full_trajectory,Last third,extrapolation,2.0786664920809503,0.9642990362348386
ar,full_trajectory,Last third,extrapolation,2.0841211557315393,0.9646529037325693
ar,full_trajectory,Last third,extrapolation,2.0895758193821288,0.9650032637001734
ar,full_trajectory,Last third,extrapolation,2.095030483032718,0.9653501509042451
ar,full_trajectory,Last third,extrapolation,2.1004851466833077,0.965693599766772
ar,full_trajectory,Last third,extrapolation,2.105939810333897,0.9660336443685518
ar,full_trajectory,Last third,extrapolation,2.1113944739844865,0.9663703184525736
ar,full_trajectory,Last third,extrapolation,2.116849137635076,0.9667036554273664
ar,full_trajectory,Last third,extrapolation,2.1223038012856654,0.9670336883703143
ar,full_trajectory,Last third,extrapolation,2.127758464936255,0.9673604500309391
ar,full_trajectory,Last third,extrapolation,2.1332131285868443,0.9676839728341491
ar,full_trajectory,Last third,extrapolation,2.1386677922374338,0.968004288883458
ar,full_trajectory,Last third,extrapolation,2.144122455888023,0.9683214299641695
ar,full_trajectory,Last third,extrapolation,2.1495771195386126,0.9686354275465318
ar,full_trajectory,Last third,extrapolation,2.155031783189202,0.9689463127888605
ar,full_trajectory,Last third,extrapolation,2.1604864468397915,0.9692541165406303
ar,full_trajectory,Last third,extrapolation,2.165941110490381,0.9695588693455365
ar,full_trajectory,Last third,extrapolation,2.1713957741409704,0.9698606014445253
ar,full_trajectory,Last third,extrapolation,2.17685043779156,0.9701593427787955
ar,full_trajectory,Last third,extrapolation,2.1823051014421493,0.9704551229927686
ar,full_trajectory,Last third,extrapolation,2.1877597650927387,0.9707479714370313
ar,full_trajectory,Last third,extrapolation,2.1932144287433277,0.9710379171712478
ar,full_trajectory,Last third,extrapolation,2.198669092393917,0.9713249889670428
ar,full_trajectory,Last third,extrapolation,2.2041237560445066,0.9716092153108574
ar,full_trajectory,Last third,extrapolation,2.209578419695096,0.9718906244067754
ar,full_trajectory,Last third,extrapolation,2.2150330833456855,0.9721692441793222
ar,full_trajectory,Last third,extrapolation,2.220487746996275,0.972445102276235
ar,full_trajectory,Last third,extrapolation,2.2259424106468644,0.9727182260712081
ar,full_trajectory,Last third,extrapolation,2.231397074297454,0.972988642666607
ar,full_trajectory,Last third,extrapolation,2.2368517379480433,0.9732563788961595
ar,full_trajectory,Last third,extrapolation,2.2423064015986327,0.9735214613276177
ar,full_trajectory,Last third,extrapolation,2.247761065249222,0.9737839162653946
ar,full_trajectory,Last third,extrapolation,2.2532157288998116,0.9740437697531741
ar,full_trajectory,Last third,extrapolation,2.258670392550401,0.9743010475764952
ar,full_trajectory,Last third,extrapolation,2.2641250562009905,0.9745557752653111
ar,full_trajectory,Last third,extrapolation,2.26957971985158,0.9748079780965229
ar,full_trajectory,Last third,extrapolation,2.2750343835021694,0.9750576810964867
ar,full_trajectory,Last third,extrapolation,2.280489047152759,0.975304909043498
ar,full_trajectory,Last third,extrapolation,2.2859437108033482,0.9755496864702502
ar,full_trajectory,Last third,extrapolation,2.2913983744539377,0.9757920376662688
ar,full_trajectory,Last third,extrapolation,2.2968530381045267,0.9760319866803218
ar,full_trajectory,Last third,extrapolation,2.302307701755116,0.9762695573228064
ar,full_trajectory,Last third,extrapolation,2.3077623654057056,0.9765047731681112
ar,full_trajectory,Last third,extrapolation,2.313217029056295,0.976737657556956
ar,full_trajectory,Last third,extrapolation,2.3186716927068844,0.9769682335987071
ar,full_trajectory,Last third,extrapolation,2.324126356357474,0.9771965241736718
ar,full_trajectory,Last third,extrapolation,2.3295810200080633,0.9774225519353676
ar,full_trajectory,Last third,extrapolation,2.3350356836586528,0.9776463393127709
ar,full_trajectory,Last third,extrapolation,2.340490347309242,0.9778679085125422
ar,full_trajectory,Last third,extrapolation,2.3459450109598317,0.9780872815212298
ar,full_trajectory,Last third,extrapolation,2.351399674610421,0.978304480107452
ar,full_trajectory,Last third,extrapolation,2.3568543382610105,0.9785195258240562
ar,full_trajectory,Last third,extrapolation,2.3623090019116,0.9787324400102588
ar,full_trajectory,Last third,extrapolation,2.3677636655621894,0.9789432437937621
ar,full_trajectory,Last third,extrapolation,2.373218329212779,0.9791519580928504
ar,full_trajectory,Last third,extrapolation,2.3786729928633683,0.9793586036184669
ar,full_trajectory,Last third,extrapolation,2.3841276565139577,0.9795632008762678
ar,full_trajectory,Last third,extrapolation,2.389582320164547,0.9797657701686575
ar,full_trajectory,Last third,extrapolation,2.3950369838151366,0.9799663315968034
ar,full_trajectory,Last third,extrapolation,2.400491647465726,0.9801649050626301
ar,full_trajectory,Last third,extrapolation,2.405946311116315,0.980361510270795
ar,full_trajectory,Last third,extrapolation,2.4114009747669045,0.9805561667306428
ar,full_trajectory,Last third,extrapolation,2.416855638417494,0.9807488937581422
ar,full_trajectory,Last third,extrapolation,2.4223103020680834,0.9809397104778017
ar,full_trajectory,Last third,extrapolation,2.427764965718673,0.9811286358245686
ar,full_trajectory,Last third,extrapolation,2.4332196293692623,0.9813156885457066
ar,full_trajectory,Last third,extrapolation,2.4386742930198517,0.9815008872026573
ar,full_trajectory,Last third,extrapolation,2.444128956670441,0.9816842501728811
ar,full_trajectory,Last third,extrapolation,2.4495836203210306,0.9818657956516815
ar,full_trajectory,Last third,extrapolation,2.45503828397162,0.9820455416540104
ar,full_trajectory,Last third,extrapolation,2.4604929476222095,0.9822235060162555
ar,full_trajectory,Last third,extrapolation,2.465947611272799,0.9823997063980108
ar,full_trajectory,Last third,extrapolation,2.4714022749233884,0.9825741602838283
ar,full_trajectory,Last third,extrapolation,2.476856938573978,0.9827468849849534
ar,full_trajectory,Last third,extrapolation,2.4823116022245673,0.9829178976410429
ar,full_trajectory,Last third,extrapolation,2.4877662658751567,0.9830872152218652
ar,full_trajectory,Last third,extrapolation,2.493220929525746,0.9832548545289849
ar,full_trajectory,Last third,extrapolation,2.498675593176335,0.9834208321974294
ar,full_trajectory,Last third,extrapolation,2.5041302568269246,0.9835851646973401
ar,full_trajectory,Last third,extrapolation,2.509584920477514,0.9837478683356067
ar,full_trajectory,Last third,extrapolation,2.5150395841281035,0.9839089592574848
ar,full_trajectory,Last third,extrapolation,2.520494247778693,0.9840684534481988
ar,full_trajectory,Last third,extrapolation,2.5259489114292824,0.9842263667345277
ar,full_trajectory,Last third,extrapolation,2.531403575079872,0.9843827147863756
ar,full_trajectory,Last third,extrapolation,2.5368582387304612,0.9845375131183266
ar,full_trajectory,Last third,extrapolation,2.5423129023810507,0.9846907770911847
ar,full_trajectory,Last third,extrapolation,2.54776756603164,0.9848425219134976
ar,full_trajectory,Last third,extrapolation,2.5532222296822296,0.9849927626430661
ar,full_trajectory,Last third,extrapolation,2.558676893332819,0.9851415141884384
ar,full_trajectory,Last third,extrapolation,2.5641315569834084,0.9852887913103893
ar,full_trajectory,Last third,extrapolation,2.569586220633998,0.9854346086233847
ar,full_trajectory,Last third,extrapolation,2.5750408842845873,0.9855789805970327
ar,full_trajectory,Last third,extrapolation,2.5804955479351768,0.9857219215575183
ar,full_trajectory,Last third,extrapolation,2.585950211585766,0.9858634456890257
ar,full_trajectory,Last third,extrapolation,2.591404875236355,0.9860035670351458
ar,full_trajectory,Last third,extrapolation,2.5968595388869447,0.9861422995002693
ar,full_trajectory,Last third,extrapolation,2.602314202537534,0.9862796568509672
ar,full_trajectory,Last third,extrapolation,2.6077688661881235,0.9864156527173559
ar,full_trajectory,Last third,extrapolation,2.613223529838713,0.9865503005944506
ar,full_trajectory,Last third,extrapolation,2.6186781934893024,0.9866836138435039
ar,full_trajectory,Last third,extrapolation,2.624132857139892,0.9868156056933322
ar,full_trajectory,Last third,extrapolation,2.6295875207904813,0.9869462892416275
ar,full_trajectory,Last third,extrapolation,2.6350421844410707,0.9870756774562581
ar,full_trajectory,Last third,extrapolation,2.64049684809166,0.9872037831765547
ar,full_trajectory,Last third,extrapolation,2.6459515117422496,0.9873306191145848
ar,full_trajectory,Last third,extrapolation,2.651406175392839,0.9874561978564139
ar,full_trajectory,Last third,extrapolation,2.6568608390434285,0.9875805318633549
ar,full_trajectory,Last third,extrapolation,2.662315502694018,0.9877036334732042
ar,full_trajectory,Last third,extrapolation,2.6677701663446074,0.9878255149014659
ar,full_trajectory,Last third,extrapolation,2.673224829995197,0.9879461882425643
ar,full_trajectory,Last third,extrapolation,2.6786794936457863,0.9880656654710441
ar,full_trajectory,Last third,extrapolation,2.6841341572963757,0.9881839584427584
ar,full_trajectory,Last third,extrapolation,2.689588820946965,0.9883010788960449
ar,full_trajectory,Last third,extrapolation,2.6950434845975546,0.9884170384528915
ar,full_trajectory,Last third,extrapolation,2.7004981482481436,0.9885318486200889
ar,full_trajectory,Last third,extrapolation,2.705952811898733,0.9886455207903726
ar,full_trajectory,Last third,extrapolation,2.7114074755493225,0.9887580662435536
ar,full_trajectory,Last third,extrapolation,2.716862139199912,0.9888694961476372
ar,full_trajectory,Last third,extrapolation,2.7223168028505014,0.9889798215599321
ar,full_trajectory,Last third,extrapolation,2.727771466501091,0.9890890534281468
ar,full_trajectory,Last third,extrapolation,2.7332261301516803,0.9891972025914761
ar,full_trajectory,Last third,extrapolation,2.7386807938022697,0.9893042797816772
ar,full_trajectory,Last third,extrapolation,2.744135457452859,0.9894102956241341
ar,full_trajectory,Last third,extrapolation,2.7495901211034486,0.989515260638912
ar,full_trajectory,Last third,extrapolation,2.755044784754038,0.9896191852418015
ar,full_trajectory,Last third,extrapolation,2.7604994484046275,0.989722079745352
ar,full_trajectory,Last third,extrapolation,2.765954112055217,0.9898239543598949
ar,full_trajectory,Last third,extrapolation,2.7714087757058063,0.9899248191945572
ar,full_trajectory,Last third,extrapolation,2.776863439356396,0.9900246842582641
ar,full_trajectory,Last third,extrapolation,2.7823181030069852,0.9901235594607326
ar,full_trajectory,Last third,extrapolation,2.7877727666575747,0.9902214546134547
ar,full_trajectory,Last third,extrapolation,2.793227430308164,0.9903183794306709
ar,full_trajectory,Last third,extrapolation,2.7986820939587536,0.9904143435303345
ar,full_trajectory,Last third,extrapolation,2.804136757609343,0.9905093564350657
ar,full_trajectory,Last third,extrapolation,2.809591421259932,0.9906034275730962
ar,full_trajectory,Last third,extrapolation,2.8150460849105214,0.9906965662792058
ar,full_trajectory,Last third,extrapolation,2.820500748561111,0.9907887817956478
ar,full_trajectory,Last third,extrapolation,2.8259554122117003,0.9908800832730663
ar,full_trajectory,Last third,extrapolation,2.8314100758622898,0.9909704797714046
ar,full_trajectory,Last third,extrapolation,2.836864739512879,0.9910599802608037
ar,full_trajectory,Last third,extrapolation,2.8423194031634686,0.9911485936224927
ar,full_trajectory,Last third,extrapolation,2.847774066814058,0.9912363286496705
ar,full_trajectory,Last third,extrapolation,2.8532287304646475,0.9913231940483772
ar,full_trajectory,Last third,extrapolation,2.858683394115237,0.9914091984383593
ar,full_trajectory,Last third,extrapolation,2.8641380577658264,0.9914943503539242
ar,full_trajectory,Last third,extrapolation,2.869592721416416,0.9915786582447876
ar,full_trajectory,Last third,extrapolation,2.8750473850670053,0.9916621304769114
ar,full_trajectory,Last third,extrapolation,2.8805020487175947,0.9917447753333346
ar,full_trajectory,Last third,extrapolation,2.885956712368184,0.9918266010149944
ar,full_trajectory,Last third,extrapolation,2.8914113760187736,0.9919076156415407
ar,full_trajectory,Last third,extrapolation,2.896866039669363,0.9919878272521415
ar,full_trajectory,Last third,extrapolation,2.9023207033199525,0.9920672438062805
ar,full_trajectory,Last third,extrapolation,2.907775366970542,0.9921458731845473
ar,full_trajectory,Last third,extrapolation,2.9132300306211314,0.992223723189419
ar,full_trajectory,Last third,extrapolation,2.9186846942717204,0.9923008015460348
ar,full_trajectory,Last third,extrapolation,2.92413935792231,0.9923771159029625
ar,full_trajectory,Last third,extrapolation,2.9295940215728993,0.9924526738329572
ar,full_trajectory,Last third,extrapolation,2.9350486852234887,0.992527482833713
ar,full_trajectory,Last third,extrapolation,2.940503348874078,0.9926015503286069
ar,full_trajectory,Last third,extrapolation,2.9459580125246676,0.9926748836674355
bidir,mean_frame,Middle third,fit,-1.0390282943062232,0.32481720969022665
bidir,mean_frame,Middle third,fit,-1.0380265401224535,0.325101004756678
bidir,mean_frame,Middle third,fit,-1.0370247859386836,0.3253846805374473
bidir,mean_frame,Middle third,fit,-1.036023031754914,0.3256682370826729
bidir,mean_frame,Middle third,fit,-1.035021277571144,0.3259516744424723
bidir,mean_frame,Middle third,fit,-1.0340195233873744,0.326234992666942
bidir,mean_frame,Middle third,fit,-1.0330177692036044,0.3265181918061574
bidir,mean_frame,Middle third,fit,-1.0320160150198348,0.3268012719101726
bidir,mean_frame,Middle third,fit,-1.031014260836065,0.327084233029021
bidir,mean_frame,Middle third,fit,-1.0300125066522952,0.3273670752127149
bidir,mean_frame,Middle third,fit,-1.0290107524685255,0.3276497985112454
bidir,mean_frame,Middle third,fit,-1.0280089982847556,0.3279324029745828
bidir,mean_frame,Middle third,fit,-1.0270072441009859,0.32821488865267623
bidir,mean_frame,Middle third,fit,-1.026005489917216,0.32849725559545406
bidir,mean_frame,Middle third,fit,-1.0250037357334463,0.3287795038528232
bidir,mean_frame,Middle third,fit,-1.0240019815496766,0.32906163347467
bidir,mean_frame,Middle third,fit,-1.0230002273659067,0.32934364451086007
bidir,mean_frame,Middle third,fit,-1.021998473182137,0.3296255370112372
bidir,mean_frame,Middle third,fit,-1.020996718998367,0.3299073110256252
bidir,mean_frame,Middle third,fit,-1.0199949648145974,0.33018896660382624
bidir,mean_frame,Middle third,fit,-1.0189932106308275,0.33047050379562193
bidir,mean_frame,Middle third,fit,-1.0179914564470578,0.3307519226507727
bidir,mean_frame,Middle third,fit,-1.016989702263288,0.3310332232190183
bidir,mean_frame,Middle third,fit,-1.0159879480795182,0.3313144055500775
bidir,mean_frame,Middle third,fit,-1.0149861938957485,0.33159546969364806
bidir,mean_frame,Middle third,fit,-1.0139844397119786,0.33187641569940707
bidir,mean_frame,Middle third,fit,-1.012982685528209,0.3321572436170105
bidir,mean_frame,Middle third,fit,-1.0119809313444392,0.3324379534960935
bidir,mean_frame,Middle third,fit,-1.0109791771606693,0.33271854538627055
bidir,mean_frame,Middle third,fit,-1.0099774229768996,0.33299901933713505
bidir,mean_frame,Middle third,fit,-1.0089756687931297,0.3332793753982597
bidir,mean_frame,Middle third,fit,-1.00797391460936,0.33355961361919617
bidir,mean_frame,Middle third,fit,-1.0069721604255901,0.33383973404947576
bidir,mean_frame,Middle third,fit,-1.0059704062418204,0.3341197367386082
bidir,mean_frame,Middle third,fit,-1.0049686520580507,0.33439962173608306
bidir,mean_frame,Middle third,fit,-1.0039668978742808,0.33467938909136896
bidir,mean_frame,Middle third,fit,-1.0029651436905112,0.33495903885391354
bidir,mean_frame,Middle third,fit,-1.0019633895067412,0.3352385710731438
bidir,mean_frame,Middle third,fit,-1.0009616353229716,0.3355179857984659
bidir,mean_frame,Middle third,fit,-0.9999598811392018,0.3357972830792654
bidir,mean_frame,Middle third,fit,-0.998958126955432,0.3360764629649068
bidir,mean_frame,Middle third,fit,-0.9979563727716622,0.33635552550473413
bidir,mean_frame,Middle third,fit,-0.9969546185878924,0.3366344707480705
bidir,mean_frame,Middle third,fit,-0.9959528644041226,0.3369132987442185
bidir,mean_frame,Middle third,fit,-0.9949511102203528,0.33719200954245965
bidir,mean_frame,Middle third,fit,-0.9939493560365831,0.337470603192055
bidir,mean_frame,Middle third,fit,-0.9929476018528133,0.3377490797422451
bidir,mean_frame,Middle third,fit,-0.9919458476690435,0.3380274392422492
bidir,mean_frame,Middle third,fit,-0.9909440934852737,0.3383056817412665
bidir,mean_frame,Middle third,fit,-0.9899423393015039,0.33858380728847526
bidir,mean_frame,Middle third,fit,-0.9889405851177341,0.3388618159330328
bidir,mean_frame,Middle third,fit,-0.9879388309339644,0.3391397077240762
bidir,mean_frame,Middle third,fit,-0.9869370767501946,0.3394174827107216
bidir,mean_frame,Middle third,fit,-0.9859353225664248,0.33969514094206477
bidir,mean_frame,Middle third,fit,-0.984933568382655,0.3399726824671806
bidir,mean_frame,Middle third,fit,-0.9839318141988852,0.3402501073351235
bidir,mean_frame,Middle third,fit,-0.9829300600151154,0.34052741559492716
bidir,mean_frame,Middle third,fit,-0.9819283058313456,0.3408046072956046
bidir,mean_frame,Middle third,fit,-0.9809265516475759,0.34108168248614845
bidir,mean_frame,Middle third,fit,-0.9799247974638061,0.3413586412155306
bidir,mean_frame,Middle third,fit,-0.9789230432800363,0.34163548353270246
bidir,mean_frame,Middle third,fit,-0.9779212890962665,0.34191220948659473
bidir,mean_frame,Middle third,fit,-0.9769195349124967,0.34218881912611754
bidir,mean_frame,Middle third,fit,-0.9759177807287269,0.34246531250016066
bidir,mean_frame,Middle third,fit,-0.9749160265449572,0.3427416896575931
bidir,mean_frame,Middle third,fit,-0.9739142723611874,0.3430179506472635
bidir,mean_frame,Middle third,fit,-0.9729125181774176,0.3432940955179997
bidir,mean_frame,Middle third,fit,-0.9719107639936478,0.34357012431860945
bidir,mean_frame,Middle third,fit,-0.970909009809878,0.34384603709787953
bidir,mean_frame,Middle third,fit,-0.9699072556261082,0.3441218339045765
bidir,mean_frame,Middle third,fit,-0.9689055014423384,0.3443975147874463
bidir,mean_frame,Middle third,fit,-0.9679037472585688,0.34467307979521433
bidir,mean_frame,Middle third,fit,-0.966901993074799,0.3449485289765858
bidir,mean_frame,Middle third,fit,-0.9659002388910292,0.34522386238024516
bidir,mean_frame,Middle third,fit,-0.9648984847072594,0.3454990800548564
bidir,mean_frame,Middle third,fit,-0.9638967305234896,0.3457741820490633
bidir,mean_frame,Middle third,fit,-0.9628949763397198,0.3460491684114888
bidir,mean_frame,Middle third,fit,-0.96189322215595,0.34632403919073584
bidir,mean_frame,Middle third,fit,-0.9608914679721803,0.34659879443538666
bidir,mean_frame,Middle third,fit,-0.9598897137884105,0.34687343419400307
bidir,mean_frame,Middle third,fit,-0.9588879596046407,0.3471479585151266
bidir,mean_frame,Middle third,fit,-0.9578862054208709,0.3474223674472784
bidir,mean_frame,Middle third,fit,-0.9568844512371011,0.347696661038959
bidir,mean_frame,Middle third,fit,-0.9558826970533313,0.3479708393386488
bidir,mean_frame,Middle third,fit,-0.9548809428695615,0.34824490239480765
bidir,mean_frame,Middle third,fit,-0.9538791886857918,0.34851885025587503
bidir,mean_frame,Middle third,fit,-0.952877434502022,0.34879268297027033
bidir,mean_frame,Middle third,fit,-0.9518756803182522,0.34906640058639216
bidir,mean_frame,Middle third,fit,-0.9508739261344824,0.34934000315261915
bidir,mean_frame,Middle third,fit,-0.9498721719507126,0.3496134907173094
bidir,mean_frame,Middle third,fit,-0.9488704177669428,0.3498868633288008
bidir,mean_frame,Middle third,fit,-0.947868663583173,0.3501601210354107
bidir,mean_frame,Middle third,fit,-0.9468669093994033,0.3504332638854364
bidir,mean_frame,Middle third,fit,-0.9458651552156335,0.35070629192715486
bidir,mean_frame,Middle third,fit,-0.9448634010318637,0.35097920520882253
bidir,mean_frame,Middle third,fit,-0.9438616468480939,0.35125200377867594
bidir,mean_frame,Middle third,fit,-0.9428598926643241,0.35152468768493106
bidir,mean_frame,Middle third,fit,-0.9418581384805543,0.35179725697578357
bidir,mean_frame,Middle third,fit,-0.9408563842967845,0.35206971169940904
bidir,mean_frame,Middle third,fit,-0.9398546301130148,0.35234205190396284
bidir,mean_frame,Middle third,fit,-0.938852875929245,0.3526142776375799
bidir,mean_frame,Middle third,fit,-0.9378511217454752,0.3528863889483751
bidir,mean_frame,Middle third,fit,-0.9368493675617054,0.35315838588444304
bidir,mean_frame,Middle third,fit,-0.9358476133779356,0.35343026849385795
bidir,mean_frame,Middle third,fit,-0.934845859194166,0.35370203682467405
bidir,mean_frame,Middle third,fit,-0.9338441050103962,0.35397369092492525
bidir,mean_frame,Middle third,fit,-0.9328423508266264,0.3542452308426256
bidir,mean_frame,Middle third,fit,-0.9318405966428566,0.35451665662576837
bidir,mean_frame,Middle third,fit,-0.9308388424590868,0.35478796832232706
bidir,mean_frame,Middle third,fit,-0.929837088275317,0.3550591659802549
bidir,mean_frame,Middle third,fit,-0.9288353340915472,0.35533024964748505
bidir,mean_frame,Middle third,fit,-0.9278335799077775,0.35560121937193045
bidir,mean_frame,Middle third,fit,-0.9268318257240077,0.3558720752014839
bidir,mean_frame,Middle third,fit,-0.9258300715402379,0.3561428171840181
bidir,mean_frame,Middle third,fit,-0.9248283173564681,0.3564134453673855
bidir,mean_frame,Middle third,fit,-0.9238265631726983,0.3566839597994187
bidir,mean_frame,Middle third,fit,-0.9228248089889285,0.35695436052792984
bidir,mean_frame,Middle third,fit,-0.9218230548051587,0.3572246476007114
bidir,mean_frame,Middle third,fit,-0.920821300621389,0.3574948210655353
bidir,mean_frame,Middle third,fit,-0.9198195464376192,0.3577648809701538
bidir,mean_frame,Middle third,fit,-0.9188177922538494,0.35803482736229875
bidir,mean_frame,Middle third,fit,-0.9178160380700796,0.3583046602896822
bidir,mean_frame,Middle third,fit,-0.9168142838863098,0.35857437979999596
bidir,mean_frame,Middle third,fit,-0.91581252970254,0.35884398594091194
bidir,mean_frame,Middle third,fit,-0.9148107755187702,0.35911347876008193
bidir,mean_frame,Middle third,fit,-0.9138090213350005,0.3593828583051377
bidir,mean_frame,Middle third,fit,-0.9128072671512307,0.3596521246236909
bidir,mean_frame,Middle third,fit,-0.9118055129674609,0.3599212777633334
bidir,mean_frame,Middle third,fit,-0.9108037587836911,0.3601903177716369
bidir,mean_frame,Middle third,fit,-0.9098020045999213,0.3604592446961531
bidir,mean_frame,Middle third,fit,-0.9088002504161515,0.3607280585844137
bidir,mean_frame,Middle third,fit,-0.9077984962323817,0.3609967594839306
bidir,mean_frame,Middle third,fit,-0.906796742048612,0.3612653474421955
bidir,mean_frame,Middle third,fit,-0.9057949878648422,0.3615338225066803
bidir,mean_frame,Middle third,fit,-0.9047932336810725,0.36180218472483694
bidir,mean_frame,Middle third,fit,-0.9037914794973027,0.36207043414409734
bidir,mean_frame,Middle third,fit,-0.9027897253135329,0.3623385708118734
bidir,mean_frame,Middle third,fit,-0.901787971129763,0.36260659477555723
bidir,mean_frame,Middle third,fit,-0.9007862169459933,0.36287450608252103
bidir,mean_frame,Middle third,fit,-0.8997844627622236,0.3631423047801171
bidir,mean_frame,Middle third,fit,-0.8987827085784538,0.3634099909156776
bidir,mean_frame,Middle third,fit,-0.897780954394684,0.36367756453651523
bidir,mean_frame,Middle third,fit,-0.8967792002109142,0.36394502568992226
bidir,mean_frame,Middle third,fit,-0.8957774460271444,0.36421237442317167
bidir,mean_frame,Middle third,fit,-0.8947756918433747,0.3644796107835161
bidir,mean_frame,Middle third,fit,-0.8937739376596048,0.36474673481818853
bidir,mean_frame,Middle third,fit,-0.8927721834758351,0.365013746574402
bidir,mean_frame,Middle third,fit,-0.8917704292920653,0.36528064609934996
bidir,mean_frame,Middle third,fit,-0.8907686751082955,0.36554743344020557
bidir,mean_frame,Middle third,fit,-0.8897669209245257,0.36581410864412256
bidir,mean_frame,Middle third,fit,-0.8887651667407559,0.36608067175823467
bidir,mean_frame,Middle third,fit,-0.8877634125569862,0.36634712282965587
bidir,mean_frame,Middle third,fit,-0.8867616583732163,0.3666134619054804
bidir,mean_frame,Middle third,fit,-0.8857599041894466,0.36687968903278245
bidir,mean_frame,Middle third,fit,-0.8847581500056768,0.36714580425861676
bidir,mean_frame,Middle third,fit,-0.883756395821907,0.3674118076300179
bidir,mean_frame,Middle third,fit,-0.8827546416381372,0.3676776991940012
bidir,mean_frame,Middle third,fit,-0.8817528874543674,0.36794347899756175
bidir,mean_frame,Middle third,fit,-0.8807511332705977,0.36820914708767494
bidir,mean_frame,Middle third,fit,-0.8797493790868278,0.36847470351129674
bidir,mean_frame,Middle third,fit,-0.8787476249030581,0.36874014831536306
bidir,mean_frame,Middle third,fit,-0.8777458707192883,0.36900548154679036
bidir,mean_frame,Middle third,fit,-0.8767441165355185,0.369270703252475
bidir,mean_frame,Middle third,fit,-0.8757423623517487,0.3695358134792941
bidir,mean_frame,Middle third,fit,-0.8747406081679789,0.36980081227410455
bidir,mean_frame,Middle third,fit,-0.8737388539842093,0.37006569968374403
bidir,mean_frame,Middle third,fit,-0.8727370998004395,0.3703304757550302
bidir,mean_frame,Middle third,fit,-0.8717353456166697,0.3705951405347613
bidir,mean_frame,Middle third,fit,-0.8707335914328999,0.37085969406971564
bidir,mean_frame,Middle third,fit,-0.8697318372491301,0.371124136406652
bidir,mean_frame,Middle third,fit,-0.8687300830653603,0.3713884675923096
bidir,mean_frame,Middle third,fit,-0.8677283288815905,0.37165268767340787
bidir,mean_frame,Middle third,fit,-0.8667265746978208,0.37191679669664657
bidir,mean_frame,Middle third,fit,-0.865724820514051,0.3721807947087059
bidir,mean_frame,Middle third,fit,-0.8647230663302812,0.37244468175624657
bidir,mean_frame,Middle third,fit,-0.8637213121465114,0.37270845788590956
bidir,mean_frame,Middle third,fit,-0.8627195579627416,0.37297212314431605
bidir,mean_frame,Middle third,fit,-0.8617178037789718,0.3732356775780681
bidir,mean_frame,Middle third,fit,-0.860716049595202,0.3734991212337476
bidir,mean_frame,Middle third,fit,-0.8597142954114323,0.3737624541579173
bidir,mean_frame,Middle third,fit,-0.8587125412276625,0.37402567639712025
bidir,mean_frame,Middle third,fit,-0.8577107870438927,0.3742887879978799
bidir,mean_frame,Middle third,fit,-0.8567090328601229,0.37455178900670016
bidir,mean_frame,Middle third,fit,-0.8557072786763531,0.3748146794700654
bidir,mean_frame,Middle third,fit,-0.8547055244925833,0.3750774594344404
bidir,mean_frame,Middle third,fit,-0.8537037703088135,0.37534012894627056
bidir,mean_frame,Middle third,fit,-0.8527020161250438,0.3756026880519816
bidir,mean_frame,Middle third,fit,-0.851700261941274,0.37586513679797984
bidir,mean_frame,Middle third,fit,-0.8506985077575042,0.37612747523065193
bidir,mean_frame,Middle third,fit,-0.8496967535737344,0.37638970339636535
bidir,mean_frame,Middle third,fit,-0.8486949993899646,0.3766518213414676
bidir,mean_frame,Middle third,fit,-0.8476932452061948,0.3769138291122871
bidir,mean_frame,Middle third,fit,-0.846691491022425,0.37717572675513267
bidir,mean_frame,Middle third,fit,-0.8456897368386553,0.3774375143162937
bidir,mean_frame,Middle third,fit,-0.8446879826548855,0.37769919184204004
bidir,mean_frame,Middle third,fit,-0.8436862284711157,0.37796075937862217
bidir,mean_frame,Middle third,fit,-0.8426844742873459,0.3782222169722711
bidir,mean_frame,Middle third,fit,-0.8416827201035761,0.3784835646691983
bidir,mean_frame,Middle third,fit,-0.8406809659198065,0.37874480251559606
bidir,mean_frame,Middle third,fit,-0.8396792117360365,0.3790059305576371
bidir,mean_frame,Middle third,fit,-0.8386774575522669,0.3792669488414747
bidir,mean_frame,Middle third,fit,-0.8376757033684971,0.3795278574132428
bidir,mean_frame,Middle third,fit,-0.8366739491847273,0.3797886563190559
bidir,mean_frame,Middle third,fit,-0.8356721950009575,0.38004934560500925
bidir,mean_frame,Middle third,fit,-0.8346704408171877,0.38030992531717867
bidir,mean_frame,Middle third,fit,-0.833668686633418,0.3805703955016204
bidir,mean_frame,Middle third,fit,-0.8326669324496481,0.3808307562043717
bidir,mean_frame,Middle third,fit,-0.8316651782658784,0.3810910074714501
bidir,mean_frame,Middle third,fit,-0.8306634240821086,0.38135114934885406
bidir,mean_frame,Middle third,fit,-0.8296616698983388,0.3816111818825626
bidir,mean_frame,Middle third,fit,-0.828659915714569,0.3818711051185354
bidir,mean_frame,Middle third,fit,-0.8276581615307992,0.3821309191027128
bidir,mean_frame,Middle third,fit,-0.8266564073470295,0.38239062388101597
bidir,mean_frame,Middle third,fit,-0.8256546531632596,0.38265021949934674
bidir,mean_frame,Middle third,fit,-0.8246528989794899,0.3829097060035873
bidir,mean_frame,Middle third,fit,-0.8236511447957201,0.3831690834396012
bidir,mean_frame,Middle third,fit,-0.8226493906119503,0.3834283518532322
bidir,mean_frame,Middle third,fit,-0.8216476364281805,0.383687511290305
bidir,mean_frame,Middle third,fit,-0.8206458822444107,0.3839465617966248
bidir,mean_frame,Middle third,fit,-0.819644128060641,0.384205503417978
bidir,mean_frame,Middle third,fit,-0.8186423738768712,0.3844643362001312
bidir,mean_frame,Middle third,fit,-0.8176406196931014,0.3847230601888324
bidir,mean_frame,Middle third,fit,-0.8166388655093316,0.38498167542980977
bidir,mean_frame,Middle third,fit,-0.8156371113255618,0.38524018196877263
bidir,mean_frame,Middle third,fit,-0.814635357141792,0.3854985798514109
bidir,mean_frame,Middle third,fit,-0.8136336029580222,0.38575686912339535
bidir,mean_frame,Middle third,fit,-0.8126318487742525,0.3860150498303776
bidir,mean_frame,Middle third,fit,-0.8116300945904827,0.38627312201799013
bidir,mean_frame,Middle third,fit,-0.8106283404067129,0.386531085731846
bidir,mean_frame,Middle third,fit,-0.8096265862229431,0.38678894101753947
bidir,mean_frame,Middle third,fit,-0.8086248320391733,0.38704668792064534
bidir,mean_frame,Middle third,fit,-0.8076230778554035,0.3873043264867192
bidir,mean_frame,Middle third,fit,-0.8066213236716337,0.38756185676129773
bidir,mean_frame,Middle third,fit,-0.8056195694878641,0.3878192787898984
bidir,mean_frame,Middle third,fit,-0.8046178153040943,0.3880765926180195
bidir,mean_frame,Middle third,fit,-0.8036160611203245,0.38833379829114023
bidir,mean_frame,Middle third,fit,-0.8026143069365547,0.38859089585472073
bidir,mean_frame,Middle third,fit,-0.8016125527527849,0.38884788535420167
bidir,mean_frame,Middle third,fit,-0.8006107985690151,0.3891047668350053
bidir,mean_frame,Middle third,fit,-0.7996090443852453,0.389361540342534
bidir,mean_frame,Middle third,fit,-0.7986072902014756,0.3896182059221718
bidir,mean_frame,Middle third,fit,-0.7976055360177058,0.3898747636192831
bidir,mean_frame,Middle third,fit,-0.796603781833936,0.3901312134792134
bidir,mean_frame,Middle third,fit,-0.7956020276501662,0.39038755554728943
bidir,mean_frame,Middle third,fit,-0.7946002734663964,0.3906437898688184
bidir,mean_frame,Middle third,fit,-0.7935985192826266,0.39089991648908884
bidir,mean_frame,Middle third,fit,-0.7925967650988568,0.3911559354533699
bidir,mean_frame,Middle third,fit,-0.7915950109150871,0.3914118468069121
bidir,mean_frame,Middle third,fit,-0.7905932567313173,0.3916676505949467
bidir,mean_frame,Middle third,fit,-0.7895915025475475,0.3919233468626858
bidir,mean_frame,Middle third,fit,-0.7885897483637777,0.392178935655323
bidir,mean_frame,Middle third,fit,-0.7875879941800079,0.3924344170180324
bidir,mean_frame,Middle third,fit,-0.7865862399962382,0.39268979099596935
bidir,mean_frame,Middle third,fit,-0.7855844858124683,0.3929450576342701
bidir,mean_frame,Middle third,fit,-0.7845827316286986,0.3932002169780522
bidir,mean_frame,Middle third,fit,-0.7835809774449288,0.3934552690724138
bidir,mean_frame,Middle third,fit,-0.782579223261159,0.39371021396243433
bidir,mean_frame,Middle third,fit,-0.7815774690773892,0.39396505169317464
bidir,mean_frame,Middle third,fit,-0.7805757148936194,0.3942197823096758
bidir,mean_frame,Middle third,fit,-0.7795739607098497,0.3944744058569607
bidir,mean_frame,Middle third,fit,-0.7785722065260798,0.3947289223800329
bidir,mean_frame,Middle third,fit,-0.7775704523423101,0.39498333192387725
bidir,mean_frame,Middle third,fit,-0.7765686981585403,0.3952376345334597
bidir,mean_frame,Middle third,fit,-0.7755669439747706,0.3954918302537269
bidir,mean_frame,Middle third,fit,-0.7745651897910008,0.3957459191296073
bidir,mean_frame,Middle third,fit,-0.773563435607231,0.3959999012060099
bidir,mean_frame,Middle third,fit,-0.7725616814234613,0.3962537765278249
bidir,mean_frame,Middle third,fit,-0.7715599272396914,0.39650754513992403
bidir,mean_frame,Middle third,fit,-0.7705581730559217,0.3967612070871597
bidir,mean_frame,Middle third,fit,-0.7695564188721519,0.3970147624143656
bidir,mean_frame,Middle third,fit,-0.7685546646883821,0.3972682111663566
bidir,mean_frame,Middle third,fit,-0.7675529105046123,0.3975215533879288
bidir,mean_frame,Middle third,fit,-0.7665511563208425,0.39777478912385955
bidir,mean_frame,Middle third,fit,-0.7655494021370728,0.39802791841890695
bidir,mean_frame,Middle third,fit,-0.7645476479533029,0.398280941317811
bidir,mean_frame,Middle third,fit,-0.7635458937695332,0.39853385786529194
bidir,mean_frame,Middle third,fit,-0.7625441395857634,0.39878666810605223
bidir,mean_frame,Middle third,fit,-0.7615423854019936,0.3990393720847749
bidir,mean_frame,Middle third,fit,-0.7605406312182239,0.39929196984612425
bidir,mean_frame,Middle third,fit,-0.759538877034454,0.3995444614347461
bidir,mean_frame,Middle third,fit,-0.7585371228506843,0.3997968468952672
bidir,mean_frame,Middle third,fit,-0.7575353686669144,0.4000491262722957
bidir,mean_frame,Middle third,fit,-0.7565336144831447,0.40030129961042094
bidir,mean_frame,Middle third,fit,-0.7555318602993749,0.4005533669542136
bidir,mean_frame,Middle third,fit,-0.7545301061156051,0.4008053283482256
bidir,mean_frame,Middle third,fit,-0.7535283519318354,0.40105718383698985
bidir,mean_frame,Middle third,fit,-0.7525265977480655,0.40130893346502117
bidir,mean_frame,Middle third,fit,-0.7515248435642958,0.40156057727681493
bidir,mean_frame,Middle third,fit,-0.750523089380526,0.40181211531684846
bidir,mean_frame,Middle third,fit,-0.7495213351967562,0.40206354762957996
bidir,mean_frame,Middle third,fit,-0.7485195810129864,0.4023148742594491
bidir,mean_frame,Middle third,fit,-0.7475178268292166,0.40256609525087694
bidir,mean_frame,Middle third,fit,-0.746516072645447,0.4028172106482655
bidir,mean_frame,Middle third,fit,-0.745514318461677,0.4030682204959988
bidir,mean_frame,Middle third,fit,-0.7445125642779074,0.40331912483844135
bidir,mean_frame,Middle third,fit,-0.7435108100941376,0.40356992371993994
bidir,mean_frame,Middle third,fit,-0.7425090559103678,0.4038206171848221
bidir,mean_frame,Middle third,fit,-0.741507301726598,0.4040712052773967
bidir,mean_frame,Middle third,fit,-0.7405055475428282,0.40432168804195456
bidir,mean_frame,Middle third,fit,-0.7395037933590585,0.40457206552276714
bidir,mean_frame,Middle third,fit,-0.7385020391752886,0.40482233776408794
bidir,mean_frame,Middle third,fit,-0.7375002849915189,0.40507250481015133
bidir,mean_frame,Middle third,fit,-0.7364985308077491,0.4053225667051733
bidir,mean_frame,Middle third,fit,-0.7354967766239793,0.4055725234933517
bidir,mean_frame,Middle third,fit,-0.7344950224402095,0.4058223752188649
bidir,mean_frame,Middle third,fit,-0.7334932682564397,0.4060721219258735
bidir,mean_frame,Middle third,fit,-0.73249151407267,0.406321763658519
bidir,mean_frame,Middle third,fit,-0.7314897598889001,0.4065713004609248
bidir,mean_frame,Middle third,fit,-0.7304880057051304,0.4068207323771954
bidir,mean_frame,Middle third,fit,-0.7294862515213606,0.4070700594514167
bidir,mean_frame,Middle third,fit,-0.7284844973375908,0.40731928172765675
bidir,mean_frame,Middle third,fit,-0.727482743153821,0.40756839924996413
bidir,mean_frame,Middle third,fit,-0.7264809889700512,0.40781741206236954
bidir,mean_frame,Middle third,fit,-0.7254792347862815,0.408066320208885
bidir,mean_frame,Middle third,fit,-0.7244774806025116,0.408315123733504
bidir,mean_frame,Middle third,fit,-0.7234757264187419,0.40856382268020164
bidir,mean_frame,Middle third,fit,-0.7224739722349721,0.40881241709293414
bidir,mean_frame,Middle third,fit,-0.7214722180512023,0.40906090701564
bidir,mean_frame,Middle third,fit,-0.7204704638674325,0.4093092924922386
bidir,mean_frame,Middle third,fit,-0.7194687096836627,0.40955757356663103
bidir,mean_frame,Middle third,fit,-0.718466955499893,0.40980575028270005
bidir,mean_frame,Middle third,fit,-0.7174652013161231,0.4100538226843099
bidir,mean_frame,Middle third,fit,-0.7164634471323534,0.4103017908153064
bidir,mean_frame,Middle third,fit,-0.7154616929485836,0.41054965471951665
bidir,mean_frame,Middle third,fit,-0.7144599387648138,0.41079741444075
bidir,mean_frame,Middle third,fit,-0.713458184581044,0.4110450700227968
bidir,mean_frame,Middle third,fit,-0.7124564303972742,0.41129262150942925
bidir,mean_frame,Middle third,fit,-0.7114546762135046,0.41154006894440087
bidir,mean_frame,Middle third,fit,-0.7104529220297346,0.4117874123714471
bidir,mean_frame,Middle third,fit,-0.709451167845965,0.4120346518342851
bidir,mean_frame,Middle third,fit,-0.7084494136621952,0.41228178737661325
bidir,mean_frame,Middle third,fit,-0.7074476594784254,0.4125288190421118
bidir,mean_frame,Middle third,fit,-0.7064459052946557,0.4127757468744425
bidir,mean_frame,Middle third,fit,-0.7054441511108858,0.41302257091724903
bidir,mean_frame,Middle third,fit,-0.7044423969271161,0.41326929121415645
bidir,mean_frame,Middle third,fit,-0.7034406427433462,0.4135159078087717
bidir,mean_frame,Middle third,fit,-0.7024388885595765,0.41376242074468306
bidir,mean_frame,Middle third,fit,-0.7014371343758067,0.41400883006546085
bidir,mean_frame,Middle third,fit,-0.7004353801920369,0.4142551358146569
bidir,mean_frame,Middle third,fit,-0.6994336260082672,0.4145013380358047
bidir,mean_frame,Middle third,fit,-0.6984318718244973,0.41474743677241965
bidir,mean_frame,Middle third,fit,-0.6974301176407276,0.41499343206799855
bidir,mean_frame,Middle third,fit,-0.6964283634569578,0.41523932396602015
bidir,mean_frame,Middle third,fit,-0.695426609273188,0.4154851125099448
bidir,mean_frame,Middle third,fit,-0.6944248550894182,0.41573079774321475
bidir,mean_frame,Middle third,fit,-0.6934231009056484,0.4159763797092537
bidir,mean_frame,Middle third,fit,-0.6924213467218787,0.4162218584514674
bidir,mean_frame,Middle third,fit,-0.6914195925381088,0.41646723401324337
bidir,mean_frame,Middle third,fit,-0.6904178383543391,0.41671250643795044
bidir,mean_frame,Middle third,fit,-0.6894160841705693,0.4169576757689397
bidir,mean_frame,Middle third,fit,-0.6884143299867995,0.4172027420495439
bidir,mean_frame,Middle third,fit,-0.6874125758030297,0.4174477053230774
bidir,mean_frame,Middle third,fit,-0.6864108216192599,0.4176925656328364
bidir,mean_frame,Middle third,fit,-0.6854090674354902,0.4179373230220993
bidir,mean_frame,Middle third,fit,-0.6844073132517203,0.41818197753412567
bidir,mean_frame,Middle third,fit,-0.6834055590679506,0.41842652921215717
bidir,mean_frame,Middle third,fit,-0.6824038048841808,0.4186709780994178
bidir,mean_frame,Middle third,fit,-0.681402050700411,0.41891532423911226
bidir,mean_frame,Middle third,fit,-0.6804002965166412,0.4191595676744283
bidir,mean_frame,Middle third,fit,-0.6793985423328714,0.4194037084485346
bidir,mean_frame,Middle third,fit,-0.6783967881491018,0.41964774660458226
bidir,mean_frame,Middle third,fit,-0.6773950339653318,0.41989168218570394
bidir,mean_frame,Middle third,fit,-0.6763932797815622,0.42013551523501425
bidir,mean_frame,Middle third,fit,-0.6753915255977924,0.4203792457956099
bidir,mean_frame,Middle third,fit,-0.6743897714140226,0.4206228739105691
bidir,mean_frame,Middle third,fit,-0.6733880172302528,0.42086639962295214
bidir,mean_frame,Middle third,fit,-0.672386263046483,0.42110982297580135
bidir,mean_frame,Middle third,fit,-0.6713845088627133,0.42135314401214063
bidir,mean_frame,Middle third,fit,-0.6703827546789434,0.42159636277497625
bidir,mean_frame,Middle third,fit,-0.6693810004951737,0.4218394793072958
bidir,mean_frame,Middle third,fit,-0.6683792463114039,0.4220824936520695
bidir,mean_frame,Middle third,fit,-0.6673774921276341,0.422325405852249
bidir,mean_frame,Middle third,fit,-0.6663757379438643,0.422568215950768
bidir,mean_frame,Middle third,fit,-0.6653739837600945,0.4228109239905423
bidir,mean_frame,Middle third,fit,-0.6643722295763248,0.42305353001446944
bidir,mean_frame,Middle third,fit,-0.6633704753925549,0.42329603406542926
bidir,mean_frame,Middle third,fit,-0.6623687212087852,0.4235384361862833
bidir,mean_frame,Middle third,fit,-0.6613669670250154,0.423780736419875
bidir,mean_frame,Middle third,fit,-0.6603652128412456,0.4240229348090302
bidir,mean_frame,Middle third,fit,-0.6593634586574759,0.42426503139655625
bidir,mean_frame,Middle third,fit,-0.658361704473706,0.42450702622524306
bidir,mean_frame,Middle third,fit,-0.6573599502899363,0.42474891933786185
bidir,mean_frame,Middle third,fit,-0.6563581961061664,0.42499071077716666
bidir,mean_frame,Middle third,fit,-0.6553564419223967,0.42523240058589273
bidir,mean_frame,Middle third,fit,-0.6543546877386269,0.42547398880675813
bidir,mean_frame,Middle third,fit,-0.6533529335548571,0.42571547548246247
bidir,mean_frame,Middle third,fit,-0.6523511793710874,0.4259568606556874
bidir,mean_frame,Middle third,fit,-0.6513494251873175,0.4261981443690971
bidir,mean_frame,Middle third,fit,-0.6503476710035478,0.4264393266653371
bidir,mean_frame,Middle third,fit,-0.6493459168197779,0.42668040758703585
bidir,mean_frame,Middle third,fit,-0.6483441626360082,0.42692138717680306
bidir,mean_frame,Middle third,fit,-0.6473424084522384,0.427162265477231
bidir,mean_frame,Middle third,fit,-0.6463406542684687,0.4274030425308941
bidir,mean_frame,Middle third,fit,-0.645338900084699,0.42764371838034854
bidir,mean_frame,Middle third,fit,-0.644337145900929,0.4278842930681329
bidir,mean_frame,Middle third,fit,-0.6433353917171594,0.4281247666367677
bidir,mean_frame,Middle third,fit,-0.6423336375333896,0.42836513912875585
bidir,mean_frame,Middle third,fit,-0.6413318833496198,0.4286054105865821
bidir,mean_frame,Middle third,fit,-0.64033012916585,0.4288455810527133
bidir,mean_frame,Middle third,fit,-0.6393283749820802,0.429085650569599
bidir,mean_frame,Middle third,fit,-0.6383266207983105,0.42932561917967027
bidir,mean_frame,Middle third,fit,-0.6373248666145406,0.4295654869253407
bidir,mean_frame,Middle third,fit,-0.6363231124307709,0.4298052538490058
bidir,mean_frame,Middle third,fit,-0.6353213582470011,0.4300449199930435
bidir,mean_frame,Middle third,fit,-0.6343196040632313,0.4302844853998139
bidir,mean_frame,Middle third,fit,-0.6333178498794615,0.430523950111659
bidir,mean_frame,Middle third,fit,-0.6323160956956917,0.4307633141709035
bidir,mean_frame,Middle third,fit,-0.631314341511922,0.43100257761985383
bidir,mean_frame,Middle third,fit,-0.6303125873281521,0.431241740500799
bidir,mean_frame,Middle third,fit,-0.6293108331443824,0.43148080285601
bidir,mean_frame,Middle third,fit,-0.6283090789606126,0.4317197647277401
bidir,mean_frame,Middle third,fit,-0.6273073247768428,0.431958626158225
bidir,mean_frame,Middle third,fit,-0.626305570593073,0.43219738718968226
bidir,mean_frame,Middle third,fit,-0.6253038164093032,0.4324360478643121
bidir,mean_frame,Middle third,fit,-0.6243020622255335,0.4326746082242968
bidir,mean_frame,Middle third,fit,-0.6233003080417636,0.432913068311801
bidir,mean_frame,Middle third,fit,-0.6222985538579939,0.43315142816897145
bidir,mean_frame,Middle third,fit,-0.6212967996742241,0.4333896878379373
bidir,mean_frame,Middle third,fit,-0.6202950454904543,0.43362784736081017
bidir,mean_frame,Middle third,fit,-0.6192932913066845,0.4338659067796835
bidir,mean_frame,Middle third,fit,-0.6182915371229147,0.43410386613663354
bidir,mean_frame,Middle third,fit,-0.617289782939145,0.43434172547371874
bidir,mean_frame,Middle third,fit,-0.6162880287553751,0.4345794848329796
bidir,mean_frame,Middle third,fit,-0.6152862745716055,0.43481714425643914
bidir,mean_frame,Middle third,fit,-0.6142845203878357,0.43505470378610267
bidir,mean_frame,Middle third,fit,-0.6132827662040659,0.43529216346395805
bidir,mean_frame,Middle third,fit,-0.6122810120202961,0.43552952333197514
bidir,mean_frame,Middle third,fit,-0.6112792578365263,0.4357667834321065
bidir,mean_frame,Middle third,fit,-0.6102775036527566,0.43600394380628693
bidir,mean_frame,Middle third,fit,-0.6092757494689867,0.4362410044964333
bidir,mean_frame,Middle third,fit,-0.608273995285217,0.4364779655444454
bidir,mean_frame,Middle third,fit,-0.6072722411014472,0.436714826992205
bidir,mean_frame,Middle third,fit,-0.6062704869176774,0.4369515888815765
bidir,mean_frame,Middle third,fit,-0.6052687327339077,0.4371882512544065
bidir,mean_frame,Middle third,fit,-0.6042669785501378,0.4374248141525242
bidir,mean_frame,Middle third,fit,-0.6032652243663681,0.4376612776177412
bidir,mean_frame,Middle third,fit,-0.6022634701825982,0.4378976416918514
bidir,mean_frame,Middle third,fit,-0.6012617159988285,0.4381339064166311
bidir,mean_frame,Middle third,fit,-0.6002599618150587,0.43837007183383936
bidir,mean_frame,Middle third,fit,-0.5992582076312889,0.4386061379852172
bidir,mean_frame,Middle third,fit,-0.5982564534475192,0.43884210491248865
bidir,mean_frame,Middle third,fit,-0.5972546992637493,0.4390779726573596
bidir,mean_frame,Middle third,fit,-0.5962529450799796,0.439313741261519
bidir,mean_frame,Middle third,fit,-0.5952511908962098,0.4395494107666379
bidir,mean_frame,Middle third,fit,-0.59424943671244,0.43978498121436993
bidir,mean_frame,Middle third,fit,-0.5932476825286702,0.44002045264635115
bidir,mean_frame,Middle third,fit,-0.5922459283449004,0.44025582510420025
bidir,mean_frame,Middle third,fit,-0.5912441741611307,0.4404910986295185
bidir,mean_frame,Middle third,fit,-0.5902424199773608,0.44072627326388936
bidir,mean_frame,Middle third,fit,-0.5892406657935911,0.44096134904887907
bidir,mean_frame,Middle third,extrapolation,-0.5892406657935911,0.44096134904887907
bidir,mean_frame,Middle third,extrapolation,-0.5703411979242192,0.44537790580715675
bidir,mean_frame,Middle third,extrapolation,-0.5514417300548472,0.4497595705708183
bidir,mean_frame,Middle third,extrapolation,-0.5325422621854753,0.4541066189960721
bidir,mean_frame,Middle third,extrapolation,-0.5136427943161033,0.45841932456136714
bidir,mean_frame,Middle third,extrapolation,-0.49474332644673136,0.46269795858459883
bidir,mean_frame,Middle third,extrapolation,-0.4758438585773594,0.46694279024017793
bidir,mean_frame,Middle third,extrapolation,-0.4569443907079874,0.47115408657596425
bidir,mean_frame,Middle third,extrapolation,-0.4380449228386155,0.475332112530067
bidir,mean_frame,Middle third,extrapolation,-0.4191454549692435,0.4794771309475131
bidir,mean_frame,Middle third,extrapolation,-0.4002459870998716,0.48358940259678196
bidir,mean_frame,Middle third,extrapolation,-0.3813465192304996,0.4876691861862117
bidir,mean_frame,Middle third,extrapolation,-0.36244705136112765,0.49171673838027463
bidir,mean_frame,Middle third,extrapolation,-0.34354758349175574,0.4957323138157238
bidir,mean_frame,Middle third,extrapolation,-0.32464811562238377,0.4997161651176133
bidir,mean_frame,Middle third,extrapolation,-0.3057486477530118,0.5036685429151908
bidir,mean_frame,Middle third,extrapolation,-0.28684917988363984,0.5075896958576648
bidir,mean_frame,Middle third,extrapolation,-0.26794971201426787,0.511479870629848
bidir,mean_frame,Middle third,extrapolation,-0.2490502441448959,0.5153393119676761
bidir,mean_frame,Middle third,extrapolation,-0.230150776275524,0.5191682626736046
bidir,mean_frame,Middle third,extrapolation,-0.21125130840615203,0.5229669636318841
bidir,mean_frame,Middle third,extrapolation,-0.19235184053678006,0.526735653823714
bidir,mean_frame,Middle third,extrapolation,-0.1734523726674081,0.5304745703422776
bidir,mean_frame,Middle third,extrapolation,-0.15455290479803613,0.5341839484076581
bidir,mean_frame,Middle third,extrapolation,-0.13565343692866416,0.5378640213816361
bidir,mean_frame,Middle third,extrapolation,-0.11675396905929225,0.5415150207823711
bidir,mean_frame,Middle third,extrapolation,-0.09785450118992028,0.5451371762989661
bidir,mean_frame,Middle third,extrapolation,-0.07895503332054832,0.548730715805918
bidir,mean_frame,Middle third,extrapolation,-0.06005556545117641,0.5522958653774541
bidir,mean_frame,Middle third,extrapolation,-0.041156097581804385,0.5558328493017533
bidir,mean_frame,Middle third,extrapolation,-0.022256629712432474,0.5593418900950575
bidir,mean_frame,Middle third,extrapolation,-0.003357161843060452,0.5628232085156701
bidir,mean_frame,Middle third,extrapolation,0.015542306026311459,0.5662770235778438
bidir,mean_frame,Middle third,extrapolation,0.03444177389568337,0.5697035525655596
bidir,mean_frame,Middle third,extrapolation,0.05334124176505539,0.5731030110461962
bidir,mean_frame,Middle third,extrapolation,0.0722407096344273,0.5764756128840915
bidir,mean_frame,Middle third,extrapolation,0.09114017750379932,0.5798215702539975
bidir,mean_frame,Middle third,extrapolation,0.11003964537317124,0.5831410936544277
bidir,mean_frame,Middle third,extrapolation,0.12893911324254315,0.5864343919209007
bidir,mean_frame,Middle third,extrapolation,0.14783858111191517,0.589701672239078
bidir,mean_frame,Middle third,extrapolation,0.16673804898128708,0.5929431401577978
bidir,mean_frame,Middle third,extrapolation,0.1856375168506591,0.5961589996020074
bidir,mean_frame,Middle third,extrapolation,0.204536984720031,0.5993494528855914
bidir,mean_frame,Middle third,extrapolation,0.22343645258940292,0.6025147007240998
bidir,mean_frame,Middle third,extrapolation,0.24233592045877494,0.605654942247376
bidir,mean_frame,Middle third,extrapolation,0.26123538832814686,0.608770375012083
bidir,mean_frame,Middle third,extrapolation,0.2801348561975189,0.611861195014133
bidir,mean_frame,Middle third,extrapolation,0.2990343240668908,0.6149275967010175
bidir,mean_frame,Middle third,extrapolation,0.3179337919362628,0.6179697729840399
bidir,mean_frame,Middle third,extrapolation,0.3368332598056347,0.6209879152504522
bidir,mean_frame,Middle third,extrapolation,0.35573272767500663,0.6239822133754952
bidir,mean_frame,Middle third,extrapolation,0.37463219554437865,0.6269528557343439
bidir,mean_frame,Middle third,extrapolation,0.39353166341375057,0.6299000292139585
bidir,mean_frame,Middle third,extrapolation,0.4124311312831226,0.6328239192248414
bidir,mean_frame,Middle third,extrapolation,0.4313305991524945,0.6357247097127019
bidir,mean_frame,Middle third,extrapolation,0.4502300670218664,0.6386025831700286
bidir,mean_frame,Middle third,extrapolation,0.4691295348912383,0.6414577206475696
bidir,mean_frame,Middle third,extrapolation,0.48802900276061045,0.6442903017657232
bidir,mean_frame,Middle third,extrapolation,0.5069284706299824,0.647100504725838
bidir,mean_frame,Middle third,extrapolation,0.5258279384993543,0.6498885063214239
bidir,mean_frame,Middle third,extrapolation,0.5447274063687262,0.6526544819492736
bidir,mean_frame,Middle third,extrapolation,0.5636268742380981,0.6553986056204981
bidir,mean_frame,Middle third,extrapolation,0.5825263421074702,0.6581210499714734
bidir,mean_frame,Middle third,extrapolation,0.6014258099768421,0.6608219862747011
bidir,mean_frame,Middle third,extrapolation,0.620325277846214,0.663501584449584
bidir,mean_frame,Middle third,extrapolation,0.639224745715586,0.6661600130731156
bidir,mean_frame,Middle third,extrapolation,0.6581242135849579,0.668797439390485
bidir,mean_frame,Middle third,extrapolation,0.67702368145433,0.6714140293255997
bidir,mean_frame,Middle third,extrapolation,0.6959231493237019,0.6740099474915231
bidir,mean_frame,Middle third,extrapolation,0.7148226171930738,0.6765853572008304
bidir,mean_frame,Middle third,extrapolation,0.7337220850624457,0.6791404204758837
bidir,mean_frame,Middle third,extrapolation,0.7526215529318177,0.6816752980590246
bidir,mean_frame,Middle third,extrapolation,0.7715210208011898,0.6841901494226865
bidir,mean_frame,Middle third,extrapolation,0.7904204886705617,0.6866851327794273
bidir,mean_frame,Middle third,extrapolation,0.8093199565399336,0.689160405091883
bidir,mean_frame,Middle third,extrapolation,0.8282194244093055,0.6916161220826421
bidir,mean_frame,Middle third,extrapolation,0.8471188922786774,0.6940524382440427
bidir,mean_frame,Middle third,extrapolation,0.8660183601480496,0.6964695068478912
bidir,mean_frame,Middle third,extrapolation,0.8849178280174215,0.6988674799551058
bidir,mean_frame,Middle third,extrapolation,0.9038172958867934,0.7012465084252817
bidir,mean_frame,Middle third,extrapolation,0.9227167637561653,0.7036067419261828
bidir,mean_frame,Middle third,extrapolation,0.9416162316255372,0.7059483289431567
bidir,mean_frame,Middle third,extrapolation,0.9605156994949093,0.7082714167884774
bidir,mean_frame,Middle third,extrapolation,0.9794151673642812,0.7105761516106108
bidir,mean_frame,Middle third,extrapolation,0.9983146352336532,0.7128626784034116
bidir,mean_frame,Middle third,extrapolation,1.017214103103025,0.7151311410152427
bidir,mean_frame,Middle third,extrapolation,1.036113570972397,0.7173816821580268
bidir,mean_frame,Middle third,extrapolation,1.0550130388417691,0.719614443416223
bidir,mean_frame,Middle third,extrapolation,1.073912506711141,0.7218295652557356
bidir,mean_frame,Middle third,extrapolation,1.092811974580513,0.7240271870327499
bidir,mean_frame,Middle third,extrapolation,1.1117114424498848,0.7262074470024992
bidir,mean_frame,Middle third,extrapolation,1.1306109103192568,0.7283704823279635
bidir,mean_frame,Middle third,extrapolation,1.149510378188629,0.730516429088498
bidir,mean_frame,Middle third,extrapolation,1.1684098460580008,0.732645422288394
bidir,mean_frame,Middle third,extrapolation,1.1873093139273727,0.7347575958653725
bidir,mean_frame,Middle third,extrapolation,1.2062087817967446,0.7368530826990101
bidir,mean_frame,Middle third,extrapolation,1.2251082496661168,0.7389320146190987
bidir,mean_frame,Middle third,extrapolation,1.2440077175354887,0.7409945224139396
bidir,mean_frame,Middle third,extrapolation,1.2629071854048606,0.7430407358385702
bidir,mean_frame,Middle third,extrapolation,1.2818066532742325,0.7450707836229289
bidir,mean_frame,Middle third,extrapolation,1.3007061211436044,0.7470847934799523
bidir,mean_frame,Middle third,extrapolation,1.3196055890129765,0.74908289211361
bidir,mean_frame,Middle third,extrapolation,1.3385050568823484,0.7510652052268764
bidir,mean_frame,Middle third,extrapolation,1.3574045247517204,0.7530318575296377
bidir,mean_frame,Middle third,extrapolation,1.3763039926210923,0.7549829727465391
bidir,mean_frame,Middle third,extrapolation,1.3952034604904642,0.756918673624767
bidir,mean_frame,Middle third,extrapolation,1.4141029283598363,0.7588390819417716
bidir,mean_frame,Middle third,extrapolation,1.4330023962292082,0.7607443185129289
bidir,mean_frame,Middle third,extrapolation,1.4519018640985801,0.7626345031991403
bidir,mean_frame,Middle third,extrapolation,1.470801331967952,0.7645097549143735
bidir,mean_frame,Middle third,extrapolation,1.489700799837324,0.7663701916331439
bidir,mean_frame,Middle third,extrapolation,1.5086002677066959,0.7682159303979363
bidir,mean_frame,Middle third,extrapolation,1.5274997355760678,0.770047087326568
bidir,mean_frame,Middle third,extrapolation,1.5463992034454397,0.7718637776194942
bidir,mean_frame,Middle third,extrapolation,1.565298671314812,0.7736661155670554
bidir,mean_frame,Middle third,extrapolation,1.584198139184184,0.775454214556667
bidir,mean_frame,Middle third,extrapolation,1.6030976070535559,0.7772281870799536
bidir,mean_frame,Middle third,extrapolation,1.6219970749229278,0.7789881447398254
bidir,mean_frame,Middle third,extrapolation,1.6408965427922997,0.7807341982574991
bidir,mean_frame,Middle third,extrapolation,1.6597960106616716,0.7824664574794642
bidir,mean_frame,Middle third,extrapolation,1.6786954785310435,0.784185031384393
bidir,mean_frame,Middle third,extrapolation,1.6975949464004154,0.7858900280899965
bidir,mean_frame,Middle third,extrapolation,1.7164944142697873,0.7875815548598271
bidir,mean_frame,Middle third,extrapolation,1.7353938821391592,0.7892597181100254
bidir,mean_frame,Middle third,extrapolation,1.7542933500085316,0.7909246234160163
bidir,mean_frame,Middle third,extrapolation,1.7731928178779035,0.7925763755191498
bidir,mean_frame,Middle third,extrapolation,1.7920922857472754,0.7942150783332911
bidir,mean_frame,Middle third,extrapolation,1.8109917536166473,0.7958408349513575
bidir,mean_frame,Middle third,extrapolation,1.8298912214860192,0.7974537476518047
bidir,mean_frame,Middle third,extrapolation,1.8487906893553911,0.7990539179050604
bidir,mean_frame,Middle third,extrapolation,1.867690157224763,0.800641446379909
bidir,mean_frame,Middle third,extrapolation,1.886589625094135,0.8022164329498237
bidir,mean_frame,Middle third,extrapolation,1.9054890929635069,0.8037789766992506
bidir,mean_frame,Middle third,extrapolation,1.9243885608328792,0.8053291759298415
bidir,mean_frame,Middle third,extrapolation,1.9432880287022511,0.8068671281666391
bidir,mean_frame,Middle third,extrapolation,1.962187496571623,0.8083929301642111
bidir,mean_frame,Middle third,extrapolation,1.981086964440995,0.8099066779127385
bidir,mean_frame,Middle third,extrapolation,1.9999864323103669,0.8114084666440535
bidir,mean_frame,Middle third,extrapolation,2.018885900179739,0.8128983908376313
bidir,mean_frame,Middle third,extrapolation,2.0377853680491107,0.8143765442265334
bidir,mean_frame,Middle third,extrapolation,2.0566848359184826,0.8158430198033049
bidir,mean_frame,Middle third,extrapolation,2.0755843037878545,0.8172979098258247
bidir,mean_frame,Middle third,extrapolation,2.0944837716572264,0.8187413058231092
bidir,mean_frame,Middle third,extrapolation,2.113383239526599,0.8201732986010711
bidir,mean_frame,Middle third,extrapolation,2.1322827073959707,0.8215939782482314
bidir,mean_frame,Middle third,extrapolation,2.1511821752653426,0.8230034341413877
bidir,mean_frame,Middle third,extrapolation,2.1700816431347145,0.8244017549512366
bidir,mean_frame,Middle third,extrapolation,2.1889811110040864,0.825789028647952
bidir,mean_frame,Middle third,extrapolation,2.2078805788734583,0.82716534250672
bidir,mean_frame,Middle third,extrapolation,2.2267800467428303,0.8285307831132288
bidir,mean_frame,Middle third,extrapolation,2.245679514612202,0.8298854363691162
bidir,mean_frame,Middle third,extrapolation,2.264578982481574,0.831229387497374
bidir,mean_frame,Middle third,extrapolation,2.283478450350946,0.8325627210477089
bidir,mean_frame,Middle third,extrapolation,2.3023779182203183,0.8338855209018625
bidir,mean_frame,Middle third,extrapolation,2.3212773860896903,0.8351978702788876
bidir,mean_frame,Middle third,extrapolation,2.340176853959062,0.836499851740384
bidir,mean_frame,Middle third,extrapolation,2.359076321828434,0.8377915471956925
bidir,mean_frame,Middle third,extrapolation,2.377975789697806,0.8390730379070481
bidir,mean_frame,Middle third,extrapolation,2.396875257567178,0.8403444044946919
bidir,mean_frame,Middle third,extrapolation,2.41577472543655,0.8416057269419434
bidir,mean_frame,Middle third,extrapolation,2.4346741933059217,0.8428570846002319
bidir,mean_frame,Middle third,extrapolation,2.4535736611752936,0.8440985561940896
bidir,mean_frame,Middle third,extrapolation,2.4724731290446655,0.8453302198261028
bidir,mean_frame,Middle third,extrapolation,2.491372596914038,0.8465521529818267
bidir,mean_frame,Middle third,extrapolation,2.51027206478341,0.8477644325346595
bidir,mean_frame,Middle third,extrapolation,2.5291715326527817,0.8489671347506786
bidir,mean_frame,Middle third,extrapolation,2.5480710005221536,0.850160335293439
bidir,mean_frame,Middle third,extrapolation,2.5669704683915255,0.851344109228733
bidir,mean_frame,Middle third,extrapolation,2.5858699362608975,0.8525185310293126
bidir,mean_frame,Middle third,extrapolation,2.6047694041302694,0.8536836745795753
bidir,mean_frame,Middle third,extrapolation,2.6236688719996413,0.8548396131802113
bidir,mean_frame,Middle third,extrapolation,2.642568339869013,0.8559864195528161
bidir,mean_frame,Middle third,extrapolation,2.661467807738385,0.8571241658444645
bidir,mean_frame,Middle third,extrapolation,2.6803672756077574,0.85825292363225
bidir,mean_frame,Middle third,extrapolation,2.6992667434771294,0.8593727639277877
bidir,mean_frame,Middle third,extrapolation,2.7181662113465013,0.8604837571816816
bidir,mean_frame,Middle third,extrapolation,2.737065679215873,0.8615859732879568
bidir,mean_frame,Middle third,extrapolation,2.755965147085245,0.8626794815884571
bidir,mean_frame,Middle third,extrapolation,2.774864614954617,0.8637643508772064
bidir,mean_frame,Middle third,extrapolation,2.793764082823989,0.8648406494047374
bidir,mean_frame,Middle third,extrapolation,2.812663550693361,0.865908444882385
bidir,mean_frame,Middle third,extrapolation,2.8315630185627327,0.8669678044865468
bidir,mean_frame,Middle third,extrapolation,2.8504624864321046,0.8680187948629077
bidir,mean_frame,Middle third,extrapolation,2.869361954301477,0.8690614821306345
bidir,mean_frame,Middle third,extrapolation,2.888261422170849,0.870095931886534
bidir,mean_frame,Middle third,extrapolation,2.907160890040221,0.871122209209181
bidir,mean_frame,Middle third,extrapolation,2.9260603579095927,0.8721403786630115
bidir,mean_frame,Middle third,extrapolation,2.9449598257789646,0.8731505043023854
bidir,mean_frame,Middle third,extrapolation,2.9638592936483366,0.8741526496756155
bidir,mean_frame,Middle third,extrapolation,2.9827587615177085,0.8751468778289656
bidir,mean_frame,Middle third,extrapolation,3.0016582293870804,0.8761332513106173
bidir,mean_frame,Middle third,extrapolation,3.0205576972564523,0.8771118321746044
bidir,mean_frame,Middle third,extrapolation,3.0394571651258246,0.8780826819847172
bidir,mean_frame,Middle third,extrapolation,3.0583566329951966,0.8790458618183752
bidir,mean_frame,Middle third,extrapolation,3.0772561008645685,0.8800014322704698
bidir,mean_frame,Middle third,extrapolation,3.0961555687339404,0.8809494534571763
bidir,mean_frame,Middle third,extrapolation,3.1150550366033123,0.881889985019736
bidir,mean_frame,Middle third,extrapolation,3.133954504472684,0.8828230861282084
bidir,mean_frame,Middle third,extrapolation,3.152853972342056,0.8837488154851931
bidir,mean_frame,Middle third,extrapolation,3.171753440211428,0.8846672313295235
bidir,mean_frame,Middle third,extrapolation,3.1906529080808,0.8855783914399307
bidir,mean_frame,Middle third,extrapolation,3.209552375950172,0.8864823531386776
bidir,mean_frame,Middle third,extrapolation,3.228451843819544,0.8873791732951661
bidir,mean_frame,Middle third,extrapolation,3.247351311688916,0.8882689083295144
bidir,mean_frame,Middle third,extrapolation,3.266250779558288,0.8891516142161064
bidir,mean_frame,Middle third,extrapolation,3.28515024742766,0.8900273464871133
bidir,mean_frame,Middle third,extrapolation,3.304049715297032,0.890896160235987
bidir,mean_frame,Middle third,extrapolation,3.3229491831664038,0.891758110120926
bidir,mean_frame,Middle third,extrapolation,3.3418486510357757,0.8926132503683146
bidir,mean_frame,Middle third,extrapolation,3.3607481189051476,0.8934616347761339
bidir,mean_frame,Middle third,extrapolation,3.3796475867745195,0.8943033167173464
bidir,mean_frame,Middle third,extrapolation,3.3985470546438914,0.8951383491432534
bidir,mean_frame,Middle third,extrapolation,3.4174465225132638,0.8959667845868271
bidir,mean_frame,Middle third,extrapolation,3.4363459903826357,0.8967886751660146
bidir,mean_frame,Middle third,extrapolation,3.4552454582520076,0.8976040725870171
bidir,mean_frame,Middle third,extrapolation,3.4741449261213795,0.8984130281475433
bidir,mean_frame,Middle third,extrapolation,3.4930443939907514,0.8992155927400354
bidir,mean_frame,Middle third,extrapolation,3.5119438618601233,0.900011816854872
bidir,mean_frame,Middle third,extrapolation,3.530843329729495,0.9008017505835438
bidir,mean_frame,Middle third,extrapolation,3.549742797598867,0.9015854436218055
bidir,mean_frame,Middle third,extrapolation,3.568642265468239,0.9023629452728014
bidir,mean_frame,Middle third,extrapolation,3.587541733337611,0.9031343044501678
bidir,mean_frame,Middle third,extrapolation,3.606441201206983,0.9038995696811103
bidir,mean_frame,Middle third,extrapolation,3.6253406690763548,0.9046587891094561
bidir,mean_frame,Middle third,extrapolation,3.6442401369457267,0.905412010498683
bidir,mean_frame,Middle third,extrapolation,3.6631396048150986,0.906159281234925
bidir,mean_frame,Middle third,extrapolation,3.6820390726844705,0.9069006483299521
bidir,mean_frame,Middle third,extrapolation,3.7009385405538433,0.9076361584241291
bidir,mean_frame,Middle third,extrapolation,3.719838008423215,0.908365857789349
bidir,mean_frame,Middle third,extrapolation,3.738737476292587,0.9090897923319443
bidir,mean_frame,Middle third,extrapolation,3.757636944161959,0.9098080075955753
bidir,mean_frame,Middle third,extrapolation,3.776536412031331,0.9105205487640948
bidir,mean_frame,Middle third,extrapolation,3.795435879900703,0.9112274606643911
bidir,mean_frame,Middle third,extrapolation,3.8143353477700748,0.9119287877692077
bidir,mean_frame,Middle third,extrapolation,3.8332348156394467,0.9126245741999417
bidir,mean_frame,Middle third,extrapolation,3.8521342835088186,0.9133148637294188
bidir,mean_frame,Middle third,extrapolation,3.8710337513781905,0.9139996997846481
bidir,mean_frame,Middle third,extrapolation,3.8899332192475624,0.914679125449553
bidir,mean_frame,Middle third,extrapolation,3.9088326871169343,0.9153531834676826
bidir,mean_frame,Middle third,extrapolation,3.9277321549863062,0.9160219162449001
bidir,mean_frame,Middle third,extrapolation,3.946631622855678,0.9166853658520512
bidir,mean_frame,Middle third,extrapolation,3.96553109072505,0.9173435740276104
bidir,mean_frame,Middle third,extrapolation,3.984430558594422,0.9179965821803067
bidir,mean_frame,Middle third,extrapolation,4.003330026463794,0.9186444313917292
bidir,mean_frame,Middle third,extrapolation,4.022229494333166,0.9192871624189114
bidir,mean_frame,Middle third,extrapolation,4.041128962202538,0.9199248156968951
bidir,mean_frame,Middle third,extrapolation,4.06002843007191,0.9205574313412741
bidir,mean_frame,Middle third,extrapolation,4.078927897941282,0.9211850491507183
bidir,mean_frame,Middle third,extrapolation,4.097827365810654,0.9218077086094776
bidir,mean_frame,Middle third,extrapolation,4.116726833680026,0.9224254488898651
bidir,mean_frame,Middle third,extrapolation,4.135626301549398,0.9230383088547225
bidir,mean_frame,Middle third,extrapolation,4.15452576941877,0.9236463270598643
bidir,mean_frame,Middle third,extrapolation,4.173425237288142,0.9242495417565034
bidir,mean_frame,Middle third,extrapolation,4.192324705157514,0.9248479908936583
bidir,mean_frame,Middle third,extrapolation,4.211224173026886,0.9254417121205396
bidir,mean_frame,Middle third,extrapolation,4.230123640896258,0.926030742788919
bidir,mean_frame,Middle third,extrapolation,4.24902310876563,0.9266151199554791
bidir,mean_frame,Middle third,extrapolation,4.2679225766350015,0.9271948803841445
bidir,mean_frame,Middle third,extrapolation,4.286822044504373,0.9277700605483954
bidir,mean_frame,Middle third,extrapolation,4.305721512373745,0.9283406966335609
bidir,mean_frame,Middle third,extrapolation,4.324620980243117,0.9289068245390967
bidir,mean_frame,Middle third,extrapolation,4.343520448112489,0.9294684798808428
bidir,mean_frame,Middle third,extrapolation,4.362419915981861,0.9300256979932647
bidir,mean_frame,Middle third,extrapolation,4.381319383851233,0.9305785139316758
bidir,mean_frame,Middle third,extrapolation,4.400218851720605,0.931126962474443
bidir,mean_frame,Middle third,extrapolation,4.419118319589977,0.9316710781251751
bidir,mean_frame,Middle third,extrapolation,4.43801778745935,0.9322108951148924
bidir,mean_frame,Middle third,extrapolation,4.4569172553287215,0.9327464474041814
bidir,mean_frame,Middle third,extrapolation,4.475816723198093,0.9332777686853306
bidir,mean_frame,Middle third,extrapolation,4.494716191067465,0.9338048923844502
bidir,mean_frame,Middle third,extrapolation,4.513615658936837,0.9343278516635751
bidir,mean_frame,Middle third,extrapolation,4.532515126806209,0.9348466794227512
bidir,mean_frame,Middle third,extrapolation,4.551414594675581,0.9353614083021053
bidir,mean_frame,Middle third,extrapolation,4.570314062544953,0.935872070683898
bidir,mean_frame,Middle third,extrapolation,4.589213530414325,0.9363786986945616
bidir,mean_frame,Middle third,extrapolation,4.608112998283697,0.9368813242067205
bidir,mean_frame,Middle third,extrapolation,4.627012466153069,0.9373799788411972
bidir,mean_frame,Middle third,extrapolation,4.645911934022441,0.9378746939690007
bidir,mean_frame,Middle third,extrapolation,4.6648114018918125,0.9383655007133008
bidir,mean_frame,Middle third,extrapolation,4.6837108697611844,0.938852429951386
bidir,mean_frame,Middle third,extrapolation,4.702610337630556,0.9393355123166052
bidir,mean_frame,Middle third,extrapolation,4.721509805499928,0.9398147782002962
bidir,mean_frame,Middle third,extrapolation,4.7404092733693,0.9402902577536968
bidir,mean_frame,Middle third,extrapolation,4.759308741238672,0.9407619808898419
bidir,mean_frame,Middle third,extrapolation,4.778208209108044,0.9412299772854449
bidir,mean_frame,Middle third,extrapolation,4.797107676977416,0.9416942763827658
bidir,mean_frame,Middle third,extrapolation,4.816007144846789,0.9421549073914623
bidir,mean_frame,Middle third,extrapolation,4.834906612716161,0.9426118992904282
bidir,mean_frame,Middle third,extrapolation,4.8538060805855325,0.9430652808296158
bidir,mean_frame,Middle third,extrapolation,4.8727055484549044,0.9435150805318453
bidir,mean_frame,Middle third,extrapolation,4.891605016324276,0.9439613266945988
bidir,mean_frame,Middle third,extrapolation,4.910504484193648,0.9444040473918007
bidir,mean_frame,Middle third,extrapolation,4.92940395206302,0.9448432704755837
bidir,mean_frame,Middle third,extrapolation,4.948303419932392,0.945279023578041
bidir,mean_frame,Middle third,extrapolation,4.967202887801764,0.9457113341129652
bidir,mean_frame,Middle third,extrapolation,4.986102355671136,0.946140229277572
bidir,mean_frame,Middle third,extrapolation,5.005001823540508,0.9465657360542121
bidir,mean_frame,Middle third,extrapolation,5.02390129140988,0.946987881212068
bidir,mean_frame,Middle third,extrapolation,5.042800759279252,0.9474066913088388
bidir,mean_frame,Middle third,extrapolation,5.0617002271486236,0.9478221926924104
bidir,mean_frame,Middle third,extrapolation,5.0805996950179955,0.948234411502513
bidir,mean_frame,Middle third,extrapolation,5.099499162887367,0.9486433736723663
bidir,mean_frame,Middle third,extrapolation,5.118398630756739,0.9490491049303101
bidir,mean_frame,Middle third,extrapolation,5.137298098626111,0.9494516308014238
bidir,mean_frame,Middle third,extrapolation,5.156197566495483,0.9498509766091314
bidir,mean_frame,Middle third,extrapolation,5.175097034364855,0.9502471674767954
bidir,mean_frame,Middle third,extrapolation,5.193996502234228,0.9506402283292963
bidir,mean_frame,Middle third,extrapolation,5.2128959701036,0.9510301838946018
bidir,mean_frame,Middle third,extrapolation,5.231795437972972,0.9514170587053219
bidir,mean_frame,Middle third,extrapolation,5.2506949058423436,0.9518008771002521
bidir,mean_frame,Middle third,extrapolation,5.2695943737117155,0.952181663225905
bidir,mean_frame,Middle third,extrapolation,5.288493841581087,0.9525594410380294
bidir,mean_frame,Middle third,extrapolation,5.307393309450459,0.9529342343031166
bidir,mean_frame,Middle third,extrapolation,5.326292777319831,0.9533060665998968
bidir,mean_frame,Middle third,extrapolation,5.345192245189203,0.9536749613208216
bidir,mean_frame,Middle third,extrapolation,5.364091713058575,0.9540409416735359
bidir,mean_frame,Middle third,extrapolation,5.382991180927947,0.9544040306823378
bidir,mean_frame,Middle third,extrapolation,5.401890648797319,0.9547642511896275
bidir,mean_frame,Middle third,extrapolation,5.420790116666691,0.9551216258573437
bidir,mean_frame,Middle third,extrapolation,5.439689584536063,0.9554761771683901
bidir,mean_frame,Middle third,extrapolation,5.458589052405435,0.9558279274280487
bidir,mean_frame,Middle third,extrapolation,5.4774885202748065,0.9561768987653845
bidir,mean_frame,Middle third,extrapolation,5.496387988144178,0.9565231131346362
bidir,mean_frame,Middle third,extrapolation,5.51528745601355,0.9568665923165988
bidir,mean_frame,Middle third,extrapolation,5.534186923882922,0.9572073579199923
bidir,mean_frame,Middle third,extrapolation,5.553086391752295,0.9575454313828226
bidir,mean_frame,Middle third,extrapolation,5.571985859621667,0.9578808339737293
bidir,mean_frame,Middle third,extrapolation,5.590885327491039,0.9582135867933238
bidir,mean_frame,Middle third,extrapolation,5.609784795360411,0.9585437107755174
bidir,mean_frame,Middle third,extrapolation,5.628684263229783,0.9588712266888375
bidir,mean_frame,Middle third,extrapolation,5.647583731099155,0.9591961551377346
bidir,mean_frame,Middle third,extrapolation,5.6664831989685265,0.9595185165638785
bidir,mean_frame,Middle third,extrapolation,5.685382666837898,0.9598383312474442
bidir,mean_frame,Middle third,extrapolation,5.70428213470727,0.9601556193083878
bidir,mean_frame,Middle third,extrapolation,5.723181602576642,0.9604704007077124
bidir,mean_frame,Middle third,extrapolation,5.742081070446014,0.9607826952487237
bidir,mean_frame,Middle third,extrapolation,5.760980538315386,0.9610925225782759
bidir,mean_frame,Middle third,extrapolation,5.779880006184758,0.9613999021880079
bidir,mean_frame,Middle third,extrapolation,5.79877947405413,0.9617048534155691
bidir,mean_frame,Middle third,extrapolation,5.817678941923502,0.9620073954458366
bidir,mean_frame,Middle third,extrapolation,5.836578409792874,0.9623075473121212
bidir,mean_frame,Middle third,extrapolation,5.855477877662246,0.9626053278973661
bidir,mean_frame,Middle third,extrapolation,5.8743773455316175,0.9629007559353335
bidir,mean_frame,Middle third,extrapolation,5.893276813400989,0.9631938500117843
bidir,mean_frame,Middle third,extrapolation,5.912176281270361,0.9634846285656464
bidir,mean_frame,Middle third,extrapolation,5.931075749139734,0.9637731098901757
bidir,mean_frame,Middle third,extrapolation,5.949975217009106,0.9640593121341059
bidir,mean_frame,Middle third,extrapolation,5.968874684878478,0.9643432533027911
bidir,mean_frame,Middle third,extrapolation,5.98777415274785,0.9646249512593382
bidir,mean_frame,Middle third,extrapolation,6.006673620617222,0.9649044237257305
bidir,mean_frame,Middle third,extrapolation,6.025573088486594,0.9651816882839432
bidir,mean_frame,Middle third,extrapolation,6.044472556355966,0.9654567623770488
bidir,mean_frame,Middle third,extrapolation,6.0633720242253375,0.9657296633103151
bidir,mean_frame,Middle third,extrapolation,6.082271492094709,0.9660004082522932
bidir,mean_frame,Middle third,extrapolation,6.101170959964081,0.9662690142358983
bidir,mean_frame,Middle third,extrapolation,6.120070427833453,0.9665354981594809
bidir,mean_frame,Middle third,extrapolation,6.138969895702825,0.96679987678789
bidir,mean_frame,Middle third,extrapolation,6.157869363572197,0.9670621667535277
bidir,mean_frame,Middle third,extrapolation,6.176768831441569,0.9673223845573955
bidir,mean_frame,Middle third,extrapolation,6.195668299310941,0.9675805465701327
bidir,mean_frame,Middle third,extrapolation,6.214567767180313,0.967836669033046
bidir,mean_frame,Middle third,extrapolation,6.233467235049685,0.9680907680591315
bidir,mean_frame,Middle third,extrapolation,6.252366702919057,0.9683428596340882
bidir,mean_frame,Middle third,extrapolation,6.2712661707884285,0.9685929596173235
bidir,mean_frame,Middle third,extrapolation,6.2901656386578,0.9688410837429517
bidir,mean_frame,Middle third,extrapolation,6.309065106527173,0.969087247620783
bidir,mean_frame,Middle third,extrapolation,6.327964574396545,0.9693314667373057
bidir,mean_frame,Middle third,extrapolation,6.346864042265917,0.9695737564566613
bidir,mean_frame,Middle third,extrapolation,6.365763510135289,0.9698141320216096
bidir,mean_frame,Middle third,extrapolation,6.384662978004661,0.970052608554489
bidir,mean_frame,Middle third,extrapolation,6.403562445874033,0.9702892010581674
bidir,mean_frame,Middle third,extrapolation,6.422461913743405,0.9705239244169854
bidir,mean_frame,Middle third,extrapolation,6.441361381612777,0.9707567933976939
bidir,mean_frame,Middle third,extrapolation,6.4602608494821485,0.9709878226503823
bidir,mean_frame,Middle third,extrapolation,6.47916031735152,0.9712170267094
bidir,mean_frame,Middle third,extrapolation,6.498059785220892,0.9714444199942716
bidir,mean_frame,Middle third,extrapolation,6.516959253090264,0.971670016810603
bidir,mean_frame,Middle third,extrapolation,6.535858720959636,0.9718938313509826
bidir,mean_frame,Middle third,extrapolation,6.554758188829008,0.9721158776958729
bidir,mean_frame,Middle third,extrapolation,6.57365765669838,0.9723361698144973
bidir,mean_frame,Middle third,extrapolation,6.592557124567752,0.9725547215657184
bidir,mean_frame,Middle third,extrapolation,6.611456592437124,0.97277154669891
bidir,mean_frame,Middle third,extrapolation,6.630356060306496,0.9729866588548223
bidir,mean_frame,Middle third,extrapolation,6.649255528175868,0.9732000715664396
bidir,mean_frame,Middle third,extrapolation,6.66815499604524,0.9734117982598323
bidir,mean_frame,Middle third,extrapolation,6.687054463914612,0.973621852255001
bidir,mean_frame,Middle third,extrapolation,6.705953931783984,0.9738302467667146
bidir,mean_frame,Middle third,extrapolation,6.724853399653356,0.974036994905342
bidir,mean_frame,Middle third,extrapolation,6.743752867522728,0.9742421096776765
bidir,mean_frame,Middle third,extrapolation,6.7626523353921,0.9744456039877541
bidir,mean_frame,Middle third,extrapolation,6.781551803261472,0.9746474906376658
bidir,mean_frame,Middle third,extrapolation,6.800451271130844,0.9748477823283619
bidir,mean_frame,Middle third,extrapolation,6.819350739000216,0.9750464916604525
bidir,mean_frame,Middle third,extrapolation,6.838250206869588,0.9752436311349991
bidir,mean_frame,Middle third,extrapolation,6.8571496747389595,0.9754392131543016
bidir,mean_frame,Middle third,extrapolation,6.876049142608331,0.9756332500226781
bidir,mean_frame,Middle third,extrapolation,6.894948610477703,0.9758257539472395
bidir,mean_frame,Middle third,extrapolation,6.913848078347075,0.9760167370386571
bidir,mean_frame,Middle third,extrapolation,6.932747546216447,0.9762062113119248
bidir,mean_frame,Middle third,extrapolation,6.951647014085819,0.9763941886871144
bidir,mean_frame,Middle third,extrapolation,6.970546481955191,0.9765806809901263
bidir,mean_frame,Middle third,extrapolation,6.989445949824563,0.9767656999534329
bidir,mean_frame,Middle third,extrapolation,7.008345417693935,0.976949257216817
bidir,mean_frame,Middle third,extrapolation,7.027244885563307,0.9771313643281039
bidir,mean_frame,Middle third,extrapolation,7.0461443534326795,0.9773120327438877
bidir,mean_frame,Middle third,extrapolation,7.065043821302051,0.9774912738302528
bidir,mean_frame,Middle third,extrapolation,7.083943289171423,0.9776690988634882
bidir,mean_frame,Middle third,extrapolation,7.102842757040795,0.977845519030797
bidir,mean_frame,Middle third,extrapolation,7.121742224910167,0.9780205454310006
bidir,mean_frame,Middle third,extrapolation,7.140641692779539,0.9781941890752367
bidir,mean_frame,Middle third,extrapolation,7.159541160648911,0.9783664608876519
bidir,mean_frame,Middle third,extrapolation,7.178440628518283,0.9785373717060891
bidir,mean_frame,Middle third,extrapolation,7.197340096387655,0.9787069322827694
bidir,mean_frame,Middle third,extrapolation,7.216239564257027,0.9788751532849684
bidir,mean_frame,Middle third,extrapolation,7.235139032126399,0.9790420452956874
bidir,mean_frame,Middle third,extrapolation,7.2540384999957706,0.979207618814319
bidir,mean_frame,Middle third,extrapolation,7.2729379678651425,0.9793718842573077
bidir,mean_frame,Middle third,extrapolation,7.291837435734514,0.9795348519588055
bidir,mean_frame,Middle third,extrapolation,7.310736903603886,0.9796965321713216
bidir,mean_frame,Middle third,extrapolation,7.329636371473258,0.9798569350663676
bidir,mean_frame,Middle third,extrapolation,7.34853583934263,0.9800160707350978
bidir,mean_frame,Middle third,extrapolation,7.367435307212002,0.9801739491889429
bidir,mean_frame,Middle third,extrapolation,7.386334775081374,0.9803305803602412
bidir,mean_frame,Middle third,extrapolation,7.405234242950746,0.9804859741028628
bidir,mean_frame,Middle third,extrapolation,7.424133710820119,0.9806401401928291
bidir,mean_frame,Middle third,extrapolation,7.44303317868949,0.9807930883289289
bidir,mean_frame,Middle third,extrapolation,7.4619326465588625,0.9809448281333273
bidir,mean_frame,Middle third,extrapolation,7.4808321144282335,0.9810953691521722
bidir,mean_frame,Middle third,extrapolation,7.499731582297606,0.9812447208561943
bidir,mean_frame,Middle third,extrapolation,7.518631050166977,0.9813928926413026
bidir,mean_frame,Middle third,extrapolation,7.53753051803635,0.9815398938291762
bidir,mean_frame,Middle third,extrapolation,7.556429985905721,0.9816857336678502
bidir,mean_frame,Middle third,extrapolation,7.575329453775094,0.9818304213322979
bidir,mean_frame,Middle third,extrapolation,7.594228921644465,0.981973965925008
bidir,mean_frame,Middle third,extrapolation,7.613128389513838,0.9821163764765564
bidir,mean_frame,Middle third,extrapolation,7.6320278573832105,0.9822576619461757
bidir,mean_frame,Middle third,extrapolation,7.650927325252582,0.9823978312223177
bidir,mean_frame,Middle third,extrapolation,7.669826793121954,0.9825368931232134
bidir,mean_frame,Middle third,extrapolation,7.688726260991325,0.982674856397427
bidir,mean_frame,Middle third,extrapolation,7.707625728860698,0.982811729724407
bidir,mean_frame,Middle third,extrapolation,7.726525196730069,0.9829475217150316
bidir,mean_frame,Middle third,extrapolation,7.745424664599442,0.9830822409121511
bidir,mean_frame,Middle third,extrapolation,7.764324132468813,0.9832158957911246
bidir,mean_frame,Middle third,extrapolation,7.783223600338186,0.9833484947603537
bidir,mean_frame,Middle third,extrapolation,7.802123068207557,0.9834800461618114
bidir,mean_frame,Middle third,extrapolation,7.82102253607693,0.9836105582715668
bidir,mean_frame,Middle third,extrapolation,7.839922003946301,0.983740039300306
bidir,mean_frame,Middle third,extrapolation,7.8588214718156735,0.9838684973938482
bidir,mean_frame,Middle third,extrapolation,7.8777209396850445,0.9839959406336585
bidir,mean_frame,Middle third,extrapolation,7.896620407554416,0.9841223770373562
bidir,mean_frame,Last third,fit,-0.5657595699440683,0.5000626373446018
bidir,mean_frame,Last third,fit,-0.5640572180272722,0.5002463920207312
bidir,mean_frame,Last third,fit,-0.562354866110476,0.5004300791568375
bidir,mean_frame,Last third,fit,-0.5606525141936799,0.5006136987777454
bidir,mean_frame,Last third,fit,-0.5589501622768838,0.5007972509082708
bidir,mean_frame,Last third,fit,-0.5572478103600876,0.5009807355732195
bidir,mean_frame,Last third,fit,-0.5555454584432915,0.5011641527973895
bidir,mean_frame,Last third,fit,-0.5538431065264954,0.5013475026055686
bidir,mean_frame,Last third,fit,-0.5521407546096992,0.5015307850225361
bidir,mean_frame,Last third,fit,-0.5504384026929031,0.5017140000730618
bidir,mean_frame,Last third,fit,-0.548736050776107,0.501897147781907
bidir,mean_frame,Last third,fit,-0.5470336988593107,0.502080228173823
bidir,mean_frame,Last third,fit,-0.5453313469425146,0.5022632412735529
bidir,mean_frame,Last third,fit,-0.5436289950257185,0.5024461871058301
bidir,mean_frame,Last third,fit,-0.5419266431089224,0.5026290656953792
bidir,mean_frame,Last third,fit,-0.5402242911921262,0.5028118770669157
bidir,mean_frame,Last third,fit,-0.5385219392753301,0.5029946212451457
bidir,mean_frame,Last third,fit,-0.536819587358534,0.5031772982547666
bidir,mean_frame,Last third,fit,-0.5351172354417378,0.5033599081204665
bidir,mean_frame,Last third,fit,-0.5334148835249417,0.5035424508669248
bidir,mean_frame,Last third,fit,-0.5317125316081456,0.5037249265188113
bidir,mean_frame,Last third,fit,-0.5300101796913494,0.5039073351007869
bidir,mean_frame,Last third,fit,-0.5283078277745533,0.5040896766375036
bidir,mean_frame,Last third,fit,-0.5266054758577572,0.5042719511536045
bidir,mean_frame,Last third,fit,-0.5249031239409611,0.504454158673723
bidir,mean_frame,Last third,fit,-0.5232007720241649,0.504636299222484
bidir,mean_frame,Last third,fit,-0.5214984201073688,0.504818372824503
bidir,mean_frame,Last third,fit,-0.5197960681905727,0.505000379504387
bidir,mean_frame,Last third,fit,-0.5180937162737765,0.5051823192867334
bidir,mean_frame,Last third,fit,-0.5163913643569804,0.5053641921961307
bidir,mean_frame,Last third,fit,-0.5146890124401843,0.5055459982571585
bidir,mean_frame,Last third,fit,-0.5129866605233881,0.5057277374943872
bidir,mean_frame,Last third,fit,-0.511284308606592,0.5059094099323784
bidir,mean_frame,Last third,fit,-0.5095819566897959,0.5060910155956844
bidir,mean_frame,Last third,fit,-0.5078796047729996,0.5062725545088484
bidir,mean_frame,Last third,fit,-0.5061772528562035,0.5064540266964053
bidir,mean_frame,Last third,fit,-0.5044749009394074,0.5066354321828799
bidir,mean_frame,Last third,fit,-0.5027725490226113,0.5068167709927888
bidir,mean_frame,Last third,fit,-0.5010701971058151,0.5069980431506393
bidir,mean_frame,Last third,fit,-0.499367845189019,0.5071792486809299
bidir,mean_frame,Last third,fit,-0.49766549327222287,0.5073603876081496
bidir,mean_frame,Last third,fit,-0.49596314135542674,0.5075414599567789
bidir,mean_frame,Last third,fit,-0.4942607894386306,0.5077224657512892
bidir,mean_frame,Last third,fit,-0.4925584375218345,0.5079034050161426
bidir,mean_frame,Last third,fit,-0.49085608560503835,0.5080842777757928
bidir,mean_frame,Last third,fit,-0.4891537336882422,0.5082650840546836
bidir,mean_frame,Last third,fit,-0.4874513817714461,0.5084458238772508
bidir,mean_frame,Last third,fit,-0.48574902985464996,0.5086264972679206
bidir,mean_frame,Last third,fit,-0.48404667793785383,0.5088071042511105
bidir,mean_frame,Last third,fit,-0.4823443260210577,0.5089876448512288
bidir,mean_frame,Last third,fit,-0.48064197410426157,0.5091681190926751
bidir,mean_frame,Last third,fit,-0.47893962218746544,0.5093485269998399
bidir,mean_frame,Last third,fit,-0.47723727027066926,0.5095288685971044
bidir,mean_frame,Last third,fit,-0.4755349183538731,0.5097091439088417
bidir,mean_frame,Last third,fit,-0.473832566437077,0.509889352959415
bidir,mean_frame,Last third,fit,-0.47213021452028087,0.510069495773179
bidir,mean_frame,Last third,fit,-0.47042786260348474,0.5102495723744793
bidir,mean_frame,Last third,fit,-0.4687255106866886,0.510429582787653
bidir,mean_frame,Last third,fit,-0.4670231587698925,0.5106095270370278
bidir,mean_frame,Last third,fit,-0.46532080685309635,0.5107894051469224
bidir,mean_frame,Last third,fit,-0.46361845493630016,0.5109692171416467
bidir,mean_frame,Last third,fit,-0.46191610301950403,0.5111489630455017
bidir,mean_frame,Last third,fit,-0.4602137511027079,0.5113286428827797
bidir,mean_frame,Last third,fit,-0.45851139918591177,0.5115082566777637
bidir,mean_frame,Last third,fit,-0.45680904726911564,0.5116878044547277
bidir,mean_frame,Last third,fit,-0.4551066953523195,0.5118672862379372
bidir,mean_frame,Last third,fit,-0.4534043434355234,0.5120467020516486
bidir,mean_frame,Last third,fit,-0.45170199151872725,0.5122260519201092
bidir,mean_frame,Last third,fit,-0.4499996396019311,0.5124053358675574
bidir,mean_frame,Last third,fit,-0.448297287685135,0.5125845539182232
bidir,mean_frame,Last third,fit,-0.44659493576833886,0.512763706096327
bidir,mean_frame,Last third,fit,-0.44489258385154273,0.5129427924260809
bidir,mean_frame,Last third,fit,-0.4431902319347466,0.5131218129316875
bidir,mean_frame,Last third,fit,-0.4414878800179505,0.513300767637341
bidir,mean_frame,Last third,fit,-0.43978552810115434,0.5134796565672266
bidir,mean_frame,Last third,fit,-0.4380831761843582,0.5136584797455204
bidir,mean_frame,Last third,fit,-0.43638082426756203,0.5138372371963897
bidir,mean_frame,Last third,fit,-0.4346784723507659,0.5140159289439932
bidir,mean_frame,Last third,fit,-0.43297612043396977,0.5141945550124802
bidir,mean_frame,Last third,fit,-0.43127376851717364,0.5143731154259916
bidir,mean_frame,Last third,fit,-0.4295714166003775,0.5145516102086594
bidir,mean_frame,Last third,fit,-0.4278690646835813,0.5147300393846062
bidir,mean_frame,Last third,fit,-0.4261667127667852,0.5149084029779464
bidir,mean_frame,Last third,fit,-0.42446436084998906,0.5150867010127851
bidir,mean_frame,Last third,fit,-0.42276200893319293,0.5152649335132186
bidir,mean_frame,Last third,fit,-0.4210596570163968,0.5154431005033345
bidir,mean_frame,Last third,fit,-0.4193573050996007,0.5156212020072116
bidir,mean_frame,Last third,fit,-0.41765495318280454,0.5157992380489196
bidir,mean_frame,Last third,fit,-0.4159526012660084,0.5159772086525195
bidir,mean_frame,Last third,fit,-0.4142502493492123,0.5161551138420635
bidir,mean_frame,Last third,fit,-0.41254789743241616,0.5163329536415947
bidir,mean_frame,Last third,fit,-0.41084554551562,0.5165107280751478
bidir,mean_frame,Last third,fit,-0.4091431935988239,0.5166884371667481
bidir,mean_frame,Last third,fit,-0.40744084168202777,0.5168660809404126
bidir,mean_frame,Last third,fit,-0.40573848976523164,0.5170436594201493
bidir,mean_frame,Last third,fit,-0.4040361378484355,0.5172211726299573
bidir,mean_frame,Last third,fit,-0.4023337859316394,0.5173986205938268
bidir,mean_frame,Last third,fit,-0.40063143401484325,0.5175760033357395
bidir,mean_frame,Last third,fit,-0.39892908209804706,0.5177533208796679
bidir,mean_frame,Last third,fit,-0.39722673018125093,0.5179305732495758
bidir,mean_frame,Last third,fit,-0.3955243782644548,0.5181077604694185
bidir,mean_frame,Last third,fit,-0.39382202634765867,0.5182848825631421
bidir,mean_frame,Last third,fit,-0.39211967443086254,0.5184619395546843
bidir,mean_frame,Last third,fit,-0.39041732251406636,0.5186389314679734
bidir,mean_frame,Last third,fit,-0.3887149705972702,0.5188158583269294
bidir,mean_frame,Last third,fit,-0.3870126186804741,0.5189927201554636
bidir,mean_frame,Last third,fit,-0.38531026676367797,0.5191695169774779
bidir,mean_frame,Last third,fit,-0.38360791484688184,0.519346248816866
bidir,mean_frame,Last third,fit,-0.3819055629300857,0.5195229156975126
bidir,mean_frame,Last third,fit,-0.3802032110132896,0.5196995176432937
bidir,mean_frame,Last third,fit,-0.37850085909649345,0.5198760546780763
bidir,mean_frame,Last third,fit,-0.3767985071796973,0.520052526825719
bidir,mean_frame,Last third,fit,-0.3750961552629012,0.5202289341100712
bidir,mean_frame,Last third,fit,-0.37339380334610506,0.5204052765549738
bidir,mean_frame,Last third,fit,-0.37169145142930893,0.5205815541842591
bidir,mean_frame,Last third,fit,-0.3699890995125128,0.5207577670217503
bidir,mean_frame,Last third,fit,-0.36828674759571667,0.5209339150912617
bidir,mean_frame,Last third,fit,-0.36658439567892054,0.5211099984165996
bidir,mean_frame,Last third,fit,-0.3648820437621244,0.5212860170215607
bidir,mean_frame,Last third,fit,-0.3631796918453283,0.5214619709299335
bidir,mean_frame,Last third,fit,-0.3614773399285321,0.5216378601654976
bidir,mean_frame,Last third,fit,-0.35977498801173596,0.5218136847520237
bidir,mean_frame,Last third,fit,-0.35807263609493983,0.521989444713274
bidir,mean_frame,Last third,fit,-0.3563702841781437,0.5221651400730019
bidir,mean_frame,Last third,fit,-0.3546679322613476,0.5223407708549519
bidir,mean_frame,Last third,fit,-0.35296558034455144,0.52251633708286
bidir,mean_frame,Last third,fit,-0.35126322842775526,0.5226918387804536
bidir,mean_frame,Last third,fit,-0.34956087651095913,0.5228672759714508
bidir,mean_frame,Last third,fit,-0.347858524594163,0.5230426486795614
bidir,mean_frame,Last third,fit,-0.34615617267736687,0.5232179569284867
bidir,mean_frame,Last third,fit,-0.34445382076057074,0.5233932007419188
bidir,mean_frame,Last third,fit,-0.3427514688437746,0.5235683801435413
bidir,mean_frame,Last third,fit,-0.3410491169269785,0.5237434951570292
bidir,mean_frame,Last third,fit,-0.33934676501018235,0.5239185458060488
bidir,mean_frame,Last third,fit,-0.3376444130933862,0.5240935321142575
bidir,mean_frame,Last third,fit,-0.3359420611765901,0.524268454105304
bidir,mean_frame,Last third,fit,-0.33423970925979396,0.5244433118028284
bidir,mean_frame,Last third,fit,-0.33253735734299783,0.5246181052304625
bidir,mean_frame,Last third,fit,-0.3308350054262017,0.5247928344118287
bidir,mean_frame,Last third,fit,-0.32913265350940557,0.5249674993705411
bidir,mean_frame,Last third,fit,-0.32743030159260944,0.5251421001302052
bidir,mean_frame,Last third,fit,-0.3257279496758133,0.5253166367144176
bidir,mean_frame,Last third,fit,-0.3240255977590171,0.5254911091467664
bidir,mean_frame,Last third,fit,-0.322323245842221,0.5256655174508311
bidir,mean_frame,Last third,fit,-0.32062089392542487,0.525839861650182
bidir,mean_frame,Last third,fit,-0.31891854200862874,0.5260141417683817
bidir,mean_frame,Last third,fit,-0.3172161900918326,0.526188357828983
bidir,mean_frame,Last third,fit,-0.3155138381750365,0.5263625098555309
bidir,mean_frame,Last third,fit,-0.31381148625824035,0.5265365978715615
bidir,mean_frame,Last third,fit,-0.3121091343414442,0.5267106219006021
bidir,mean_frame,Last third,fit,-0.3104067824246481,0.5268845819661716
bidir,mean_frame,Last third,fit,-0.3087044305078519,0.5270584780917799
bidir,mean_frame,Last third,fit,-0.30700207859105577,0.5272323103009287
bidir,mean_frame,Last third,fit,-0.30529972667425964,0.5274060786171106
bidir,mean_frame,Last third,fit,-0.3035973747574635,0.52757978306381
bidir,mean_frame,Last third,fit,-0.3018950228406674,0.5277534236645025
bidir,mean_frame,Last third,fit,-0.30019267092387125,0.5279270004426548
bidir,mean_frame,Last third,fit,-0.2984903190070751,0.5281005134217256
bidir,mean_frame,Last third,fit,-0.296787967090279,0.5282739626251642
bidir,mean_frame,Last third,fit,-0.29508561517348286,0.528447348076412
bidir,mean_frame,Last third,fit,-0.29338326325668673,0.5286206697989013
bidir,mean_frame,Last third,fit,-0.2916809113398906,0.5287939278160558
bidir,mean_frame,Last third,fit,-0.2899785594230944,0.528967122151291
bidir,mean_frame,Last third,fit,-0.2882762075062983,0.5291402528280136
bidir,mean_frame,Last third,fit,-0.28657385558950216,0.5293133198696214
bidir,mean_frame,Last third,fit,-0.28487150367270603,0.5294863232995038
bidir,mean_frame,Last third,fit,-0.2831691517559099,0.5296592631410418
bidir,mean_frame,Last third,fit,-0.28146679983911377,0.5298321394176075
bidir,mean_frame,Last third,fit,-0.27976444792231764,0.5300049521525647
bidir,mean_frame,Last third,fit,-0.2780620960055215,0.5301777013692686
bidir,mean_frame,Last third,fit,-0.2763597440887254,0.5303503870910651
bidir,mean_frame,Last third,fit,-0.27465739217192925,0.5305230093412926
bidir,mean_frame,Last third,fit,-0.2729550402551331,0.5306955681432803
bidir,mean_frame,Last third,fit,-0.27125268833833693,0.5308680635203489
bidir,mean_frame,Last third,fit,-0.2695503364215408,0.5310404954958106
bidir,mean_frame,Last third,fit,-0.2678479845047447,0.531212864092969
bidir,mean_frame,Last third,fit,-0.26614563258794854,0.531385169335119
bidir,mean_frame,Last third,fit,-0.2644432806711524,0.5315574112455472
bidir,mean_frame,Last third,fit,-0.2627409287543563,0.5317295898475318
bidir,mean_frame,Last third,fit,-0.26103857683756015,0.5319017051643417
bidir,mean_frame,Last third,fit,-0.259336224920764,0.5320737572192378
bidir,mean_frame,Last third,fit,-0.2576338730039679,0.5322457460354726
bidir,mean_frame,Last third,fit,-0.25593152108717176,0.5324176716362896
bidir,mean_frame,Last third,fit,-0.25422916917037564,0.532589534044924
bidir,mean_frame,Last third,fit,-0.25252681725357945,0.5327613332846024
bidir,mean_frame,Last third,fit,-0.2508244653367833,0.5329330693785431
bidir,mean_frame,Last third,fit,-0.2491221134199872,0.5331047423499554
bidir,mean_frame,Last third,fit,-0.24741976150319106,0.5332763522220405
bidir,mean_frame,Last third,fit,-0.24571740958639493,0.5334478990179907
bidir,mean_frame,Last third,fit,-0.2440150576695988,0.5336193827609903
bidir,mean_frame,Last third,fit,-0.24231270575280267,0.5337908034742143
bidir,mean_frame,Last third,fit,-0.24061035383600654,0.5339621611808301
bidir,mean_frame,Last third,fit,-0.2389080019192104,0.5341334559039959
bidir,mean_frame,Last third,fit,-0.23720565000241428,0.5343046876668613
bidir,mean_frame,Last third,fit,-0.23550329808561815,0.5344758564925683
bidir,mean_frame,Last third,fit,-0.23380094616882197,0.5346469624042496
bidir,mean_frame,Last third,fit,-0.23209859425202584,0.5348180054250292
bidir,mean_frame,Last third,fit,-0.2303962423352297,0.5349889855780234
bidir,mean_frame,Last third,fit,-0.22869389041843358,0.5351599028863396
bidir,mean_frame,Last third,fit,-0.22699153850163745,0.5353307573730763
bidir,mean_frame,Last third,fit,-0.22528918658484132,0.5355015490613244
bidir,mean_frame,Last third,fit,-0.2235868346680452,0.5356722779741656
bidir,mean_frame,Last third,fit,-0.22188448275124906,0.5358429441346734
bidir,mean_frame,Last third,fit,-0.22018213083445293,0.5360135475659126
bidir,mean_frame,Last third,fit,-0.2184797789176568,0.5361840882909399
bidir,mean_frame,Last third,fit,-0.21677742700086067,0.5363545663328031
bidir,mean_frame,Last third,fit,-0.21507507508406448,0.5365249817145418
bidir,mean_frame,Last third,fit,-0.21337272316726835,0.5366953344591872
bidir,mean_frame,Last third,fit,-0.21167037125047222,0.5368656245897617
bidir,mean_frame,Last third,fit,-0.2099680193336761,0.5370358521292795
bidir,mean_frame,Last third,fit,-0.20826566741687996,0.5372060171007466
bidir,mean_frame,Last third,fit,-0.20656331550008383,0.5373761195271597
bidir,mean_frame,Last third,fit,-0.2048609635832877,0.5375461594315079
bidir,mean_frame,Last third,fit,-0.20315861166649157,0.5377161368367713
bidir,mean_frame,Last third,fit,-0.20145625974969544,0.5378860517659221
bidir,mean_frame,Last third,fit,-0.1997539078328993,0.5380559042419235
bidir,mean_frame,Last third,fit,-0.19805155591610318,0.5382256942877306
bidir,mean_frame,Last third,fit,-0.19634920399930705,0.5383954219262899
bidir,mean_frame,Last third,fit,-0.19464685208251087,0.5385650871805393
bidir,mean_frame,Last third,fit,-0.19294450016571474,0.5387346900734089
bidir,mean_frame,Last third,fit,-0.1912421482489186,0.5389042306278198
bidir,mean_frame,Last third,fit,-0.18953979633212248,0.5390737088666846
bidir,mean_frame,Last third,fit,-0.18783744441532635,0.5392431248129081
bidir,mean_frame,Last third,fit,-0.18613509249853022,0.5394124784893861
bidir,mean_frame,Last third,fit,-0.1844327405817341,0.5395817699190062
bidir,mean_frame,Last third,fit,-0.18273038866493796,0.5397509991246474
bidir,mean_frame,Last third,fit,-0.18102803674814183,0.5399201661291808
bidir,mean_frame,Last third,fit,-0.1793256848313457,0.5400892709554685
bidir,mean_frame,Last third,fit,-0.17762333291454957,0.5402583136263647
bidir,mean_frame,Last third,fit,-0.17592098099775338,0.5404272941647146
bidir,mean_frame,Last third,fit,-0.17421862908095725,0.5405962125933557
bidir,mean_frame,Last third,fit,-0.17251627716416112,0.5407650689351164
bidir,mean_frame,Last third,fit,-0.170813925247365,0.5409338632128173
bidir,mean_frame,Last third,fit,-0.16911157333056887,0.5411025954492704
bidir,mean_frame,Last third,fit,-0.16740922141377274,0.5412712656672791
bidir,mean_frame,Last third,fit,-0.1657068694969766,0.5414398738896389
bidir,mean_frame,Last third,fit,-0.16400451758018048,0.5416084201391365
bidir,mean_frame,Last third,fit,-0.16230216566338435,0.5417769044385503
bidir,mean_frame,Last third,fit,-0.16059981374658822,0.5419453268106504
bidir,mean_frame,Last third,fit,-0.15889746182979209,0.5421136872781986
bidir,mean_frame,Last third,fit,-0.1571951099129959,0.5422819858639482
bidir,mean_frame,Last third,fit,-0.15549275799619977,0.542450222590644
bidir,mean_frame,Last third,fit,-0.15379040607940364,0.5426183974810231
bidir,mean_frame,Last third,fit,-0.1520880541626075,0.5427865105578134
bidir,mean_frame,Last third,fit,-0.15038570224581138,0.5429545618437348
bidir,mean_frame,Last third,fit,-0.14868335032901525,0.5431225513614991
bidir,mean_frame,Last third,fit,-0.14698099841221912,0.5432904791338093
bidir,mean_frame,Last third,fit,-0.145278646495423,0.5434583451833606
bidir,mean_frame,Last third,fit,-0.14357629457862686,0.543626149532839
bidir,mean_frame,Last third,fit,-0.14187394266183073,0.5437938922049232
bidir,mean_frame,Last third,fit,-0.1401715907450346,0.5439615732222828
bidir,mean_frame,Last third,fit,-0.13846923882823842,0.5441291926075793
bidir,mean_frame,Last third,fit,-0.1367668869114423,0.5442967503834661
bidir,mean_frame,Last third,fit,-0.13506453499464616,0.544464246572588
bidir,mean_frame,Last third,fit,-0.13336218307785003,0.5446316811975813
bidir,mean_frame,Last third,fit,-0.1316598311610539,0.5447990542810747
bidir,mean_frame,Last third,fit,-0.12995747924425777,0.5449663658456877
bidir,mean_frame,Last third,fit,-0.12825512732746164,0.545133615914032
bidir,mean_frame,Last third,fit,-0.1265527754106655,0.545300804508711
bidir,mean_frame,Last third,fit,-0.12485042349386938,0.5454679316523195
bidir,mean_frame,Last third,fit,-0.12314807157707325,0.5456349973674444
bidir,mean_frame,Last third,fit,-0.12144571966027712,0.5458020016766638
bidir,mean_frame,Last third,fit,-0.11974336774348093,0.545968944602548
bidir,mean_frame,Last third,fit,-0.1180410158266848,0.5461358261676588
bidir,mean_frame,Last third,fit,-0.11633866390988867,0.5463026463945494
bidir,mean_frame,Last third,fit,-0.11463631199309254,0.5464694053057653
bidir,mean_frame,Last third,fit,-0.11293396007629641,0.5466361029238431
bidir,mean_frame,Last third,fit,-0.11123160815950028,0.5468027392713117
bidir,mean_frame,Last third,fit,-0.10952925624270415,0.5469693143706914
bidir,mean_frame,Last third,fit,-0.10782690432590802,0.5471358282444941
bidir,mean_frame,Last third,fit,-0.1061245524091119,0.5473022809152238
bidir,mean_frame,Last third,fit,-0.10442220049231576,0.5474686724053759
bidir,mean_frame,Last third,fit,-0.10271984857551963,0.5476350027374377
bidir,mean_frame,Last third,fit,-0.10101749665872345,0.5478012719338881
bidir,mean_frame,Last third,fit,-0.09931514474192732,0.5479674800171979
bidir,mean_frame,Last third,fit,-0.09761279282513119,0.5481336270098296
bidir,mean_frame,Last third,fit,-0.09591044090833506,0.5482997129342373
bidir,mean_frame,Last third,fit,-0.09420808899153893,0.548465737812867
bidir,mean_frame,Last third,fit,-0.0925057370747428,0.5486317016681563
bidir,mean_frame,Last third,fit,-0.09080338515794667,0.5487976045225349
bidir,mean_frame,Last third,fit,-0.08910103324115054,0.548963446398424
bidir,mean_frame,Last third,fit,-0.08739868132435441,0.5491292273182363
bidir,mean_frame,Last third,fit,-0.08569632940755828,0.5492949473043767
bidir,mean_frame,Last third,fit,-0.08399397749076215,0.5494606063792418
bidir,mean_frame,Last third,fit,-0.08229162557396597,0.5496262045652197
bidir,mean_frame,Last third,fit,-0.08058927365716984,0.5497917418846905
bidir,mean_frame,Last third,fit,-0.0788869217403737,0.5499572183600261
bidir,mean_frame,Last third,fit,-0.07718456982357758,0.5501226340135899
bidir,mean_frame,Last third,fit,-0.07548221790678145,0.5502879888677374
bidir,mean_frame,Last third,fit,-0.07377986598998532,0.5504532829448157
bidir,mean_frame,Last third,fit,-0.07207751407318919,0.5506185162671638
bidir,mean_frame,Last third,fit,-0.07037516215639306,0.5507836888571125
bidir,mean_frame,Last third,fit,-0.06867281023959693,0.550948800736984
bidir,mean_frame,Last third,fit,-0.0669704583228008,0.551113851929093
bidir,mean_frame,Last third,fit,-0.06526810640600467,0.5512788424557455
bidir,mean_frame,Last third,fit,-0.06356575448920854,0.5514437723392392
bidir,mean_frame,Last third,fit,-0.06186340257241241,0.5516086416018642
bidir,mean_frame,Last third,fit,-0.06016105065561628,0.5517734502659016
bidir,mean_frame,Last third,fit,-0.05845869873882015,0.5519381983536251
bidir,mean_frame,Last third,fit,-0.05675634682202402,0.5521028858872996
bidir,mean_frame,Last third,fit,-0.05505399490522789,0.5522675128891823
bidir,mean_frame,Last third,fit,-0.05335164298843165,0.5524320793815218
bidir,mean_frame,Last third,fit,-0.05164929107163552,0.5525965853865588
bidir,mean_frame,Last third,fit,-0.04994693915483939,0.5527610309265256
bidir,mean_frame,Last third,fit,-0.04824458723804326,0.5529254160236465
bidir,mean_frame,Last third,fit,-0.04654223532124713,0.5530897407001378
bidir,mean_frame,Last third,fit,-0.044839883404451,0.5532540049782073
bidir,mean_frame,Last third,fit,-0.04313753148765487,0.5534182088800548
bidir,mean_frame,Last third,fit,-0.04143517957085874,0.5535823524278718
bidir,mean_frame,Last third,fit,-0.03973282765406261,0.5537464356438417
bidir,mean_frame,Last third,fit,-0.03803047573726648,0.5539104585501401
bidir,mean_frame,Last third,fit,-0.03632812382047035,0.5540744211689339
bidir,mean_frame,Last third,fit,-0.03462577190367422,0.5542383235223821
bidir,mean_frame,Last third,fit,-0.03292341998687809,0.5544021656326357
bidir,mean_frame,Last third,fit,-0.03122106807008196,0.5545659475218372
bidir,mean_frame,Last third,fit,-0.02951871615328583,0.5547296692121213
bidir,mean_frame,Last third,fit,-0.0278163642364897,0.5548933307256144
bidir,mean_frame,Last third,fit,-0.02611401231969357,0.5550569320844349
bidir,mean_frame,Last third,fit,-0.02441166040289744,0.5552204733106928
bidir,mean_frame,Last third,fit,-0.02270930848610131,0.5553839544264904
bidir,mean_frame,Last third,fit,-0.02100695656930518,0.5555473754539213
bidir,mean_frame,Last third,fit,-0.01930460465250905,0.5557107364150716
bidir,mean_frame,Last third,fit,-0.01760225273571292,0.5558740373320189
bidir,mean_frame,Last third,fit,-0.01589990081891668,0.5560372782268326
bidir,mean_frame,Last third,fit,-0.01419754890212055,0.5562004591215743
bidir,mean_frame,Last third,fit,-0.01249519698532442,0.5563635800382976
bidir,mean_frame,Last third,fit,-0.01079284506852829,0.5565266409990473
bidir,mean_frame,Last third,fit,-0.00909049315173216,0.5566896420258607
bidir,mean_frame,Last third,fit,-0.00738814123493603,0.5568525831407669
bidir,mean_frame,Last third,fit,-0.0056857893181399,0.5570154643657867
bidir,mean_frame,Last third,fit,-0.00398343740134377,0.5571782857229333
bidir,mean_frame,Last third,fit,-0.0022810854845476403,0.5573410472342111
bidir,mean_frame,Last third,fit,-0.0005787335677515104,0.557503748921617
bidir,mean_frame,Last third,fit,0.0011236183490446194,0.5576663908071393
bidir,mean_frame,Last third,fit,0.0028259702658407493,0.5578289729127589
bidir,mean_frame,Last third,fit,0.004528322182636879,0.5579914952604479
bidir,mean_frame,Last third,fit,0.006230674099433009,0.5581539578721708
bidir,mean_frame,Last third,fit,0.007933026016229139,0.5583163607698838
bidir,mean_frame,Last third,fit,0.009635377933025269,0.5584787039755352
bidir,mean_frame,Last third,fit,0.011337729849821399,0.5586409875110652
bidir,mean_frame,Last third,fit,0.013040081766617528,0.5588032113984056
bidir,mean_frame,Last third,fit,0.014742433683413658,0.5589653756594806
bidir,mean_frame,Last third,fit,0.016444785600209788,0.5591274803162061
bidir,mean_frame,Last third,fit,0.018147137517005918,0.5592895253904901
bidir,mean_frame,Last third,fit,0.019849489433802048,0.5594515109042324
bidir,mean_frame,Last third,fit,0.021551841350598178,0.5596134368793249
bidir,mean_frame,Last third,fit,0.02325419326739442,0.559775303337651
bidir,mean_frame,Last third,fit,0.02495654518419055,0.5599371103010868
bidir,mean_frame,Last third,fit,0.026658897100986678,0.5600988577914998
bidir,mean_frame,Last third,fit,0.028361249017782808,0.5602605458307495
bidir,mean_frame,Last third,fit,0.030063600934578938,0.5604221744406879
bidir,mean_frame,Last third,fit,0.03176595285137507,0.560583743643158
bidir,mean_frame,Last third,fit,0.0334683047681712,0.5607452534599958
bidir,mean_frame,Last third,fit,0.03517065668496733,0.5609067039130287
bidir,mean_frame,Last third,fit,0.03687300860176346,0.5610680950240761
bidir,mean_frame,Last third,fit,0.03857536051855959,0.5612294268149494
bidir,mean_frame,Last third,fit,0.04027771243535572,0.5613906993074522
bidir,mean_frame,Last third,fit,0.04198006435215185,0.5615519125233799
bidir,mean_frame,Last third,fit,0.04368241626894798,0.56171306648452
bidir,mean_frame,Last third,fit,0.04538476818574411,0.5618741612126517
bidir,mean_frame,Last third,fit,0.047087120102540236,0.5620351967295466
bidir,mean_frame,Last third,fit,0.048789472019336366,0.562196173056968
bidir,mean_frame,Last third,fit,0.050491823936132496,0.5623570902166715
bidir,mean_frame,Last third,fit,0.052194175852928626,0.5625179482304044
bidir,mean_frame,Last third,fit,0.053896527769724756,0.5626787471199058
bidir,mean_frame,Last third,fit,0.055598879686520886,0.5628394869069077
bidir,mean_frame,Last third,fit,0.057301231603317015,0.5630001676131331
bidir,mean_frame,Last third,fit,0.059003583520113145,0.5631607892602978
bidir,mean_frame,Last third,fit,0.060705935436909386,0.563321351870109
bidir,mean_frame,Last third,fit,0.062408287353705516,0.5634818554642664
bidir,mean_frame,Last third,fit,0.06411063927050165,0.5636423000644613
bidir,mean_frame,Last third,fit,0.06581299118729778,0.5638026856923775
bidir,mean_frame,Last third,fit,0.0675153431040939,0.5639630123696904
bidir,mean_frame,Last third,fit,0.06921769502089004,0.5641232801180676
bidir,mean_frame,Last third,fit,0.07092004693768617,0.5642834889591688
bidir,mean_frame,Last third,fit,0.0726223988544823,0.5644436389146458
bidir,mean_frame,Last third,fit,0.07432475077127842,0.5646037300061422
bidir,mean_frame,Last third,fit,0.07602710268807455,0.5647637622552938
bidir,mean_frame,Last third,fit,0.07772945460487068,0.5649237356837284
bidir,mean_frame,Last third,fit,0.07943180652166681,0.565083650313066
bidir,mean_frame,Last third,fit,0.08113415843846294,0.5652435061649184
bidir,mean_frame,Last third,fit,0.08283651035525907,0.5654033032608894
bidir,mean_frame,Last third,fit,0.0845388622720552,0.5655630416225754
bidir,mean_frame,Last third,fit,0.08624121418885133,0.5657227212715644
bidir,mean_frame,Last third,fit,0.08794356610564746,0.5658823422294366
bidir,mean_frame,Last third,fit,0.0896459180224436,0.5660419045177639
bidir,mean_frame,Last third,fit,0.09134826993923972,0.566201408158111
bidir,mean_frame,Last third,fit,0.09305062185603585,0.5663608531720341
bidir,mean_frame,Last third,fit,0.09475297377283198,0.5665202395810818
bidir,mean_frame,Last third,fit,0.09645532568962811,0.5666795674067946
bidir,mean_frame,Last third,fit,0.09815767760642435,0.5668388366707049
bidir,mean_frame,Last third,fit,0.09986002952322048,0.5669980473943376
bidir,mean_frame,Last third,fit,0.10156238144001661,0.5671571995992095
bidir,mean_frame,Last third,fit,0.10326473335681274,0.5673162933068294
bidir,mean_frame,Last third,fit,0.10496708527360887,0.5674753285386984
bidir,mean_frame,Last third,fit,0.106669437190405,0.5676343053163095
bidir,mean_frame,Last third,fit,0.10837178910720113,0.5677932236611478
bidir,mean_frame,Last third,fit,0.11007414102399726,0.5679520835946908
bidir,mean_frame,Last third,fit,0.11177649294079339,0.5681108851384078
bidir,mean_frame,Last third,fit,0.11347884485758952,0.56826962831376
bidir,mean_frame,Last third,fit,0.11518119677438565,0.5684283131422014
bidir,mean_frame,Last third,fit,0.11688354869118178,0.5685869396451777
bidir,mean_frame,Last third,fit,0.11858590060797791,0.5687455078441266
bidir,mean_frame,Last third,fit,0.12028825252477404,0.5689040177604778
bidir,mean_frame,Last third,fit,0.12199060444157017,0.569062469415654
bidir,mean_frame,Last third,fit,0.1236929563583663,0.5692208628310689
bidir,mean_frame,Last third,fit,0.12539530827516243,0.5693791980281291
bidir,mean_frame,Last third,fit,0.12709766019195856,0.5695374750282329
bidir,mean_frame,Last third,fit,0.1288000121087547,0.5696956938527711
bidir,mean_frame,Last third,fit,0.13050236402555082,0.5698538545231262
bidir,mean_frame,Last third,fit,0.13220471594234695,0.5700119570606732
bidir,mean_frame,Last third,fit,0.13390706785914308,0.5701700014867792
bidir,mean_frame,Last third,fit,0.13560941977593932,0.5703279878228034
bidir,mean_frame,Last third,fit,0.13731177169273545,0.5704859160900969
bidir,mean_frame,Last third,fit,0.13901412360953158,0.5706437863100035
bidir,mean_frame,Last third,fit,0.1407164755263277,0.5708015985038585
bidir,mean_frame,Last third,fit,0.14241882744312384,0.5709593526929898
bidir,mean_frame,Last third,fit,0.14412117935991997,0.5711170488987175
bidir,mean_frame,Last third,fit,0.1458235312767161,0.5712746871423535
bidir,mean_frame,Last third,fit,0.14752588319351223,0.5714322674452021
bidir,mean_frame,Last third,fit,0.14922823511030836,0.57158978982856
bidir,mean_frame,Last third,fit,0.1509305870271045,0.5717472543137156
bidir,mean_frame,Last third,fit,0.15263293894390062,0.5719046609219498
bidir,mean_frame,Last third,fit,0.15433529086069675,0.5720620096745355
bidir,mean_frame,Last third,fit,0.15603764277749288,0.5722193005927378
bidir,mean_frame,Last third,fit,0.157739994694289,0.5723765336978142
bidir,mean_frame,Last third,fit,0.15944234661108514,0.572533709011014
bidir,mean_frame,Last third,fit,0.16114469852788127,0.5726908265535791
bidir,mean_frame,Last third,fit,0.1628470504446774,0.5728478863467434
bidir,mean_frame,Last third,fit,0.16454940236147353,0.5730048884117329
bidir,mean_frame,Last third,fit,0.16625175427826966,0.5731618327697662
bidir,mean_frame,Last third,fit,0.1679541061950658,0.5733187194420534
bidir,mean_frame,Last third,fit,0.16965645811186192,0.5734755484497973
bidir,mean_frame,Last third,fit,0.17135881002865805,0.573632319814193
bidir,mean_frame,Last third,fit,0.17306116194545418,0.5737890335564275
bidir,mean_frame,Last third,fit,0.17476351386225042,0.5739456896976802
bidir,mean_frame,Last third,fit,0.17646586577904655,0.5741022882591227
bidir,mean_frame,Last third,fit,0.17816821769584268,0.5742588292619184
bidir,mean_frame,Last third,fit,0.1798705696126388,0.5744153127272238
bidir,mean_frame,Last third,fit,0.18157292152943494,0.5745717386761868
bidir,mean_frame,Last third,fit,0.18327527344623107,0.5747281071299479
bidir,mean_frame,Last third,fit,0.1849776253630272,0.5748844181096399
bidir,mean_frame,Last third,fit,0.18667997727982333,0.5750406716363875
bidir,mean_frame,Last third,fit,0.18838232919661946,0.575196867731308
bidir,mean_frame,Last third,fit,0.1900846811134156,0.5753530064155107
bidir,mean_frame,Last third,fit,0.19178703303021172,0.5755090877100972
bidir,mean_frame,Last third,fit,0.19348938494700785,0.5756651116361615
bidir,mean_frame,Last third,fit,0.19519173686380398,0.5758210782147896
bidir,mean_frame,Last third,fit,0.1968940887806001,0.5759769874670597
bidir,mean_frame,Last third,fit,0.19859644069739624,0.5761328394140428
bidir,mean_frame,Last third,extrapolation,0.19859644069739624,0.5761328394140428
bidir,mean_frame,Last third,extrapolation,0.23131518108180638,0.5791171653820524
bidir,mean_frame,Last third,extrapolation,0.2640339214662165,0.5820804795748845
bidir,mean_frame,Last third,extrapolation,0.2967526618506267,0.5850229299303653
bidir,mean_frame,Last third,extrapolation,0.32947140223503685,0.5879446633447335
bidir,mean_frame,Last third,extrapolation,0.362190142619447,0.5908458256799738
bidir,mean_frame,Last third,extrapolation,0.3949088830038572,0.5937265617710992
bidir,mean_frame,Last third,extrapolation,0.4276276233882673,0.5965870154333809
bidir,mean_frame,Last third,extrapolation,0.46034636377267746,0.5994273294695287
bidir,mean_frame,Last third,extrapolation,0.4930651041570876,0.6022476456768198
bidir,mean_frame,Last third,extrapolation,0.5257838445414977,0.6050481048541778
bidir,mean_frame,Last third,extrapolation,0.558502584925908,0.6078288468092019
bidir,mean_frame,Last third,extrapolation,0.591221325310318,0.6105900103651463
bidir,mean_frame,Last third,extrapolation,0.6239400656947283,0.613331733367851
bidir,mean_frame,Last third,extrapolation,0.6566588060791384,0.6160541526926233
bidir,mean_frame,Last third,extrapolation,0.6893775464635485,0.6187574042510711
bidir,mean_frame,Last third,extrapolation,0.7220962868479587,0.6214416229978881
bidir,mean_frame,Last third,extrapolation,0.7548150272323688,0.624106942937591
bidir,mean_frame,Last third,extrapolation,0.787533767616779,0.6267534971312092
bidir,mean_frame,Last third,extrapolation,0.8202525080011891,0.6293814177029287
bidir,mean_frame,Last third,extrapolation,0.8529712483855992,0.6319908358466864
bidir,mean_frame,Last third,extrapolation,0.8856899887700095,0.6345818818327211
bidir,mean_frame,Last third,extrapolation,0.9184087291544196,0.637154685014077
bidir,mean_frame,Last third,extrapolation,0.9511274695388298,0.6397093738330601
bidir,mean_frame,Last third,extrapolation,0.9838462099232399,0.6422460758276523
bidir,mean_frame,Last third,extrapolation,1.0165649503076502,0.6447649176378762
bidir,mean_frame,Last third,extrapolation,1.0492836906920602,0.64726602501212
bidir,mean_frame,Last third,extrapolation,1.0820024310764702,0.6497495228134131
bidir,mean_frame,Last third,extrapolation,1.1147211714608805,0.6522155350256608
bidir,mean_frame,Last third,extrapolation,1.1474399118452907,0.6546641847598333
bidir,mean_frame,Last third,extrapolation,1.180158652229701,0.6570955942601122
bidir,mean_frame,Last third,extrapolation,1.2128773926141108,0.6595098849099936
bidir,mean_frame,Last third,extrapolation,1.245596132998521,0.6619071772383471
bidir,mean_frame,Last third,extrapolation,1.2783148733829313,0.6642875909254335
bidir,mean_frame,Last third,extrapolation,1.3110336137673415,0.6666512448088797
bidir,mean_frame,Last third,extrapolation,1.3437523541517518,0.6689982568896111
bidir,mean_frame,Last third,extrapolation,1.3764710945361616,0.6713287443377427
bidir,mean_frame,Last third,extrapolation,1.4091898349205718,0.6736428234984289
bidir,mean_frame,Last third,extrapolation,1.441908575304982,0.6759406098976714
bidir,mean_frame,Last third,extrapolation,1.4746273156893923,0.6782222182480866
bidir,mean_frame,Last third,extrapolation,1.5073460560738021,0.680487762454633
bidir,mean_frame,Last third,extrapolation,1.5400647964582124,0.6827373556202967
bidir,mean_frame,Last third,extrapolation,1.5727835368426226,0.684971110051739
bidir,mean_frame,Last third,extrapolation,1.6055022772270329,0.6871891372649022
bidir,mean_frame,Last third,extrapolation,1.6382210176114431,0.689391547990577
bidir,mean_frame,Last third,extrapolation,1.670939757995853,0.6915784521799309
bidir,mean_frame,Last third,extrapolation,1.7036584983802632,0.693749959009997
bidir,mean_frame,Last third,extrapolation,1.7363772387646734,0.6959061768891246
bidir,mean_frame,Last third,extrapolation,1.7690959791490837,0.698047213462391
bidir,mean_frame,Last third,extrapolation,1.801814719533494,0.7001731756169758
bidir,mean_frame,Last third,extrapolation,1.8345334599179037,0.7022841694874968
bidir,mean_frame,Last third,extrapolation,1.867252200302314,0.7043803004613088
bidir,mean_frame,Last third,extrapolation,1.8999709406867242,0.706461673183765
bidir,mean_frame,Last third,extrapolation,1.9326896810711345,0.7085283915634402
bidir,mean_frame,Last third,extrapolation,1.9654084214555443,0.7105805587773198
bidir,mean_frame,Last third,extrapolation,1.9981271618399545,0.7126182772759496
bidir,mean_frame,Last third,extrapolation,2.030845902224365,0.7146416487885506
bidir,mean_frame,Last third,extrapolation,2.063564642608775,0.7166507743280982
bidir,mean_frame,Last third,extrapolation,2.0962833829931853,0.7186457541963642
bidir,mean_frame,Last third,extrapolation,2.129002123377595,0.720626687988925
bidir,mean_frame,Last third,extrapolation,2.1617208637620053,0.7225936746001335
bidir,mean_frame,Last third,extrapolation,2.1944396041464156,0.7245468122280556
bidir,mean_frame,Last third,extrapolation,2.2271583445308254,0.7264861983793734
bidir,mean_frame,Last third,extrapolation,2.2598770849152356,0.7284119298742529
bidir,mean_frame,Last third,extrapolation,2.292595825299646,0.7303241028511765
bidir,mean_frame,Last third,extrapolation,2.325314565684056,0.7322228127717445
bidir,mean_frame,Last third,extrapolation,2.3580333060684664,0.7341081544254389
bidir,mean_frame,Last third,extrapolation,2.390752046452876,0.7359802219343565
bidir,mean_frame,Last third,extrapolation,2.4234707868372865,0.7378391087579081
bidir,mean_frame,Last third,extrapolation,2.4561895272216967,0.7396849076974832
bidir,mean_frame,Last third,extrapolation,2.488908267606107,0.7415177109010842
bidir,mean_frame,Last third,extrapolation,2.5216270079905168,0.7433376098679259
bidir,mean_frame,Last third,extrapolation,2.554345748374927,0.7451446954530032
bidir,mean_frame,Last third,extrapolation,2.5870644887593373,0.746939057871628
bidir,mean_frame,Last third,extrapolation,2.6197832291437475,0.7487207867039316
bidir,mean_frame,Last third,extrapolation,2.6525019695281578,0.750489970899338
bidir,mean_frame,Last third,extrapolation,2.6852207099125676,0.7522466987810039
bidir,mean_frame,Last third,extrapolation,2.717939450296978,0.7539910580502284
bidir,mean_frame,Last third,extrapolation,2.750658190681388,0.7557231357908308
bidir,mean_frame,Last third,extrapolation,2.7833769310657983,0.7574430184734986
bidir,mean_frame,Last third,extrapolation,2.816095671450208,0.7591507919601044
bidir,mean_frame,Last third,extrapolation,2.8488144118346184,0.7608465415079919
bidir,mean_frame,Last third,extrapolation,2.8815331522190286,0.7625303517742328
bidir,mean_frame,Last third,extrapolation,2.914251892603439,0.7642023068198527
bidir,mean_frame,Last third,extrapolation,2.946970632987849,0.7658624901140278
bidir,mean_frame,Last third,extrapolation,2.979689373372259,0.7675109845382523
bidir,mean_frame,Last third,extrapolation,3.012408113756669,0.7691478723904754
bidir,mean_frame,Last third,extrapolation,3.0451268541410794,0.7707732353892107
bidir,mean_frame,Last third,extrapolation,3.0778455945254897,0.7723871546776149
bidir,mean_frame,Last third,extrapolation,3.1105643349099,0.7739897108275396
bidir,mean_frame,Last third,extrapolation,3.1432830752943097,0.7755809838435532
bidir,mean_frame,Last third,extrapolation,3.17600181567872,0.7771610531669351
bidir,mean_frame,Last third,extrapolation,3.2087205560631302,0.7787299976796416
bidir,mean_frame,Last third,extrapolation,3.2414392964475405,0.7802878957082441
bidir,mean_frame,Last third,extrapolation,3.2741580368319503,0.7818348250278391
bidir,mean_frame,Last third,extrapolation,3.3068767772163605,0.7833708628659314
bidir,mean_frame,Last third,extrapolation,3.339595517600771,0.7848960859062891
bidir,mean_frame,Last third,extrapolation,3.372314257985181,0.7864105702927723
bidir,mean_frame,Last third,extrapolation,3.4050329983695913,0.7879143916331339
bidir,mean_frame,Last third,extrapolation,3.437751738754001,0.7894076250027948
bidir,mean_frame,Last third,extrapolation,3.4704704791384113,0.7908903449485913
bidir,mean_frame,Last third,extrapolation,3.5031892195228216,0.7923626254924975
bidir,mean_frame,Last third,extrapolation,3.535907959907232,0.7938245401353197
bidir,mean_frame,Last third,extrapolation,3.5686267002916416,0.7952761618603665
bidir,mean_frame,Last third,extrapolation,3.601345440676052,0.7967175631370922
bidir,mean_frame,Last third,extrapolation,3.634064181060462,0.7981488159247146
bidir,mean_frame,Last third,extrapolation,3.6667829214448724,0.7995699916758076
bidir,mean_frame,Last third,extrapolation,3.6995016618292826,0.8009811613398679
bidir,mean_frame,Last third,extrapolation,3.7322204022136924,0.8023823953668575
bidir,mean_frame,Last third,extrapolation,3.7649391425981027,0.8037737637107208
bidir,mean_frame,Last third,extrapolation,3.797657882982513,0.8051553358328767
bidir,mean_frame,Last third,extrapolation,3.830376623366923,0.8065271807056859
bidir,mean_frame,Last third,extrapolation,3.8630953637513334,0.8078893668158952
bidir,mean_frame,Last third,extrapolation,3.8958141041357432,0.8092419621680558
bidir,mean_frame,Last third,extrapolation,3.9285328445201535,0.8105850342879186
bidir,mean_frame,Last third,extrapolation,3.9612515849045637,0.8119186502258053
bidir,mean_frame,Last third,extrapolation,3.993970325288974,0.8132428765599556
bidir,mean_frame,Last third,extrapolation,4.026689065673384,0.8145577793998511
bidir,mean_frame,Last third,extrapolation,4.059407806057794,0.8158634243895156
bidir,mean_frame,Last third,extrapolation,4.092126546442205,0.8171598767107926
bidir,mean_frame,Last third,extrapolation,4.1248452868266146,0.8184472010865987
bidir,mean_frame,Last third,extrapolation,4.157564027211025,0.8197254617841557
bidir,mean_frame,Last third,extrapolation,4.190282767595435,0.8209947226181981
bidir,mean_frame,Last third,extrapolation,4.223001507979845,0.8222550469541592
bidir,mean_frame,Last third,extrapolation,4.255720248364255,0.8235064977113353
bidir,mean_frame,Last third,extrapolation,4.288438988748665,0.8247491373660254
bidir,mean_frame,Last third,extrapolation,4.321157729133075,0.8259830279546514
bidir,mean_frame,Last third,extrapolation,4.353876469517486,0.8272082310768547
bidir,mean_frame,Last third,extrapolation,4.386595209901896,0.8284248078985712
bidir,mean_frame,Last third,extrapolation,4.4193139502863055,0.8296328191550854
bidir,mean_frame,Last third,extrapolation,4.452032690670716,0.830832325154062
bidir,mean_frame,Last third,extrapolation,4.484751431055126,0.8320233857785573
bidir,mean_frame,Last third,extrapolation,4.517470171439537,0.8332060604900079
bidir,mean_frame,Last third,extrapolation,4.5501889118239465,0.8343804083311999
bidir,mean_frame,Last third,extrapolation,4.582907652208356,0.835546487929216
bidir,mean_frame,Last third,extrapolation,4.615626392592767,0.836704357498363
bidir,mean_frame,Last third,extrapolation,4.648345132977177,0.8378540748430773
bidir,mean_frame,Last third,extrapolation,4.6810638733615875,0.8389956973608109
bidir,mean_frame,Last third,extrapolation,4.713782613745997,0.8401292820448973
bidir,mean_frame,Last third,extrapolation,4.746501354130407,0.8412548854873961
bidir,mean_frame,Last third,extrapolation,4.779220094514818,0.8423725638819188
bidir,mean_frame,Last third,extrapolation,4.811938834899228,0.8434823730264339
bidir,mean_frame,Last third,extrapolation,4.844657575283637,0.8445843683260527
bidir,mean_frame,Last third,extrapolation,4.877376315668048,0.8456786047957947
bidir,mean_frame,Last third,extrapolation,4.910095056052458,0.8467651370633351
bidir,mean_frame,Last third,extrapolation,4.942813796436869,0.8478440193717313
bidir,mean_frame,Last third,extrapolation,4.975532536821278,0.8489153055821307
bidir,mean_frame,Last third,extrapolation,5.008251277205688,0.8499790491764605
bidir,mean_frame,Last third,extrapolation,5.040970017590099,0.8510353032600966
bidir,mean_frame,Last third,extrapolation,5.073688757974509,0.8520841205645158
bidir,mean_frame,Last third,extrapolation,5.106407498358919,0.8531255534499275
bidir,mean_frame,Last third,extrapolation,5.139126238743329,0.8541596539078882
bidir,mean_frame,Last third,extrapolation,5.171844979127739,0.8551864735638967
bidir,mean_frame,Last third,extrapolation,5.20456371951215,0.856206063679972
bidir,mean_frame,Last third,extrapolation,5.2372824598965595,0.8572184751572115
bidir,mean_frame,Last third,extrapolation,5.27000120028097,0.8582237585383332
bidir,mean_frame,Last third,extrapolation,5.30271994066538,0.8592219640101983
bidir,mean_frame,Last third,extrapolation,5.33543868104979,0.860213141406317
bidir,mean_frame,Last third,extrapolation,5.3681574214342005,0.8611973402093357
bidir,mean_frame,Last third,extrapolation,5.40087616181861,0.8621746095535081
bidir,mean_frame,Last third,extrapolation,5.43359490220302,0.863144998227148
bidir,mean_frame,Last third,extrapolation,5.466313642587431,0.8641085546750646
bidir,mean_frame,Last third,extrapolation,5.499032382971841,0.8650653270009814
bidir,mean_frame,Last third,extrapolation,5.531751123356251,0.8660153629699373
bidir,mean_frame,Last third,extrapolation,5.564469863740661,0.8669587100106715
bidir,mean_frame,Last third,extrapolation,5.597188604125071,0.8678954152179911
bidir,mean_frame,Last third,extrapolation,5.629907344509482,0.8688255253551225
bidir,mean_frame,Last third,extrapolation,5.662626084893891,0.8697490868560454
bidir,mean_frame,Last third,extrapolation,5.695344825278302,0.8706661458278118
bidir,mean_frame,Last third,extrapolation,5.728063565662712,0.8715767480528467
bidir,mean_frame,Last third,extrapolation,5.760782306047122,0.8724809389912348
bidir,mean_frame,Last third,extrapolation,5.793501046431532,0.8733787637829893
bidir,mean_frame,Last third,extrapolation,5.826219786815942,0.8742702672503057
bidir,mean_frame,Last third,extrapolation,5.858938527200353,0.8751554938997992
bidir,mean_frame,Last third,extrapolation,5.891657267584763,0.8760344879247269
bidir,mean_frame,Last third,extrapolation,5.9243760079691725,0.8769072932071942
bidir,mean_frame,Last third,extrapolation,5.957094748353583,0.877773953320345
bidir,mean_frame,Last third,extrapolation,5.989813488737993,0.8786345115305376
bidir,mean_frame,Last third,extrapolation,6.022532229122404,0.8794890107995041
bidir,mean_frame,Last third,extrapolation,6.0552509695068135,0.8803374937864956
bidir,mean_frame,Last third,extrapolation,6.087969709891223,0.8811800028504118
bidir,mean_frame,Last third,extrapolation,6.120688450275634,0.8820165800519154
bidir,mean_frame,Last third,extrapolation,6.153407190660044,0.8828472671555327
bidir,mean_frame,Last third,extrapolation,6.186125931044454,0.8836721056317377
bidir,mean_frame,Last third,extrapolation,6.218844671428864,0.8844911366590227
bidir,mean_frame,Last third,extrapolation,6.251563411813274,0.8853044011259543
bidir,mean_frame,Last third,extrapolation,6.284282152197685,0.8861119396332146
bidir,mean_frame,Last third,extrapolation,6.317000892582095,0.8869137924956279
bidir,mean_frame,Last third,extrapolation,6.349719632966504,0.8877099997441735
bidir,mean_frame,Last third,extrapolation,6.382438373350915,0.8885006011279845
bidir,mean_frame,Last third,extrapolation,6.415157113735325,0.8892856361163314
bidir,mean_frame,Last third,extrapolation,6.447875854119736,0.8900651439005931
bidir,mean_frame,Last third,extrapolation,6.480594594504145,0.8908391633962137
bidir,mean_frame,Last third,extrapolation,6.513313334888555,0.8916077332446445
bidir,mean_frame,Last third,extrapolation,6.546032075272966,0.8923708918152736
bidir,mean_frame,Last third,extrapolation,6.578750815657376,0.8931286772073417
bidir,mean_frame,Last third,extrapolation,6.611469556041786,0.8938811272518432
bidir,mean_frame,Last third,extrapolation,6.644188296426196,0.8946282795134161
bidir,mean_frame,Last third,extrapolation,6.676907036810606,0.8953701712922159
bidir,mean_frame,Last third,extrapolation,6.709625777195017,0.8961068396257792
bidir,mean_frame,Last third,extrapolation,6.7423445175794265,0.8968383212908715
bidir,mean_frame,Last third,extrapolation,6.775063257963837,0.897564652805324
bidir,mean_frame,Last third,extrapolation,6.807781998348247,0.8982858704298565
bidir,mean_frame,Last third,extrapolation,6.840500738732657,0.8990020101698875
bidir,mean_frame,Last third,extrapolation,6.8732194791170675,0.8997131077773316
bidir,mean_frame,Last third,extrapolation,6.905938219501477,0.9004191987523845
bidir,mean_frame,Last third,extrapolation,6.938656959885887,0.9011203183452958
bidir,mean_frame,Last third,extrapolation,6.971375700270298,0.9018165015581276
bidir,mean_frame,Last third,extrapolation,7.004094440654708,0.9025077831465033
bidir,mean_frame,Last third,extrapolation,7.036813181039118,0.9031941976213413
bidir,mean_frame,Last third,extrapolation,7.069531921423528,0.9038757792505793
bidir,mean_frame,Last third,extrapolation,7.102250661807938,0.9045525620608839
bidir,mean_frame,Last third,extrapolation,7.134969402192349,0.9052245798393499
bidir,mean_frame,Last third,extrapolation,7.1676881425767585,0.9058918661351871
bidir,mean_frame,Last third,extrapolation,7.200406882961169,0.9065544542613949
bidir,mean_frame,Last third,extrapolation,7.233125623345579,0.9072123772964257
bidir,mean_frame,Last third,extrapolation,7.265844363729989,0.9078656680858356
bidir,mean_frame,Last third,extrapolation,7.2985631041143995,0.9085143592439252
bidir,mean_frame,Last third,extrapolation,7.331281844498809,0.909158483155367
bidir,mean_frame,Last third,extrapolation,7.36400058488322,0.9097980719768224
bidir,mean_frame,Last third,extrapolation,7.39671932526763,0.910433157638547
bidir,mean_frame,Last third,extrapolation,7.42943806565204,0.9110637718459851
bidir,mean_frame,Last third,extrapolation,7.46215680603645,0.9116899460813515
bidir,mean_frame,Last third,extrapolation,7.49487554642086,0.9123117116052043
bidir,mean_frame,Last third,extrapolation,7.527594286805271,0.912929099458005
bidir,mean_frame,Last third,extrapolation,7.560313027189681,0.9135421404616682
bidir,mean_frame,Last third,extrapolation,7.59303176757409,0.9141508652211001
bidir,mean_frame,Last third,extrapolation,7.625750507958501,0.9147553041257268
bidir,mean_frame,Last third,extrapolation,7.658469248342911,0.9153554873510114
bidir,mean_frame,Last third,extrapolation,7.691187988727321,0.9159514448599599
bidir,mean_frame,Last third,extrapolation,7.723906729111731,0.9165432064046178
bidir,mean_frame,Last third,extrapolation,7.756625469496141,0.917130801527555
bidir,mean_frame,Last third,extrapolation,7.789344209880552,0.9177142595633404
bidir,mean_frame,Last third,extrapolation,7.822062950264962,0.9182936096400073
bidir,mean_frame,Last third,extrapolation,7.8547816906493715,0.9188688806805063
bidir,mean_frame,Last third,extrapolation,7.887500431033782,0.9194401014041503
bidir,mean_frame,Last third,extrapolation,7.920219171418192,0.9200073003280478
bidir,mean_frame,Last third,extrapolation,7.952937911802603,0.9205705057685263
bidir,mean_frame,Last third,extrapolation,7.9856566521870125,0.9211297458425466
bidir,mean_frame,Last third,extrapolation,8.018375392571423,0.9216850484691058
bidir,mean_frame,Last third,extrapolation,8.051094132955834,0.9222364413706319
bidir,mean_frame,Last third,extrapolation,8.083812873340243,0.9227839520743666
bidir,mean_frame,Last third,extrapolation,8.116531613724653,0.9233276079137408
bidir,mean_frame,Last third,extrapolation,8.149250354109064,0.9238674360297385
bidir,mean_frame,Last third,extrapolation,8.181969094493473,0.924403463372252
bidir,mean_frame,Last third,extrapolation,8.214687834877884,0.9249357167014268
bidir,mean_frame,Last third,extrapolation,8.247406575262294,0.9254642225889985
bidir,mean_frame,Last third,extrapolation,8.280125315646705,0.9259890074196184
bidir,mean_frame,Last third,extrapolation,8.312844056031114,0.9265100973921713
bidir,mean_frame,Last third,extrapolation,8.345562796415525,0.9270275185210831
bidir,mean_frame,Last third,extrapolation,8.378281536799935,0.9275412966376199
bidir,mean_frame,Last third,extrapolation,8.411000277184346,0.928051457391177
bidir,mean_frame,Last third,extrapolation,8.443719017568755,0.92855802625056
bidir,mean_frame,Last third,extrapolation,8.476437757953166,0.929061028505256
bidir,mean_frame,Last third,extrapolation,8.509156498337576,0.929560489266696
bidir,mean_frame,Last third,extrapolation,8.541875238721985,0.9300564334695086
bidir,mean_frame,Last third,extrapolation,8.574593979106396,0.9305488858727654
bidir,mean_frame,Last third,extrapolation,8.607312719490807,0.9310378710612159
bidir,mean_frame,Last third,extrapolation,8.640031459875216,0.9315234134465159
bidir,mean_frame,Last third,extrapolation,8.672750200259626,0.9320055372684456
bidir,mean_frame,Last third,extrapolation,8.705468940644037,0.9324842665961202
bidir,mean_frame,Last third,extrapolation,8.738187681028446,0.9329596253291909
bidir,mean_frame,Last third,extrapolation,8.770906421412857,0.9334316371990385
bidir,mean_frame,Last third,extrapolation,8.803625161797267,0.9339003257699582
bidir,mean_frame,Last third,extrapolation,8.836343902181678,0.9343657144403354
bidir,mean_frame,Last third,extrapolation,8.869062642566087,0.9348278264438148
bidir,mean_frame,Last third,extrapolation,8.901781382950498,0.9352866848504592
bidir,mean_frame,Last third,extrapolation,8.934500123334908,0.935742312567902
bidir,mean_frame,Last third,extrapolation,8.967218863719317,0.9361947323424907
bidir,mean_frame,Last third,extrapolation,8.999937604103728,0.9366439667604222
bidir,mean_frame,Last third,extrapolation,9.032656344488139,0.9370900382488705
bidir,mean_frame,Last third,extrapolation,9.065375084872548,0.9375329690771066
bidir,mean_frame,Last third,extrapolation,9.098093825256958,0.9379727813576095
bidir,mean_frame,Last third,extrapolation,9.130812565641369,0.9384094970471714
bidir,mean_frame,Last third,extrapolation,9.16353130602578,0.9388431379479923
bidir,mean_frame,Last third,extrapolation,9.196250046410189,0.9392737257087697
bidir,mean_frame,Last third,extrapolation,9.2289687867946,0.9397012818257788
bidir,mean_frame,Last third,extrapolation,9.26168752717901,0.9401258276439456
bidir,mean_frame,Last third,extrapolation,9.294406267563419,0.9405473843579129
bidir,mean_frame,Last third,extrapolation,9.32712500794783,0.9409659730130979
bidir,mean_frame,Last third,extrapolation,9.35984374833224,0.9413816145067434
bidir,mean_frame,Last third,extrapolation,9.39256248871665,0.9417943295889604
bidir,mean_frame,Last third,extrapolation,9.42528122910106,0.9422041388637646
bidir,mean_frame,Last third,extrapolation,9.45799996948547,0.9426110627901049
bidir,mean_frame,Last third,extrapolation,9.49071870986988,0.9430151216828844
bidir,mean_frame,Last third,extrapolation,9.52343745025429,0.9434163357139751
bidir,mean_frame,Last third,extrapolation,9.556156190638701,0.9438147249132244
bidir,mean_frame,Last third,extrapolation,9.588874931023112,0.9442103091694556
bidir,mean_frame,Last third,extrapolation,9.62159367140752,0.9446031082314604
bidir,mean_frame,Last third,extrapolation,9.654312411791931,0.9449931417089852
bidir,mean_frame,Last third,extrapolation,9.687031152176342,0.9453804290737094
bidir,mean_frame,Last third,extrapolation,9.71974989256075,0.9457649896602185
bidir,mean_frame,Last third,extrapolation,9.752468632945162,0.9461468426669684
bidir,mean_frame,Last third,extrapolation,9.785187373329572,0.9465260071572443
bidir,mean_frame,Last third,extrapolation,9.817906113713981,0.9469025020601124
bidir,mean_frame,Last third,extrapolation,9.850624854098392,0.9472763461713648
bidir,mean_frame,Last third,extrapolation,9.883343594482803,0.9476475581544579
bidir,mean_frame,Last third,extrapolation,9.916062334867213,0.948016156541444
bidir,mean_frame,Last third,extrapolation,9.948781075251622,0.9483821597338967
bidir,mean_frame,Last third,extrapolation,9.981499815636033,0.9487455860038294
bidir,mean_frame,Last third,extrapolation,10.014218556020444,0.9491064534946074
bidir,mean_frame,Last third,extrapolation,10.046937296404852,0.9494647802218542
bidir,mean_frame,Last third,extrapolation,10.079656036789263,0.9498205840743501
bidir,mean_frame,Last third,extrapolation,10.112374777173674,0.950173882814926
bidir,mean_frame,Last third,extrapolation,10.145093517558083,0.9505246940813494
bidir,mean_frame,Last third,extrapolation,10.177812257942493,0.9508730353872061
bidir,mean_frame,Last third,extrapolation,10.210530998326904,0.9512189241227731
bidir,mean_frame,Last third,extrapolation,10.243249738711313,0.9515623775558879
bidir,mean_frame,Last third,extrapolation,10.275968479095724,0.95190341283281
bidir,mean_frame,Last third,extrapolation,10.308687219480134,0.9522420469790771
bidir,mean_frame,Last third,extrapolation,10.341405959864545,0.952578296900355
bidir,mean_frame,Last third,extrapolation,10.374124700248954,0.9529121793832817
bidir,mean_frame,Last third,extrapolation,10.406843440633365,0.9532437110963051
bidir,mean_frame,Last third,extrapolation,10.439562181017775,0.9535729085905157
bidir,mean_frame,Last third,extrapolation,10.472280921402184,0.9538997883004723
bidir,mean_frame,Last third,extrapolation,10.504999661786595,0.954224366545023
bidir,mean_frame,Last third,extrapolation,10.537718402171006,0.9545466595281191
bidir,mean_frame,Last third,extrapolation,10.570437142555415,0.9548666833396253
bidir,mean_frame,Last third,extrapolation,10.603155882939825,0.9551844539561216
bidir,mean_frame,Last third,extrapolation,10.635874623324236,0.9554999872417019
bidir,mean_frame,Last third,extrapolation,10.668593363708645,0.9558132989487654
bidir,mean_frame,Last third,extrapolation,10.701312104093056,0.9561244047188033
bidir,mean_frame,Last third,extrapolation,10.734030844477466,0.9564333200831796
bidir,mean_frame,Last third,extrapolation,10.766749584861877,0.9567400604639065
bidir,mean_frame,Last third,extrapolation,10.799468325246286,0.957044641174414
bidir,mean_frame,Last third,extrapolation,10.832187065630697,0.9573470774203151
bidir,mean_frame,Last third,extrapolation,10.864905806015107,0.9576473843001642
bidir,mean_frame,Last third,extrapolation,10.897624546399516,0.9579455768062112
bidir,mean_frame,Last third,extrapolation,10.930343286783927,0.9582416698251499
bidir,mean_frame,Last third,extrapolation,10.963062027168338,0.9585356781388613
bidir,mean_frame,Last third,extrapolation,10.995780767552747,0.9588276164251514
bidir,mean_frame,Last third,extrapolation,11.028499507937157,0.959117499258484
bidir,mean_frame,Last third,extrapolation,11.061218248321568,0.9594053411107082
bidir,mean_frame,Last third,extrapolation,11.093936988705979,0.9596911563517811
bidir,mean_frame,Last third,extrapolation,11.126655729090388,0.9599749592504854
bidir,mean_frame,Last third,extrapolation,11.159374469474798,0.9602567639751408
bidir,mean_frame,Last third,extrapolation,11.192093209859209,0.9605365845943126
bidir,mean_frame,Last third,extrapolation,11.224811950243618,0.9608144350775129
bidir,mean_frame,Last third,extrapolation,11.257530690628029,0.9610903292958988
bidir,mean_frame,Last third,extrapolation,11.29024943101244,0.9613642810229645
bidir,mean_frame,Last third,extrapolation,11.322968171396848,0.9616363039352289
bidir,mean_frame,Last third,extrapolation,11.355686911781259,0.9619064116129189
bidir,mean_frame,Last third,extrapolation,11.38840565216567,0.9621746175406466
bidir,mean_frame,Last third,extrapolation,11.421124392550078,0.9624409351080828
bidir,mean_frame,Last third,extrapolation,11.45384313293449,0.9627053776106257
bidir,mean_frame,Last third,extrapolation,11.4865618733189,0.9629679582500643
bidir,mean_frame,Last third,extrapolation,11.51928061370331,0.9632286901352379
bidir,mean_frame,Last third,extrapolation,11.55199935408772,0.9634875862826899
bidir,mean_frame,Last third,extrapolation,11.58471809447213,0.9637446596173184
bidir,mean_frame,Last third,extrapolation,11.61743683485654,0.9639999229730204
bidir,mean_frame,Last third,extrapolation,11.65015557524095,0.9642533890933337
bidir,mean_frame,Last third,extrapolation,11.68287431562536,0.9645050706320725
bidir,mean_frame,Last third,extrapolation,11.715593056009771,0.9647549801539589
bidir,mean_frame,Last third,extrapolation,11.74831179639418,0.9650031301352505
bidir,mean_frame,Last third,extrapolation,11.78103053677859,0.9652495329643633
bidir,mean_frame,Last third,extrapolation,11.813749277163001,0.9654942009424902
bidir,mean_frame,Last third,extrapolation,11.846468017547412,0.9657371462842145
bidir,mean_frame,Last third,extrapolation,11.879186757931821,0.9659783811181204
bidir,mean_frame,Last third,extrapolation,11.911905498316232,0.9662179174873984
bidir,mean_frame,Last third,extrapolation,11.944624238700642,0.966455767350446
bidir,mean_frame,Last third,extrapolation,11.977342979085051,0.9666919425814657
bidir,mean_frame,Last third,extrapolation,12.010061719469462,0.9669264549710566
bidir,mean_frame,Last third,extrapolation,12.042780459853873,0.9671593162268036
bidir,mean_frame,Last third,extrapolation,12.075499200238282,0.9673905379738624
bidir,mean_frame,Last third,extrapolation,12.108217940622692,0.967620131755539
bidir,mean_frame,Last third,extrapolation,12.140936681007103,0.9678481090338662
bidir,mean_frame,Last third,extrapolation,12.173655421391512,0.9680744811901761
bidir,mean_frame,Last third,extrapolation,12.206374161775923,0.9682992595256684
bidir,mean_frame,Last third,extrapolation,12.239092902160333,0.9685224552619739
bidir,mean_frame,Last third,extrapolation,12.271811642544744,0.9687440795417153
bidir,mean_frame,Last third,extrapolation,12.304530382929153,0.9689641434290632
bidir,mean_frame,Last third,extrapolation,12.337249123313564,0.969182657910289
bidir,mean_frame,Last third,extrapolation,12.369967863697974,0.9693996338943124
bidir,mean_frame,Last third,extrapolation,12.402686604082383,0.969615082213247
bidir,mean_frame,Last third,extrapolation,12.435405344466794,0.9698290136229403
bidir,mean_frame,Last third,extrapolation,12.468124084851205,0.9700414388035111
bidir,mean_frame,Last third,extrapolation,12.500842825235614,0.9702523683598827
bidir,mean_frame,Last third,extrapolation,12.533561565620024,0.970461812822312
bidir,mean_frame,Last third,extrapolation,12.566280306004435,0.9706697826469157
bidir,mean_frame,Last third,extrapolation,12.598999046388846,0.9708762882161917
bidir,mean_frame,Last third,extrapolation,12.631717786773255,0.9710813398395377
bidir,mean_frame,Last third,extrapolation,12.664436527157665,0.9712849477537663
bidir,mean_frame,Last third,extrapolation,12.697155267542076,0.9714871221236154
bidir,mean_frame,Last third,extrapolation,12.729874007926485,0.9716878730422559
bidir,mean_frame,Last third,extrapolation,12.762592748310896,0.9718872105317957
bidir,mean_frame,Last third,extrapolation,12.795311488695306,0.97208514454378
bidir,mean_frame,Last third,extrapolation,12.828030229079715,0.9722816849596878
bidir,mean_frame,Last third,extrapolation,12.860748969464126,0.9724768415914258
bidir,mean_frame,Last third,extrapolation,12.893467709848537,0.9726706241818175
bidir,mean_frame,Last third,extrapolation,12.926186450232946,0.9728630424050905
bidir,mean_frame,Last third,extrapolation,12.958905190617356,0.9730541058673585
bidir,mean_frame,Last third,extrapolation,12.991623931001767,0.9732438241071016
bidir,mean_frame,Last third,extrapolation,13.024342671386178,0.9734322065956421
bidir,mean_frame,Last third,extrapolation,13.057061411770587,0.9736192627376177
bidir,mean_frame,Last third,extrapolation,13.089780152154997,0.9738050018714505
bidir,mean_frame,Last third,extrapolation,13.122498892539408,0.9739894332698134
bidir,mean_frame,Last third,extrapolation,13.155217632923817,0.9741725661400934
bidir,mean_frame,Last third,extrapolation,13.187936373308228,0.9743544096248508
bidir,mean_frame,Last third,extrapolation,13.220655113692638,0.9745349728022757
bidir,mean_frame,Last third,extrapolation,13.253373854077047,0.9747142646866415
bidir,mean_frame,Last third,extrapolation,13.286092594461458,0.9748922942287546
bidir,mean_frame,Last third,extrapolation,13.318811334845869,0.9750690703164012
bidir,mean_frame,Last third,extrapolation,13.35153007523028,0.9752446017747914
bidir,mean_frame,Last third,extrapolation,13.384248815614688,0.9754188973669996
bidir,mean_frame,Last third,extrapolation,13.416967555999099,0.9755919657944015
bidir,mean_frame,Last third,extrapolation,13.44968629638351,0.9757638156971097
bidir,mean_frame,Last third,extrapolation,13.482405036767918,0.9759344556544033
bidir,mean_frame,Last third,extrapolation,13.51512377715233,0.976103894185158
bidir,mean_frame,Last third,extrapolation,13.54784251753674,0.9762721397482702
bidir,mean_frame,Last third,extrapolation,13.580561257921149,0.9764392007430797
bidir,mean_frame,Last third,extrapolation,13.61327999830556,0.9766050855097888
bidir,mean_frame,Last third,extrapolation,13.64599873868997,0.9767698023298793
bidir,mean_frame,Last third,extrapolation,13.678717479074379,0.976933359426525
bidir,mean_frame,Last third,extrapolation,13.71143621945879,0.9770957649650033
bidir,mean_frame,Last third,extrapolation,13.7441549598432,0.9772570270531014
bidir,mean_frame,Last third,extrapolation,13.776873700227611,0.9774171537415227
bidir,mean_frame,Last third,extrapolation,13.80959244061202,0.9775761530242876
bidir,mean_frame,Last third,extrapolation,13.84231118099643,0.9777340328391328
bidir,mean_frame,Last third,extrapolation,13.875029921380841,0.9778908010679079
bidir,mean_frame,Last third,extrapolation,13.90774866176525,0.9780464655369688
bidir,mean_frame,Last third,extrapolation,13.940467402149661,0.9782010340175679
bidir,mean_frame,Last third,extrapolation,13.973186142534072,0.9783545142262428
bidir,mean_frame,Last third,extrapolation,14.00590488291848,0.9785069138252008
bidir,mean_frame,Last third,extrapolation,14.038623623302891,0.9786582404227023
bidir,mean_frame,Last third,extrapolation,14.071342363687302,0.97880850157344
bidir,mean_frame,Last third,extrapolation,14.104061104071713,0.978957704778916
bidir,mean_frame,Last third,extrapolation,14.136779844456122,0.9791058574878165
bidir,mean_frame,Last third,extrapolation,14.169498584840532,0.979252967096384
bidir,mean_frame,Last third,extrapolation,14.202217325224943,0.9793990409487858
bidir,mean_frame,Last third,extrapolation,14.234936065609352,0.9795440863374814
bidir,mean_frame,Last third,extrapolation,14.267654805993763,0.9796881105035856
bidir,mean_frame,Last third,extrapolation,14.300373546378173,0.9798311206372315
bidir,mean_frame,Last third,extrapolation,14.333092286762582,0.9799731238779279
bidir,mean_frame,Last third,extrapolation,14.365811027146993,0.9801141273149164
bidir,mean_frame,Last third,extrapolation,14.398529767531404,0.9802541379875257
bidir,mean_frame,Last third,extrapolation,14.431248507915813,0.9803931628855224
bidir,mean_frame,Last third,extrapolation,14.463967248300223,0.9805312089494599
bidir,mean_frame,Last third,extrapolation,14.496685988684634,0.9806682830710256
bidir,mean_frame,Last third,extrapolation,14.529404729069045,0.9808043920933843
bidir,mean_frame,Last third,extrapolation,14.562123469453454,0.9809395428115203
bidir,mean_frame,Last third,extrapolation,14.594842209837864,0.981073741972576
bidir,mean_frame,Last third,extrapolation,14.627560950222275,0.9812069962761896
bidir,mean_frame,Last third,extrapolation,14.660279690606684,0.9813393123748284
bidir,mean_frame,Last third,extrapolation,14.692998430991095,0.9814706968741223
bidir,mean_frame,Last third,extrapolation,14.725717171375505,0.9816011563331926
bidir,mean_frame,Last third,extrapolation,14.758435911759914,0.9817306972649795
bidir,mean_frame,Last third,extrapolation,14.791154652144325,0.9818593261365679
bidir,mean_frame,Last third,extrapolation,14.823873392528736,0.9819870493695095
bidir,mean_frame,Last third,extrapolation,14.856592132913146,0.982113873340144
bidir,mean_frame,Last third,extrapolation,14.889310873297557,0.9822398043799168
